-- Hospital Management System Database Backup
-- Created: 2025-10-18T20:31:00.076Z
-- Backup ID: BACKUP-2025-004

-- Table: users
DELETE FROM users;
INSERT INTO users (id, username, password, full_name, roles, primary_role, role, is_active, created_at, updated_at) VALUES ('admin-user-id', 'root', '$2b$10$9Rubi44BWNBKz.Xp7Bh3qeZOcoO/VE4/nSAvnrjjva9WAMe8d6ix6', 'Root', '["super_user"]', 'super_user', 'admin', 1, '2025-08-22T19:55:11.898Z', '2025-10-18T15:40:50.159Z');
INSERT INTO users (id, username, password, full_name, roles, primary_role, role, is_active, created_at, updated_at) VALUES ('doctor-user-id', 'doctor_deleted_1760781042470', '$2b$10$yfLuqpIpaM5jw.Plx3IvUeRxAaolprsVqWihN85G22r0RqkHls19K', 'Dr. John Smith', '["doctor","billing_staff"]', 'doctor', '', 0, '2025-10-10T20:51:07.316Z', '2025-10-18T09:50:42.470Z');
INSERT INTO users (id, username, password, full_name, roles, primary_role, role, is_active, created_at, updated_at) VALUES ('405008cb8e2da0e54de8a7d6e277763d', 'mnnsi_deleted_1760691009177', '$2b$10$VB11CCaB02RnbXDcM3OYOO7iVgGilFUizrCQWk22maShBVcbFDI6G', 'Manan Singh', '["super_user"]', 'super_user', '', 0, '2025-10-16 20:52:43', '2025-10-17T08:50:09.177Z');
INSERT INTO users (id, username, password, full_name, roles, primary_role, role, is_active, created_at, updated_at) VALUES ('a6855f4032558923f894f4ac971e291a', 'baka_deleted_1760689709859', '$2b$10$La.EaDX/IH9PcVqWflAmAu.gTDqNn6YOhTgRAzqisoyLA.oOudqwm', 'baka', '["admin"]', 'admin', '', 0, '2025-10-17 08:26:51', '2025-10-17T08:28:29.859Z');
INSERT INTO users (id, username, password, full_name, roles, primary_role, role, is_active, created_at, updated_at) VALUES ('26c1dc7962bcbc5713c0288dbbb03032', 'baka_deleted_1760690041139', '$2b$10$rX2SbTAEBex6TtDMniuHAO81lDXMHFfnGHmG2ZjTLzNX2cVpElKVm', 'baka', '["admin"]', 'admin', '', 0, '2025-10-17 08:29:03', '2025-10-17T08:34:01.139Z');
INSERT INTO users (id, username, password, full_name, roles, primary_role, role, is_active, created_at, updated_at) VALUES ('81c749fdd918cccf22b466eb0644e017', 'baka_deleted_1760690423731', '$2b$10$wIBGUbbs9xfUTsLWCC7d4uzfjUqh5xHwzrBP4IZ3cHMBfgv5.GNza', 'baka', '["admin"]', 'admin', '', 0, '2025-10-17 08:39:54', '2025-10-17T08:40:23.732Z');
INSERT INTO users (id, username, password, full_name, roles, primary_role, role, is_active, created_at, updated_at) VALUES ('ed3affa26a33bce66a325ef24824ea11', 'baka_deleted_1760690641897', '$2b$10$ED8WBLrKEWJWFkw2rB6lK.xb3dZoQekXDjyZjDBvWRqblOm1ii/Iq', 'baka', '["admin"]', 'admin', '', 0, '2025-10-17 08:43:51', '2025-10-17T08:44:01.897Z');
INSERT INTO users (id, username, password, full_name, roles, primary_role, role, is_active, created_at, updated_at) VALUES ('131aa1eea242789ce7078dfb54b7d79d', 'baka_deleted_1760690758883', '$2b$10$ltJXD/ECaaE9Rxe40g.aMu0GFoB1SrtTLX/COvFKFNufk8U1PoD06', 'baka', '["admin"]', 'admin', '', 0, '2025-10-17 08:45:52', '2025-10-17T08:45:58.883Z');
INSERT INTO users (id, username, password, full_name, roles, primary_role, role, is_active, created_at, updated_at) VALUES ('599a745db6d65ca27b4a658192ea9585', 'baka_deleted_1760691053140', '$2b$10$BIT5ck9mfnyDAdJoULuRaOLnKdaTmURgnuIGVnr5ycDxrCa3sE55u', 'baka', '["admin"]', 'admin', '', 0, '2025-10-17 08:50:23', '2025-10-17T08:50:53.140Z');
INSERT INTO users (id, username, password, full_name, roles, primary_role, role, is_active, created_at, updated_at) VALUES ('c298df9f57fa3005f34170106c8b6164', 'bakame_deleted_1760710934184', '$2b$10$yd7lshQ/Svmnd1jdk/B47uGbGWbeHVh5nJQUwKSAQsF9W5kC/dFtq', 'bakame', '["admin"]', 'admin', '', 0, '2025-10-17 14:05:27', '2025-10-17T14:22:14.184Z');
INSERT INTO users (id, username, password, full_name, roles, primary_role, role, is_active, created_at, updated_at) VALUES ('768a2830bcc1a10f23ee87d0b63a0aef', 'baka_deleted_1760718692667', '$2b$10$01FaqkRJQOHSKtx9NVFAeuUU.f3S.K5SCUHpg7CxXt1Yc7HSv5bC.', 'baka', '["admin"]', 'admin', '', 0, '2025-10-17 14:22:26', '2025-10-17T16:31:32.667Z');
INSERT INTO users (id, username, password, full_name, roles, primary_role, role, is_active, created_at, updated_at) VALUES ('4e7b3907b8c63f49f2d2387a98c33034', 'bakame_deleted_1760726781386', '$2b$10$CabwK.lEB6R.mhQM/XmLXeKSw.lUCSm6/7N1E7GcOn5FN2Hi8e0YG', 'baka', '["admin"]', 'admin', '', 0, '2025-10-17 18:46:04', '2025-10-17T18:46:21.386Z');
INSERT INTO users (id, username, password, full_name, roles, primary_role, role, is_active, created_at, updated_at) VALUES ('9db4aeb1a29bc2a7f5281670b68a3528', 'bakano', '$2b$10$..IMiMu0xdy9WSED557m5O.UAVZGJP29pJok6sbEMG1NWDA0sxrRO', 'bakano', '["admin"]', 'admin', '', 1, '2025-10-18 15:25:46', '2025-10-18T15:40:06.910Z');
INSERT INTO users (id, username, password, full_name, roles, primary_role, role, is_active, created_at, updated_at) VALUES ('87cfdf94eb62b98b253c330a973c7c85', 'dfh_deleted_1760801879927', '$2b$10$d8UrFlcQ0df76JCH1w6qOuy4Aw9whEHM1Yd3R2jABYwA.6B4WsCai', 'dfh', '["receptionist"]', 'receptionist', '', 0, '2025-10-18 15:31:38', '2025-10-18T15:37:59.927Z');
INSERT INTO users (id, username, password, full_name, roles, primary_role, role, is_active, created_at, updated_at) VALUES ('02e36556cd59ace80334e205b24510a6', 'username', '$2b$10$S4QxrcOmJ2CmkFUqCS536u1RBDgex.KwCfJXmUAumu2HsmQbqlI6S', 'new user', '["admin"]', 'admin', '', 1, '2025-10-18 19:28:11', '2025-10-18 19:28:11');

-- Table: doctors
DELETE FROM doctors;
INSERT INTO doctors (id, user_id, name, specialization, qualification, consultation_fee, is_active, created_at, updated_at) VALUES ('doctor-profile-id', 'doctor-user-id', 'Dr. John Smith', 'General Medicine', 'MBBS, MD', 500, 1, '2025-10-10T20:51:07.489Z', '2025-10-18T09:51:04.489Z');
INSERT INTO doctors (id, user_id, name, specialization, qualification, consultation_fee, is_active, created_at, updated_at) VALUES ('9903893a8fa96e4d41c6059960bf6113', NULL, 'Dr. New Doctor', '', '', 0, 1, '2025-10-18 19:28:38', '2025-10-18T19:29:01.212Z');

-- Table: patients
DELETE FROM patients;
INSERT INTO patients (id, patient_id, name, age, gender, phone, address, email, emergency_contact, is_active, created_at, updated_at) VALUES ('4f3bd5cd206e7ad6f3e31bec105daed0', 'PAT-2025-001', 'Manan Singh', 24, 'male', '7441143536', 'Hno 170 Napier Town', 'msingh0761@gmail.com', '9826325958', 1, '2025-10-16 20:54:39', '2025-10-16 20:54:39');
INSERT INTO patients (id, patient_id, name, age, gender, phone, address, email, emergency_contact, is_active, created_at, updated_at) VALUES ('f18c8e3cf8ed50f987c9b6e2442e457c', 'PAT-2025-002', 'fgfgfg', 12, 'male', '2343242342', '', '', '', 1, '2025-10-16 22:43:54', '2025-10-16 22:43:54');
INSERT INTO patients (id, patient_id, name, age, gender, phone, address, email, emergency_contact, is_active, created_at, updated_at) VALUES ('0d17040014b02e7360a35e1d752736fc', 'PAT-2025-003', 'newpatient', 32, 'male', '2344245243', '', '', '', 1, '2025-10-17 14:33:50', '2025-10-17 14:33:50');
INSERT INTO patients (id, patient_id, name, age, gender, phone, address, email, emergency_contact, is_active, created_at, updated_at) VALUES ('b24c82a6a861fe5b25c7beaac92be30a', 'PAT-2025-004', 'check manan', 43, 'male', '7623478', '', '', '', 1, '2025-10-18 09:54:36', '2025-10-18 09:54:36');
INSERT INTO patients (id, patient_id, name, age, gender, phone, address, email, emergency_contact, is_active, created_at, updated_at) VALUES ('68e8f00522ae930d130c3bc4b945811d', 'PAT-2025-005', 'check again', 21, 'male', '8734912', '', '', '', 1, '2025-10-18 09:59:42', '2025-10-18T11:33:33.618Z');
INSERT INTO patients (id, patient_id, name, age, gender, phone, address, email, emergency_contact, is_active, created_at, updated_at) VALUES ('b1f22d617aa2ca11bd494d14fefac553', 'PAT-2025-006', 'checkpat', 87, 'male', '87987979', '', '', '', 1, '2025-10-18 15:28:59', '2025-10-18 15:28:59');
INSERT INTO patients (id, patient_id, name, age, gender, phone, address, email, emergency_contact, is_active, created_at, updated_at) VALUES ('846da4eda4beed4f59357a26b3685b0c', 'PAT-2025-007', 'hehe', 34, 'male', '432323242', '', '', '', 1, '2025-10-18 15:34:33', '2025-10-18 15:34:33');

-- Table: patient_visits
DELETE FROM patient_visits;
INSERT INTO patient_visits (id, visit_id, patient_id, doctor_id, visit_type, visit_date, symptoms, diagnosis, prescription, status, admission_date, discharge_date, room_number, created_at, updated_at, scheduled_date, scheduled_time, consultation_fee) VALUES ('7gyoy68bf2smgtwfauw', 'VIS-251016-0001', '4f3bd5cd206e7ad6f3e31bec105daed0', 'doctor-profile-id', 'opd', '2025-10-17', 'Stomach Ache from last 7 days', NULL, NULL, 'scheduled', NULL, NULL, NULL, '2025-10-16 20:55:08', '2025-10-16 20:55:08', '2025-10-17', '02:24', 500);
INSERT INTO patient_visits (id, visit_id, patient_id, doctor_id, visit_type, visit_date, symptoms, diagnosis, prescription, status, admission_date, discharge_date, room_number, created_at, updated_at, scheduled_date, scheduled_time, consultation_fee) VALUES ('z4itbk1e0csmgu0pni0', 'VIS-251016-0002', 'f18c8e3cf8ed50f987c9b6e2442e457c', 'doctor-profile-id', 'opd', '2025-10-17', NULL, NULL, NULL, 'scheduled', NULL, NULL, NULL, '2025-10-16 22:55:09', '2025-10-16 22:55:09', '2025-10-17', '04:25', 500);
INSERT INTO patient_visits (id, visit_id, patient_id, doctor_id, visit_type, visit_date, symptoms, diagnosis, prescription, status, admission_date, discharge_date, room_number, created_at, updated_at, scheduled_date, scheduled_time, consultation_fee) VALUES ('upu7a0k6avmguydf9n', 'VIS-251017-0003', '0d17040014b02e7360a35e1d752736fc', 'doctor-profile-id', 'opd', '2025-10-17', NULL, NULL, NULL, 'scheduled', NULL, NULL, NULL, '2025-10-17 14:37:26', '2025-10-17 14:37:26', '2025-10-17', '20:07', 500);
INSERT INTO patient_visits (id, visit_id, patient_id, doctor_id, visit_type, visit_date, symptoms, diagnosis, prescription, status, admission_date, discharge_date, room_number, created_at, updated_at, scheduled_date, scheduled_time, consultation_fee) VALUES ('yjwtienpbmgw63fo4', 'VIS-251018-0004', '68e8f00522ae930d130c3bc4b945811d', 'doctor-profile-id', 'opd', '2025-10-18', NULL, NULL, NULL, 'scheduled', NULL, NULL, NULL, '2025-10-18 11:01:23', '2025-10-18 11:01:23', '2025-10-18', '16:31', 500);
INSERT INTO patient_visits (id, visit_id, patient_id, doctor_id, visit_type, visit_date, symptoms, diagnosis, prescription, status, admission_date, discharge_date, room_number, created_at, updated_at, scheduled_date, scheduled_time, consultation_fee) VALUES ('cn0y7lj1k4fmgwfnqyt', 'VIS-251018-0005', 'b1f22d617aa2ca11bd494d14fefac553', 'doctor-profile-id', 'opd', '2025-10-18', NULL, NULL, NULL, 'scheduled', NULL, NULL, NULL, '2025-10-18 15:29:07', '2025-10-18 15:29:07', '2025-10-18', '20:59', 500);

-- Table: services
DELETE FROM services;
INSERT INTO services (id, name, category, price, description, is_active, created_at, updated_at, billing_type, billing_parameters) VALUES ('36a60a967f4d39fbc3d10c9ae8653d5d', 'Nebulization', 'procedures', 50, '', 1, '2025-10-11 07:07:54', '2025-10-11 07:07:54', 'per_instance', NULL);
INSERT INTO services (id, name, category, price, description, is_active, created_at, updated_at, billing_type, billing_parameters) VALUES ('3a15cf1534e68668dcffbc1192ca2858', 'Nursing Charges', 'admissions', 200, '', 1, '2025-10-11 07:47:34', '2025-10-11 07:47:34', 'per_date', NULL);
INSERT INTO services (id, name, category, price, description, is_active, created_at, updated_at, billing_type, billing_parameters) VALUES ('2842d0755a6747f6ca082d5228a73e05', 'RMO Visit', 'admissions', 200, '', 1, '2025-10-11 07:48:14', '2025-10-11 07:48:14', 'per_date', NULL);
INSERT INTO services (id, name, category, price, description, is_active, created_at, updated_at, billing_type, billing_parameters) VALUES ('ec6dd6a41f39e5cbe44de85f7f6c90c0', 'Doctor Visit', 'admissions', 300, '', 1, '2025-10-11 07:48:44', '2025-10-11 07:48:44', 'per_date', NULL);
INSERT INTO services (id, name, category, price, description, is_active, created_at, updated_at, billing_type, billing_parameters) VALUES ('ef54c48515dbdcc30b91ea9ac29f866a', 'Bed Charges', 'admissions', 0, '', 1, '2025-10-11 07:49:45', '2025-10-11 07:49:45', 'per_24_hours', NULL);
INSERT INTO services (id, name, category, price, description, is_active, created_at, updated_at, billing_type, billing_parameters) VALUES ('d29507dd1f8c14e1f7e8c0ba819a495b', 'Enema', 'procedures', 100, '', 1, '2025-10-16 23:21:39', '2025-10-16 23:21:39', 'per_instance', NULL);
INSERT INTO services (id, name, category, price, description, is_active, created_at, updated_at, billing_type, billing_parameters) VALUES ('08896fadb831f20f05af7439b3c9678e', 'ECG', 'diagnostics', 200, '', 1, '2025-10-16 23:22:10', '2025-10-16 23:22:10', 'per_instance', NULL);
INSERT INTO services (id, name, category, price, description, is_active, created_at, updated_at, billing_type, billing_parameters) VALUES ('fe9c61ebd3fb18c4ad5e5583ff646867', 'X-Ray 1', 'diagnostics', 500, '', 1, '2025-10-16 23:22:52', '2025-10-16 23:22:52', 'per_instance', NULL);
INSERT INTO services (id, name, category, price, description, is_active, created_at, updated_at, billing_type, billing_parameters) VALUES ('73e51e15c93834951cdef45490905272', 'X-Ray 2', 'diagnostics', 800, '', 1, '2025-10-16 23:23:00', '2025-10-16 23:23:00', 'per_instance', NULL);

-- Table: pathology_orders
DELETE FROM pathology_orders;
INSERT INTO pathology_orders (id, order_id, patient_id, visit_id, doctor_id, status, ordered_date, collected_date, report_date, remarks, total_price, created_at, updated_at, receipt_number) VALUES ('74a1dfb4d532886c7b0d466dc288ead9', 'LAB-2025-001', '4f3bd5cd206e7ad6f3e31bec105daed0', NULL, 'doctor-profile-id', 'ordered', '2025-10-17T02:25', NULL, NULL, '', 860, '2025-10-16 20:55:38', '2025-10-16 20:55:38', '251017-PAT-0001');
INSERT INTO pathology_orders (id, order_id, patient_id, visit_id, doctor_id, status, ordered_date, collected_date, report_date, remarks, total_price, created_at, updated_at, receipt_number) VALUES ('3e64277e2b0586892fae29458f6fa2a7', 'LAB-2025-002', 'f18c8e3cf8ed50f987c9b6e2442e457c', NULL, 'doctor-profile-id', 'ordered', '2025-10-17T04:25', NULL, NULL, '', 850, '2025-10-16 22:55:37', '2025-10-16 22:55:37', '251017-PAT-0001');
INSERT INTO pathology_orders (id, order_id, patient_id, visit_id, doctor_id, status, ordered_date, collected_date, report_date, remarks, total_price, created_at, updated_at, receipt_number) VALUES ('e2b18f2e649a4aaa85f75afd246090d3', 'LAB-2025-003', '0d17040014b02e7360a35e1d752736fc', NULL, 'doctor-profile-id', 'ordered', '2025-10-17T20:57', NULL, NULL, '', 850, '2025-10-17 15:27:54', '2025-10-17 15:27:54', '251017-PAT-0001');
INSERT INTO pathology_orders (id, order_id, patient_id, visit_id, doctor_id, status, ordered_date, collected_date, report_date, remarks, total_price, created_at, updated_at, receipt_number) VALUES ('ccf0fe62c67d3ca8163f589d25dfb7e8', 'LAB-2025-004', '68e8f00522ae930d130c3bc4b945811d', NULL, 'doctor-profile-id', 'ordered', '2025-10-18T16:31', NULL, NULL, '', 700, '2025-10-18 11:01:30', '2025-10-18 11:01:30', '251018-PAT-0001');

-- Table: pathology_tests
DELETE FROM pathology_tests;
INSERT INTO pathology_tests (id, order_id, test_name, test_category, status, results, normal_range, price, created_at, updated_at) VALUES ('78dd296bd3ec1b845f57f68175eafa12', '74a1dfb4d532886c7b0d466dc288ead9', 'CBC (Complete Blood Count)', 'Hematology', 'ordered', NULL, NULL, 300, '2025-10-16 20:55:38', '2025-10-16 20:55:38');
INSERT INTO pathology_tests (id, order_id, test_name, test_category, status, results, normal_range, price, created_at, updated_at) VALUES ('e27a9a7e03a67c4ef3d296f2c3e6d827', '74a1dfb4d532886c7b0d466dc288ead9', 'LFT (Liver Function Test)', 'Biochemistry', 'ordered', NULL, NULL, 500, '2025-10-16 20:55:38', '2025-10-16 20:55:38');
INSERT INTO pathology_tests (id, order_id, test_name, test_category, status, results, normal_range, price, created_at, updated_at) VALUES ('5ddb709a94a6c2b91592ae39ad861b6d', '74a1dfb4d532886c7b0d466dc288ead9', 'RBS (Random Blood Sugar)', 'Endocrinology', 'ordered', NULL, NULL, 60, '2025-10-16 20:55:38', '2025-10-16 20:55:38');
INSERT INTO pathology_tests (id, order_id, test_name, test_category, status, results, normal_range, price, created_at, updated_at) VALUES ('fa5cd5b91216b37281a5811a412edc48', '3e64277e2b0586892fae29458f6fa2a7', 'Amylase', 'Biochemistry', 'ordered', NULL, NULL, 700, '2025-10-16 22:55:37', '2025-10-16 22:55:37');
INSERT INTO pathology_tests (id, order_id, test_name, test_category, status, results, normal_range, price, created_at, updated_at) VALUES ('745a8dcdc5071e50cafec7ce89e285c5', '3e64277e2b0586892fae29458f6fa2a7', 'Bilirubin', 'Biochemistry', 'ordered', NULL, NULL, 150, '2025-10-16 22:55:37', '2025-10-16 22:55:37');
INSERT INTO pathology_tests (id, order_id, test_name, test_category, status, results, normal_range, price, created_at, updated_at) VALUES ('e1dce4faa43206e2dbad2e32d3d430c4', 'e2b18f2e649a4aaa85f75afd246090d3', 'Amylase', 'Biochemistry', 'ordered', NULL, NULL, 700, '2025-10-17 15:27:54', '2025-10-17 15:27:54');
INSERT INTO pathology_tests (id, order_id, test_name, test_category, status, results, normal_range, price, created_at, updated_at) VALUES ('bbadc7e024e7ca0b0df642cce9948bce', 'e2b18f2e649a4aaa85f75afd246090d3', 'Bilirubin', 'Biochemistry', 'ordered', NULL, NULL, 150, '2025-10-17 15:27:54', '2025-10-17 15:27:54');
INSERT INTO pathology_tests (id, order_id, test_name, test_category, status, results, normal_range, price, created_at, updated_at) VALUES ('6fbeaaaabdce1d9af00ae5f5c34fc941', 'ccf0fe62c67d3ca8163f589d25dfb7e8', 'Amylase', 'Biochemistry', 'ordered', NULL, NULL, 700, '2025-10-18 11:01:30', '2025-10-18 11:01:30');

-- Table: patient_services
DELETE FROM patient_services;
INSERT INTO patient_services (id, service_id, patient_id, visit_id, doctor_id, service_type, service_name, status, scheduled_date, scheduled_time, completed_date, notes, price, created_at, updated_at, receipt_number, billing_type, billing_quantity, billing_parameters, calculated_amount, order_id) VALUES ('cce281e3ec946b2b2b48e2033b386334', '36a60a967f4d39fbc3d10c9ae8653d5d', '4f3bd5cd206e7ad6f3e31bec105daed0', NULL, NULL, 'procedure', 'Nebulization', 'scheduled', '2025-10-17', '02:25', NULL, '', 50, '2025-10-16 20:56:04', '2025-10-16 20:56:04', '251017-SRV-0001', 'per_instance', 1, NULL, 0, 'SER-2025-001');
INSERT INTO patient_services (id, service_id, patient_id, visit_id, doctor_id, service_type, service_name, status, scheduled_date, scheduled_time, completed_date, notes, price, created_at, updated_at, receipt_number, billing_type, billing_quantity, billing_parameters, calculated_amount, order_id) VALUES ('755e958efce806a2a309f69d6245acad', 'ef54c48515dbdcc30b91ea9ac29f866a', '4f3bd5cd206e7ad6f3e31bec105daed0', NULL, 'doctor-profile-id', 'admission', 'Bed Charges', 'scheduled', '2025-10-17', '02:27', NULL, 'Admission service - Bed Charges', 500, '2025-10-16 20:57:32', '2025-10-16 20:57:32', '251017-SRV-0001', 'per_24_hours', 1, NULL, 500, 'SER-2025-002');
INSERT INTO patient_services (id, service_id, patient_id, visit_id, doctor_id, service_type, service_name, status, scheduled_date, scheduled_time, completed_date, notes, price, created_at, updated_at, receipt_number, billing_type, billing_quantity, billing_parameters, calculated_amount, order_id) VALUES ('f9566acd51b37e35945a5c22e0cc74e7', 'ec6dd6a41f39e5cbe44de85f7f6c90c0', '4f3bd5cd206e7ad6f3e31bec105daed0', NULL, 'doctor-profile-id', 'admission', 'Doctor Visit', 'scheduled', '2025-10-17', '02:27', NULL, 'Admission service - Doctor Visit', 300, '2025-10-16 20:57:32', '2025-10-16 20:57:32', '251017-SRV-0001', 'per_date', 1, NULL, 300, 'SER-2025-002');
INSERT INTO patient_services (id, service_id, patient_id, visit_id, doctor_id, service_type, service_name, status, scheduled_date, scheduled_time, completed_date, notes, price, created_at, updated_at, receipt_number, billing_type, billing_quantity, billing_parameters, calculated_amount, order_id) VALUES ('8dd6cea13035c9bb0344679d956b25fc', '3a15cf1534e68668dcffbc1192ca2858', '4f3bd5cd206e7ad6f3e31bec105daed0', NULL, 'doctor-profile-id', 'admission', 'Nursing Charges', 'scheduled', '2025-10-17', '02:27', NULL, 'Admission service - Nursing Charges', 200, '2025-10-16 20:57:32', '2025-10-16 20:57:32', '251017-SRV-0001', 'per_date', 1, NULL, 200, 'SER-2025-002');
INSERT INTO patient_services (id, service_id, patient_id, visit_id, doctor_id, service_type, service_name, status, scheduled_date, scheduled_time, completed_date, notes, price, created_at, updated_at, receipt_number, billing_type, billing_quantity, billing_parameters, calculated_amount, order_id) VALUES ('ccc620bb1e3df2291189d52152b49911', '2842d0755a6747f6ca082d5228a73e05', '4f3bd5cd206e7ad6f3e31bec105daed0', NULL, 'doctor-profile-id', 'admission', 'RMO Visit', 'scheduled', '2025-10-17', '02:27', NULL, 'Admission service - RMO Visit', 200, '2025-10-16 20:57:32', '2025-10-16 20:57:32', '251017-SRV-0001', 'per_date', 1, NULL, 200, 'SER-2025-002');
INSERT INTO patient_services (id, service_id, patient_id, visit_id, doctor_id, service_type, service_name, status, scheduled_date, scheduled_time, completed_date, notes, price, created_at, updated_at, receipt_number, billing_type, billing_quantity, billing_parameters, calculated_amount, order_id) VALUES ('2e2acf6d7a5372a23fe0a1d778f8febe', '36a60a967f4d39fbc3d10c9ae8653d5d', 'f18c8e3cf8ed50f987c9b6e2442e457c', NULL, NULL, 'procedure', 'Nebulization', 'scheduled', '2025-10-17', '04:26', NULL, '', 50, '2025-10-16 22:56:32', '2025-10-16 22:56:32', '251017-SRV-0001', 'per_instance', 1, NULL, 0, 'SER-2025-003');
INSERT INTO patient_services (id, service_id, patient_id, visit_id, doctor_id, service_type, service_name, status, scheduled_date, scheduled_time, completed_date, notes, price, created_at, updated_at, receipt_number, billing_type, billing_quantity, billing_parameters, calculated_amount, order_id) VALUES ('2c3c104834295d7792831f3e8f62ce39', '36a60a967f4d39fbc3d10c9ae8653d5d', 'f18c8e3cf8ed50f987c9b6e2442e457c', NULL, NULL, 'procedure', 'Nebulization', 'scheduled', '2025-10-17', '04:50', NULL, '', 50, '2025-10-16 23:21:01', '2025-10-16 23:21:01', '251017-SRV-0001', 'per_instance', 1, NULL, 0, 'SER-2025-004');
INSERT INTO patient_services (id, service_id, patient_id, visit_id, doctor_id, service_type, service_name, status, scheduled_date, scheduled_time, completed_date, notes, price, created_at, updated_at, receipt_number, billing_type, billing_quantity, billing_parameters, calculated_amount, order_id) VALUES ('d9ab757e6a9bd4032328504f7802c1a5', '36a60a967f4d39fbc3d10c9ae8653d5d', 'f18c8e3cf8ed50f987c9b6e2442e457c', NULL, NULL, 'procedure', 'Nebulization', 'scheduled', '2025-10-17', '04:51', NULL, '', 50, '2025-10-16 23:21:17', '2025-10-16 23:21:17', '251017-SRV-0001', 'per_instance', 1, NULL, 0, 'SER-2025-005');
INSERT INTO patient_services (id, service_id, patient_id, visit_id, doctor_id, service_type, service_name, status, scheduled_date, scheduled_time, completed_date, notes, price, created_at, updated_at, receipt_number, billing_type, billing_quantity, billing_parameters, calculated_amount, order_id) VALUES ('04da0ddb8cc4845fded4e214962d3a55', '3a15cf1534e68668dcffbc1192ca2858', 'f18c8e3cf8ed50f987c9b6e2442e457c', NULL, NULL, 'service', 'Nursing Charges', 'scheduled', '2025-10-17', '04:51', NULL, '', 200, '2025-10-16 23:21:17', '2025-10-16 23:21:17', '251017-SRV-0001', 'per_date', 1, NULL, 0, 'SER-2025-005');
INSERT INTO patient_services (id, service_id, patient_id, visit_id, doctor_id, service_type, service_name, status, scheduled_date, scheduled_time, completed_date, notes, price, created_at, updated_at, receipt_number, billing_type, billing_quantity, billing_parameters, calculated_amount, order_id) VALUES ('21e5f9d6241d3270b2ca9224ac230b95', 'ef54c48515dbdcc30b91ea9ac29f866a', 'f18c8e3cf8ed50f987c9b6e2442e457c', NULL, 'doctor-profile-id', 'admission', 'Bed Charges', 'scheduled', '2025-10-17', '05:17', NULL, 'Admission service - Bed Charges', 500, '2025-10-17T10:47:00.000Z', '2025-10-17T10:47:00.000Z', NULL, 'per_24_hours', 1, NULL, 0, NULL);
INSERT INTO patient_services (id, service_id, patient_id, visit_id, doctor_id, service_type, service_name, status, scheduled_date, scheduled_time, completed_date, notes, price, created_at, updated_at, receipt_number, billing_type, billing_quantity, billing_parameters, calculated_amount, order_id) VALUES ('9e7fe4171f2fb03391a5a55c90f92131', 'ef54c48515dbdcc30b91ea9ac29f866a', 'f18c8e3cf8ed50f987c9b6e2442e457c', NULL, 'doctor-profile-id', 'admission', 'Bed Charges', 'scheduled', '2025-10-17', '05:36', NULL, 'Admission service - Bed Charges', 600, '2025-10-17 00:06:34', '2025-10-17 00:06:34', '251017-SRV-0001', 'per_24_hours', 1, NULL, 600, 'SER-2025-006');
INSERT INTO patient_services (id, service_id, patient_id, visit_id, doctor_id, service_type, service_name, status, scheduled_date, scheduled_time, completed_date, notes, price, created_at, updated_at, receipt_number, billing_type, billing_quantity, billing_parameters, calculated_amount, order_id) VALUES ('910ebe058695315149ec72a6d44de7bf', 'ec6dd6a41f39e5cbe44de85f7f6c90c0', 'f18c8e3cf8ed50f987c9b6e2442e457c', NULL, 'doctor-profile-id', 'admission', 'Doctor Visit', 'scheduled', '2025-10-17', '05:36', NULL, 'Admission service - Doctor Visit', 300, '2025-10-17 00:06:34', '2025-10-17 00:06:34', '251017-SRV-0001', 'per_date', 1, NULL, 300, 'SER-2025-006');
INSERT INTO patient_services (id, service_id, patient_id, visit_id, doctor_id, service_type, service_name, status, scheduled_date, scheduled_time, completed_date, notes, price, created_at, updated_at, receipt_number, billing_type, billing_quantity, billing_parameters, calculated_amount, order_id) VALUES ('71fe8375ea79dfce2fa3909760119e63', '3a15cf1534e68668dcffbc1192ca2858', 'f18c8e3cf8ed50f987c9b6e2442e457c', NULL, 'doctor-profile-id', 'admission', 'Nursing Charges', 'scheduled', '2025-10-17', '05:36', NULL, 'Admission service - Nursing Charges', 200, '2025-10-17 00:06:34', '2025-10-17 00:06:34', '251017-SRV-0001', 'per_date', 1, NULL, 200, 'SER-2025-006');
INSERT INTO patient_services (id, service_id, patient_id, visit_id, doctor_id, service_type, service_name, status, scheduled_date, scheduled_time, completed_date, notes, price, created_at, updated_at, receipt_number, billing_type, billing_quantity, billing_parameters, calculated_amount, order_id) VALUES ('adcaed07f556f8e9ac42da004389506a', '2842d0755a6747f6ca082d5228a73e05', 'f18c8e3cf8ed50f987c9b6e2442e457c', NULL, 'doctor-profile-id', 'admission', 'RMO Visit', 'scheduled', '2025-10-17', '05:36', NULL, 'Admission service - RMO Visit', 200, '2025-10-17 00:06:34', '2025-10-17 00:06:34', '251017-SRV-0001', 'per_date', 1, NULL, 200, 'SER-2025-006');
INSERT INTO patient_services (id, service_id, patient_id, visit_id, doctor_id, service_type, service_name, status, scheduled_date, scheduled_time, completed_date, notes, price, created_at, updated_at, receipt_number, billing_type, billing_quantity, billing_parameters, calculated_amount, order_id) VALUES ('347b8590e75277708e61928734016f8f', 'ec6dd6a41f39e5cbe44de85f7f6c90c0', 'f18c8e3cf8ed50f987c9b6e2442e457c', NULL, 'doctor-profile-id', 'admission', 'Doctor Visit', 'scheduled', '2025-10-17', '05:39', NULL, 'Admission service - Doctor Visit', 300, '2025-10-17T11:09:00.000Z', '2025-10-17T11:09:00.000Z', NULL, 'per_date', 1, NULL, 300, NULL);
INSERT INTO patient_services (id, service_id, patient_id, visit_id, doctor_id, service_type, service_name, status, scheduled_date, scheduled_time, completed_date, notes, price, created_at, updated_at, receipt_number, billing_type, billing_quantity, billing_parameters, calculated_amount, order_id) VALUES ('faa795ecb27e94059462a71cd22f8135', '08896fadb831f20f05af7439b3c9678e', '0d17040014b02e7360a35e1d752736fc', NULL, NULL, 'diagnostic', 'ECG', 'scheduled', '2025-10-17', '20:58', NULL, '', 200, '2025-10-17 15:29:04', '2025-10-17 15:29:04', '251017-SRV-0001', 'per_instance', 1, NULL, 0, 'SER-2025-007');
INSERT INTO patient_services (id, service_id, patient_id, visit_id, doctor_id, service_type, service_name, status, scheduled_date, scheduled_time, completed_date, notes, price, created_at, updated_at, receipt_number, billing_type, billing_quantity, billing_parameters, calculated_amount, order_id) VALUES ('1cff185b266ca8ee1d0b8b1c76c93529', '36a60a967f4d39fbc3d10c9ae8653d5d', '0d17040014b02e7360a35e1d752736fc', NULL, NULL, 'procedure', 'Nebulization', 'scheduled', '2025-10-17', '20:58', NULL, '', 50, '2025-10-17 15:29:04', '2025-10-17 15:29:04', '251017-SRV-0001', 'per_instance', 1, NULL, 0, 'SER-2025-007');
INSERT INTO patient_services (id, service_id, patient_id, visit_id, doctor_id, service_type, service_name, status, scheduled_date, scheduled_time, completed_date, notes, price, created_at, updated_at, receipt_number, billing_type, billing_quantity, billing_parameters, calculated_amount, order_id) VALUES ('dfc2ea48342c3853c06808b61783ffea', '08896fadb831f20f05af7439b3c9678e', '68e8f00522ae930d130c3bc4b945811d', NULL, NULL, 'diagnostic', 'ECG', 'scheduled', '2025-10-18', '16:31', NULL, '', 200, '2025-10-18 11:01:43', '2025-10-18 11:01:43', '251018-SRV-0001', 'per_instance', 1, NULL, 0, 'SER-2025-008');
INSERT INTO patient_services (id, service_id, patient_id, visit_id, doctor_id, service_type, service_name, status, scheduled_date, scheduled_time, completed_date, notes, price, created_at, updated_at, receipt_number, billing_type, billing_quantity, billing_parameters, calculated_amount, order_id) VALUES ('7fbfb1a4b7b9f4ef3d6121b02965d673', 'ef54c48515dbdcc30b91ea9ac29f866a', '68e8f00522ae930d130c3bc4b945811d', NULL, 'doctor-profile-id', 'admission', 'Bed Charges', 'scheduled', '2025-10-18', '16:33', NULL, 'Admission service - Bed Charges', 500, '2025-10-18 11:03:11', '2025-10-18 11:03:11', '251018-SRV-0001', 'per_24_hours', 1, NULL, 500, 'SER-2025-009');
INSERT INTO patient_services (id, service_id, patient_id, visit_id, doctor_id, service_type, service_name, status, scheduled_date, scheduled_time, completed_date, notes, price, created_at, updated_at, receipt_number, billing_type, billing_quantity, billing_parameters, calculated_amount, order_id) VALUES ('87fcc44c5f59011d16be1585656a17c0', 'ec6dd6a41f39e5cbe44de85f7f6c90c0', '68e8f00522ae930d130c3bc4b945811d', NULL, 'doctor-profile-id', 'admission', 'Doctor Visit', 'scheduled', '2025-10-18', '16:33', NULL, 'Admission service - Doctor Visit', 300, '2025-10-18 11:03:11', '2025-10-18 11:03:11', '251018-SRV-0001', 'per_date', 1, NULL, 300, 'SER-2025-009');
INSERT INTO patient_services (id, service_id, patient_id, visit_id, doctor_id, service_type, service_name, status, scheduled_date, scheduled_time, completed_date, notes, price, created_at, updated_at, receipt_number, billing_type, billing_quantity, billing_parameters, calculated_amount, order_id) VALUES ('4addce1451a8d954e573a1c2ff24bcdc', '3a15cf1534e68668dcffbc1192ca2858', '68e8f00522ae930d130c3bc4b945811d', NULL, 'doctor-profile-id', 'admission', 'Nursing Charges', 'scheduled', '2025-10-18', '16:33', NULL, 'Admission service - Nursing Charges', 200, '2025-10-18 11:03:11', '2025-10-18 11:03:11', '251018-SRV-0001', 'per_date', 1, NULL, 200, 'SER-2025-009');
INSERT INTO patient_services (id, service_id, patient_id, visit_id, doctor_id, service_type, service_name, status, scheduled_date, scheduled_time, completed_date, notes, price, created_at, updated_at, receipt_number, billing_type, billing_quantity, billing_parameters, calculated_amount, order_id) VALUES ('61d4294d4500cf3d66f086f29a87321b', '2842d0755a6747f6ca082d5228a73e05', '68e8f00522ae930d130c3bc4b945811d', NULL, 'doctor-profile-id', 'admission', 'RMO Visit', 'scheduled', '2025-10-18', '16:33', NULL, 'Admission service - RMO Visit', 200, '2025-10-18 11:03:11', '2025-10-18 11:03:11', '251018-SRV-0001', 'per_date', 1, NULL, 200, 'SER-2025-009');
INSERT INTO patient_services (id, service_id, patient_id, visit_id, doctor_id, service_type, service_name, status, scheduled_date, scheduled_time, completed_date, notes, price, created_at, updated_at, receipt_number, billing_type, billing_quantity, billing_parameters, calculated_amount, order_id) VALUES ('5516e2742882ec3ccb2ab4c2f2ad6cb2', 'ef54c48515dbdcc30b91ea9ac29f866a', '68e8f00522ae930d130c3bc4b945811d', NULL, 'doctor-profile-id', 'admission', 'Bed Charges', 'scheduled', '2025-10-18', '16:47', NULL, 'Admission service - Bed Charges', 500, '2025-10-18 11:18:07', '2025-10-18 11:18:07', '251018-SRV-0001', 'per_24_hours', 1, NULL, 500, 'SER-2025-010');
INSERT INTO patient_services (id, service_id, patient_id, visit_id, doctor_id, service_type, service_name, status, scheduled_date, scheduled_time, completed_date, notes, price, created_at, updated_at, receipt_number, billing_type, billing_quantity, billing_parameters, calculated_amount, order_id) VALUES ('0dd6772b5a6b2ef60388143648f0ca48', 'ec6dd6a41f39e5cbe44de85f7f6c90c0', '68e8f00522ae930d130c3bc4b945811d', NULL, 'doctor-profile-id', 'admission', 'Doctor Visit', 'scheduled', '2025-10-18', '16:47', NULL, 'Admission service - Doctor Visit', 300, '2025-10-18 11:18:07', '2025-10-18 11:18:07', '251018-SRV-0001', 'per_date', 1, NULL, 300, 'SER-2025-010');
INSERT INTO patient_services (id, service_id, patient_id, visit_id, doctor_id, service_type, service_name, status, scheduled_date, scheduled_time, completed_date, notes, price, created_at, updated_at, receipt_number, billing_type, billing_quantity, billing_parameters, calculated_amount, order_id) VALUES ('7f91626f5f99f236a0a5d5b5ba4db947', '3a15cf1534e68668dcffbc1192ca2858', '68e8f00522ae930d130c3bc4b945811d', NULL, 'doctor-profile-id', 'admission', 'Nursing Charges', 'scheduled', '2025-10-18', '16:47', NULL, 'Admission service - Nursing Charges', 200, '2025-10-18 11:18:07', '2025-10-18 11:18:07', '251018-SRV-0001', 'per_date', 1, NULL, 200, 'SER-2025-010');
INSERT INTO patient_services (id, service_id, patient_id, visit_id, doctor_id, service_type, service_name, status, scheduled_date, scheduled_time, completed_date, notes, price, created_at, updated_at, receipt_number, billing_type, billing_quantity, billing_parameters, calculated_amount, order_id) VALUES ('244e87e3e43c846260465456bb0791df', '2842d0755a6747f6ca082d5228a73e05', '68e8f00522ae930d130c3bc4b945811d', NULL, 'doctor-profile-id', 'admission', 'RMO Visit', 'scheduled', '2025-10-18', '16:47', NULL, 'Admission service - RMO Visit', 200, '2025-10-18 11:18:07', '2025-10-18 11:18:07', '251018-SRV-0001', 'per_date', 1, NULL, 200, 'SER-2025-010');

-- Table: admissions
DELETE FROM admissions;
INSERT INTO admissions (id, admission_id, patient_id, doctor_id, room_number, ward_type, admission_date, discharge_date, status, reason, diagnosis, notes, daily_cost, total_cost, initial_deposit, created_at, updated_at, additional_payments, current_room_id, current_ward_type, current_room_number, lastPaymentDate, total_discount, lastDiscountDate, lastDiscountAmount, lastDiscountReason, lastPaymentAmount, last_payment_date, last_discount_date, last_discount_amount, last_discount_reason, last_payment_amount) VALUES ('2fe41a39b5d41835e8ce4bb89b36d10a', 'ADM-2025-001', '4f3bd5cd206e7ad6f3e31bec105daed0', 'doctor-profile-id', NULL, NULL, '2025-10-17T02:27:00.000Z', NULL, 'admitted', '', '', '', 1200, 0, 2000, '2025-10-16 20:57:32', '2025-10-16 20:57:32', 0, NULL, 'Casualty', 'C-01', NULL, 0, NULL, 0, NULL, 0, NULL, NULL, 0, NULL, 0);
INSERT INTO admissions (id, admission_id, patient_id, doctor_id, room_number, ward_type, admission_date, discharge_date, status, reason, diagnosis, notes, daily_cost, total_cost, initial_deposit, created_at, updated_at, additional_payments, current_room_id, current_ward_type, current_room_number, lastPaymentDate, total_discount, lastDiscountDate, lastDiscountAmount, lastDiscountReason, lastPaymentAmount, last_payment_date, last_discount_date, last_discount_amount, last_discount_reason, last_payment_amount) VALUES ('3cdbd46a187167bc2ebf59bdae935dac', 'ADM-2025-002', 'f18c8e3cf8ed50f987c9b6e2442e457c', 'doctor-profile-id', NULL, NULL, '2025-10-17T05:17:00.000Z', '2025-10-17T05:35:00.000Z', 'discharged', '', '', '', 500, 500, 0, '2025-10-16 23:47:09', '2025-10-17T00:05:29.186Z', 0, NULL, 'Casualty', 'C-02', NULL, 0, NULL, 0, NULL, 0, NULL, NULL, 0, NULL, 0);
INSERT INTO admissions (id, admission_id, patient_id, doctor_id, room_number, ward_type, admission_date, discharge_date, status, reason, diagnosis, notes, daily_cost, total_cost, initial_deposit, created_at, updated_at, additional_payments, current_room_id, current_ward_type, current_room_number, lastPaymentDate, total_discount, lastDiscountDate, lastDiscountAmount, lastDiscountReason, lastPaymentAmount, last_payment_date, last_discount_date, last_discount_amount, last_discount_reason, last_payment_amount) VALUES ('e7332ccbd6e79f59a735f5ef46cb28ce', 'ADM-2025-003', 'f18c8e3cf8ed50f987c9b6e2442e457c', 'doctor-profile-id', NULL, NULL, '2025-10-17T05:36:00.000Z', '2025-10-17T05:37:00.000Z', 'discharged', '', '', '', 1300, 1300, 0, '2025-10-17 00:06:33', '2025-10-17T00:07:06.626Z', 0, NULL, 'General Ward', 'GW-01', NULL, 0, NULL, 0, NULL, 0, NULL, NULL, 0, NULL, 0);
INSERT INTO admissions (id, admission_id, patient_id, doctor_id, room_number, ward_type, admission_date, discharge_date, status, reason, diagnosis, notes, daily_cost, total_cost, initial_deposit, created_at, updated_at, additional_payments, current_room_id, current_ward_type, current_room_number, lastPaymentDate, total_discount, lastDiscountDate, lastDiscountAmount, lastDiscountReason, lastPaymentAmount, last_payment_date, last_discount_date, last_discount_amount, last_discount_reason, last_payment_amount) VALUES ('09378ba1d158494b7eaec8a94456e9c5', 'ADM-2025-004', 'f18c8e3cf8ed50f987c9b6e2442e457c', 'doctor-profile-id', NULL, NULL, '2025-10-17T05:39:00.000Z', '2025-10-17T05:40:00.000Z', 'discharged', '', '', '', 300, 300, 0, '2025-10-17 00:09:54', '2025-10-17T00:10:06.938Z', 0, NULL, 'General Ward', 'GW-01', NULL, 0, NULL, 0, NULL, 0, NULL, NULL, 0, NULL, 0);
INSERT INTO admissions (id, admission_id, patient_id, doctor_id, room_number, ward_type, admission_date, discharge_date, status, reason, diagnosis, notes, daily_cost, total_cost, initial_deposit, created_at, updated_at, additional_payments, current_room_id, current_ward_type, current_room_number, lastPaymentDate, total_discount, lastDiscountDate, lastDiscountAmount, lastDiscountReason, lastPaymentAmount, last_payment_date, last_discount_date, last_discount_amount, last_discount_reason, last_payment_amount) VALUES ('b0324e00fdc37d78e0562332ac2c75e0', 'ADM-2025-005', '68e8f00522ae930d130c3bc4b945811d', 'doctor-profile-id', NULL, NULL, '2025-10-18T16:33:00.000Z', '2025-10-18T16:47:00.000Z', 'discharged', '', '', '', 1200, 1200, 0, '2025-10-18 11:03:11', '2025-10-18T11:17:20.762Z', 0, NULL, 'Casualty', 'C-02', NULL, 0, NULL, 0, NULL, 0, NULL, NULL, 0, NULL, 0);
INSERT INTO admissions (id, admission_id, patient_id, doctor_id, room_number, ward_type, admission_date, discharge_date, status, reason, diagnosis, notes, daily_cost, total_cost, initial_deposit, created_at, updated_at, additional_payments, current_room_id, current_ward_type, current_room_number, lastPaymentDate, total_discount, lastDiscountDate, lastDiscountAmount, lastDiscountReason, lastPaymentAmount, last_payment_date, last_discount_date, last_discount_amount, last_discount_reason, last_payment_amount) VALUES ('24f5b802d98c757ec6d6a2d2d8e02860', 'ADM-2025-006', '68e8f00522ae930d130c3bc4b945811d', 'doctor-profile-id', NULL, NULL, '2025-10-18T16:47:00.000Z', NULL, 'admitted', '', '', '', 1200, 0, 2000, '2025-10-18 11:18:06', '2025-10-18 11:18:06', 0, NULL, 'Casualty', 'C-02', NULL, 0, NULL, 0, NULL, 0, NULL, NULL, 0, NULL, 0);

-- Table: admission_events
DELETE FROM admission_events;
INSERT INTO admission_events (id, admission_id, event_type, event_time, room_id, room_number, ward_type, notes, created_by, created_at, receipt_number) VALUES ('9b9f107b998d2986984806e58138121a', '2fe41a39b5d41835e8ce4bb89b36d10a', 'admit', '2025-10-16T20:57:32.204Z', NULL, 'C-01', 'Casualty', 'Patient admitted to Casualty - Room C-01', NULL, '2025-10-16 20:57:32', '251017-ADM-0001');
INSERT INTO admission_events (id, admission_id, event_type, event_time, room_id, room_number, ward_type, notes, created_by, created_at, receipt_number) VALUES ('5a2dcce884fede86eb81a522c06d9d79', '3cdbd46a187167bc2ebf59bdae935dac', 'admit', '2025-10-16T23:47:09.866Z', NULL, 'C-02', 'Casualty', 'Patient admitted to Casualty - Room C-02', NULL, '2025-10-16 23:47:09', '251017-ADM-0001');
INSERT INTO admission_events (id, admission_id, event_type, event_time, room_id, room_number, ward_type, notes, created_by, created_at, receipt_number) VALUES ('a82aeb0f4c9594385ae0e31f6fc0b860', '3cdbd46a187167bc2ebf59bdae935dac', 'discharge', '2025-10-17T05:35:00.000Z', NULL, NULL, NULL, 'Patient discharged', 'admin-user-id', '2025-10-17 00:05:29', '251017-DIS-0001');
INSERT INTO admission_events (id, admission_id, event_type, event_time, room_id, room_number, ward_type, notes, created_by, created_at, receipt_number) VALUES ('a50e4c1462851b6e14d9c010015ac4eb', 'e7332ccbd6e79f59a735f5ef46cb28ce', 'admit', '2025-10-17T00:06:33.808Z', NULL, 'GW-01', 'General Ward', 'Patient admitted to General Ward - Room GW-01', NULL, '2025-10-17 00:06:33', '251017-ADM-0001');
INSERT INTO admission_events (id, admission_id, event_type, event_time, room_id, room_number, ward_type, notes, created_by, created_at, receipt_number) VALUES ('5de3e07070b1f130980d3007b606b5d5', 'e7332ccbd6e79f59a735f5ef46cb28ce', 'discharge', '2025-10-17T05:37:00.000Z', NULL, NULL, NULL, 'Patient discharged', 'admin-user-id', '2025-10-17 00:07:06', '251017-DIS-0002');
INSERT INTO admission_events (id, admission_id, event_type, event_time, room_id, room_number, ward_type, notes, created_by, created_at, receipt_number) VALUES ('861115312131c209d93713f811569513', '09378ba1d158494b7eaec8a94456e9c5', 'admit', '2025-10-17T00:09:54.450Z', NULL, 'GW-01', 'General Ward', 'Patient admitted to General Ward - Room GW-01', NULL, '2025-10-17 00:09:54', '251017-ADM-0002');
INSERT INTO admission_events (id, admission_id, event_type, event_time, room_id, room_number, ward_type, notes, created_by, created_at, receipt_number) VALUES ('6d217a1305fab269a7c8886f63738b4d', '09378ba1d158494b7eaec8a94456e9c5', 'discharge', '2025-10-17T05:40:00.000Z', NULL, NULL, NULL, 'Patient discharged', 'admin-user-id', '2025-10-17 00:10:06', '251017-DIS-0003');
INSERT INTO admission_events (id, admission_id, event_type, event_time, room_id, room_number, ward_type, notes, created_by, created_at, receipt_number) VALUES ('9d2ac5fdb2f190293dc465b7ef33ea74', 'b0324e00fdc37d78e0562332ac2c75e0', 'admit', '2025-10-18T11:03:11.096Z', NULL, 'C-02', 'Casualty', 'Patient admitted to Casualty - Room C-02', NULL, '2025-10-18 11:03:11', '251018-ADM-0001');
INSERT INTO admission_events (id, admission_id, event_type, event_time, room_id, room_number, ward_type, notes, created_by, created_at, receipt_number) VALUES ('47494b5f3042d356530da630a8b20da7', 'b0324e00fdc37d78e0562332ac2c75e0', 'discharge', '2025-10-18T16:47:00.000Z', NULL, NULL, NULL, 'Patient discharged', 'admin-user-id', '2025-10-18 11:17:20', '251018-DIS-0001');
INSERT INTO admission_events (id, admission_id, event_type, event_time, room_id, room_number, ward_type, notes, created_by, created_at, receipt_number) VALUES ('ef10c55adc7947f02811630231a3f218', '24f5b802d98c757ec6d6a2d2d8e02860', 'admit', '2025-10-18T11:18:06.977Z', NULL, 'C-02', 'Casualty', 'Patient admitted to Casualty - Room C-02', NULL, '2025-10-18 11:18:06', '251018-ADM-0002');

-- Table: hospital_settings
DELETE FROM hospital_settings;
INSERT INTO hospital_settings (id, name, address, phone, email, logo_path, created_at, updated_at, registration_number) VALUES ('default', 'Health Care Hospital and Diagnostic Center', 'In front of Maheshwari Garden, Binjhiya, Jabalpur Road, Mandla, Madhya Pradesh - 481661', '8889762101, 9826325958', 'hchospital@healthcare.in', 'data:image/png;base64,iVBORw0KGgoAAAANSUhEUgAAAaoAAAGYCAYAAAATPaZQAAAAAXNSR0IArs4c6QAAAARnQU1BAACxjwv8YQUAAAAJcEhZcwAADsMAAA7DAcdvqGQAAP+lSURBVHhe7P13kGVZft8Hfn+/c+59Ln1mZZZ37art9HSPt5gZDDAYDIEZECAIEORSFLkkSFGgGOLGShQZISk2pNjQShuhJbGgAQlxKQAkDAdmgMF4g/HTrrqry3X5qqys9O6Ze8/5/faPc+7LV1lZrru6qjL7fqpvv3wmX753zfme87NASUlJSUlJSUlJSUlJSUlJSUlJSUlJSUlJSUlJSUlJSUlJSUlJSUlJSUlJSUlJSUlJSUlJSUlJSUlJSUlJSUlJSUlJSUlJSUnJpoPWP1BS8pZlCAyTGBi2SJSZmKr1GtcbDWsSkzJzlQg1AhIAlkCsBEOqpAARkYY3IgUBBIgCQoBXoOO9a6tqB0RZ3snzlcVlydotVSE1pF48e63kHpMqcOs/XEnJW5dSqErecjR2D9vUIEHCqQKNWqPel9arFb9HKpLUBqmWDKKuNWKy/SNDlbHxsZqtJkMmoUFiGjNADUQVBiVKlEKVFUoEUmICFAIiQDUHwUE1A2gpl3zBObfE4KVOs7M6fX4yay0vebjEpXCrecss00B7ng5rK1/K2q3VVjPvZE1mysnDLZ5fdJJLFMOSkrcOpVCVbFUIwzaxjbQ6MDyUVurVhicdBNPAxLsOTNQTHjZ1O5DDjw+OjYzXh/sbjn3NGR3mihmEpVouzqpBwpYTD0kVkhAoARETQMTEUAKgpFdfTKoKKFTjHQHUp5ady10OiLMwOQmcgfUGxmnmVll4yQjNsudma6W5tDi3ONtaaU5bS0to+aWpH15ayFbaiwa07DLfXJhbWO00W5mKa2MGHh6liJVsSUqhKtkyDO8etqiaiqkmfdW+2qgeqO62Y/Xdux88MJoM1rbnCe2F5R1prbqbiQaNoWouuSUm9uqJDKBQECnYEhEDogpRB5CBKEHBANE1F46qgoiuek6DTsU7AssCEkHQLYDIACCEhxQ2qUC9qAoDIKioMJtMQS3NspWE3Jy0WpcTmMlstTM9eebiZHN2edZ32mf9y9mMW3azPvOrrtlqr1xeEXHl6qtka7D+eisp2RwMgSuVelId6m9UGtURU7Fj+99zcBcG7QQPVncOTAwd8Cnty43fmdRrA6t5p6ppJVXDtjjvC1EiEIJ7SSAahIQIMIahCqh3IGZAGSCOH4CAngVMrygRbXBZqYBUEZ5SqBKICFr8LhmoInwWYwAwvBcAFP+2B2uuRryQkiOPLBFqprBL2nZns/nmZL7UOe2WO5c6c0tXZo9Mz7SWm9MrS0uzqyvNJbmUZXC9yllSsnnY4IoqKbkvIYyB+/qHK9V6dajxWN/OSv/wrv59E/sb44MPJ8O1Q6aRPugTP+oINWXHShLjGhSqDM9pWBEVpz0JEOVGQ/wDgmxFEYNCAXARIgGAtTDy3d6tEAAlhL+yxtq98FPv/4HwO+EhjZ8G4PgZWQBWAYmCvaol8nC+aRRzFnSptbxy7PLFi0euXJk5ri80L7mZzrRbzefzdrPVmmw6LYWrZJNw9VVTUnKfYceqKVW5b3hidDs/ZndO7Dm4v2+474Fte3c80YTfk1mMa9UMaJWrjsR48uEXyYM1yAKrgpQgZAHiNbHoGaeVAFJAieNtcR+gKBZh/RNWOeuF6Ga3CkDjCqqX8M66JoY9L1j/ak9B8AghpJA0iClEAQTTI8XvaqACkY53bsl7P5nkfKEzuXrKzWbHW7PT5xeemznbnF2+0l5uL7QmlzvqJKh2Scl9SClUJfcXQ+C+gT5bHWj0UWK31R8fO2hHKw/ve/LBp3UweYIayX4nbiitV20OhVMBDMGJB3MhCwTWMNCTrg3+xeKki9LaJdDVFIrq1Ks1wdwn6A2buP3b8PeDqISt+OsaV2pXX5C0TkglClXxaOEN0/jFvBcwGzAY4gUEwLIJJkavMKKSql00TXdZV7KXli9NH1m5uHBk7oeXXpOV/NLclfnFzvRKpl5L0Sq5r+i9LkpK7hnV7VXTPzLUlz5c3b3j4M4H+3dve0gblceTwfpj1Ej3uhRDufUVWCXvPTTE3cGLwBgL8QIDisM3gTQO4xruB5nxQWi6grReSwqB6hWqIFxKYUVzjdjdDkprqySSdaunNW0gXROwXrRXqFSjGRNAYc5UwBCDyITgDgGYCSoKrx7KAmYg9aQmR2YyaXJLLmI5P06r8uLZI+eONo/NnFi6PH++3XKLzYtzubq4Qi0puYe8kcuupOSNMVAx/dsatUq9um3bO8f37nh4/6P1sYF32eHaO7Vu9rdJ6h3j2SeMjstgDMAQQBUCgDkEOxi2wYrXHeuD+a74OSAAeQh5UBSea0x8vZoVJU+jcAhRFKrXJ1akAGvv57pahHrNfL0C1vuJCGt/OwRvxDtRTJkIJDFQI64qEc2fMEBOHh45DDG8E6QmAXmgoomSoxZ35EIts89fOXHxe825zitXvnXstKzk00tXZldWZ1ed+tKnVXJveB2XXEnJGyMdb9QGJoaGKg+OHdj5+I6HG+MDz1THGm9D3R5EyqM5a0UM2BsgV4FyiJAj9YBI+JnCwAwQvJewojLBzAWNwQtAzykexlilYBK7WpAQgycK4QpmOtIoVPF1iiBUr4fgTyqMdeu5+u8Un1kRV39RTbkQsUKs4qslfnZmAxUJ4k0MgnZNgMwMD4UXD46mUmMNvPewbIKOO2idK5lp+fmkQ+eymdWXuEkvXXjl+MuTL1082768OLk6udIWX4a9l9xdNr5uSkruNH2p3bZv24CtJWODT+98cvujO59sTAy+kweqj7oq7WhTXunAEdkQGZfnDpUkBZNBq9lCpVKJYdxhAUEEiJMYQq5gNhANGa/F2F4M5eFnAmkwkV2zktL1AibXPE8IwvX6Ce/fu5JaiwDkECQR/95VPrHwiUEqIEjwZXF8J4rfr/ieWnz7KOKkwQSIsJozaqP4CsAKgULgIdDwXqqo2BSUK1gMEjF54nk+W2m+0ry8dDg7NvPNuReuvLo8t3hxbnpxxc81HaRcZZW8+byRK6+k5OYMgRvbRoYHH9v90MMfPPSOynDt6cpQ/d3O6h5JqdEhb3KrJElYBXnvYZMEPnNgBSpJBT4XMAUvjkABDffVC6wxEJF4JgdFCQMvIMVATgqAo+mNuqd9cfIX6xIuhIjWBvziBeG34pi80dBcqNz1iKHwPfbJKIkAEAtcdP9eEK7i+RBUoWD1MFfbBaNQFT8XEYlBvITQTUAmJbAAFgyvAsMELx5kCB4K5bh6Q9hHhgzggYQS+Cz3SU5Zo52etSvuuYXL0985deTc4fnnzhxZvjIzJ3PiULqySt5ESqEqeTMgM15JhyZGR9NHa/vGnnjgneMP7f5IOlB5h7c07llTgcIXs3oCfFwldd8gikMI2w5PFGMhgcG9EX1dYYkDNymEwvsqhdWSgsFC4CLIAiExlxBWIqoKXnc5EAUfWFcbuDC29QgWoRsurhKeLzTr6tv4GXs+69o7FflVa8ER3VeFDwh0harn88TP3nsZF+/X/e7RqElQsEr3LwSuDoCnoupGFHPS+LOGT5ayBefO2RxXdDV7ZfrkhS9eOXn2h50jqyeWppZnmheXWlpWwyh5EyiFquTOMlQ14/u2T9SfHn5i39sffl9lvPE+Gqg80aF8DClbMUQSh23pGfaVQiJrQbf+Q3fYKwbzMAITaVhpFM/HhNhiURRWUb0rqmD+Kl5AFIMNKOjAVeWOCqJy9srAepNg8bkVQVAK2djoNsjy9S66nkRkBHG4+hMpQFcLzZqGFRUvAiGMPvwczIME1hACT8U+JUCjiTG8Ue9MIezn8LDGihwKhcAQYDyp9SRJWxaSHMfdQusbF49c/PaVb595oTO3NLlwaj7zud9gh5aUvD42vmZKSm6Tvt1D1aGJkTE8MPzwoQ899SEeTn6kMlR/oqXtYVhizwpvBD6ecYVIFSgQotbi/UKgeoVqLQx7zf8SVktr71H8QhiQg2GNiifJxNdGcxioK2KqEpKBiw/QXUqtSUtvUq5SoRJrFFF564WsuJVC+NYN4fHRq0VZUXwjIP4pJVpT8O7jwb+EnlysUGWj+F0BlGMgBnUjD7tCFjUKMRIy/H781lQI1doyjhSAEAwR4BQJGW1QZVmWs2Od6eWv5lOz35j82rlXp06dn1w6v9Qs6w2W3AlKoSp5YwyBBydGBx/8+BPv2vXUAx/wA+nHpC95rGPyfkfKsAwRF4IFmCC9o7Rebe7rXVGtH8zXWBMT1SBSWugKrcXVBaEKbxLcL4UoaRQ8BWJkXPgnwdTXFa74ASgM9ADC4Eyhy5QSurfrBWnj27AiXAugWKP7KIVPQ9HsefUqrxBoDj/G1Z1qMHMW7wMN0YFhBYUe3xtBYdZyr+KHC2vAgEKCGEbfHsUE6kKsmUIisYjCJhZeBD73qJoEibCmHTSrOR9vtPlbp194+Yvnvnbyh6351csLp+dzn5dOrJLXz7VXTUnJLZCOp3ZwYttw/bG+h7Y/ceCdOx7a+2nfx0+2jQx3jLBaQq4CMiEEmjjM5HtPuCJku2C9j+hqwoBcCAmAbkWGMJ4TKAYCdOUqPs8aRErJQ7tBDQrqFphVQIsg7x4pCW/Sc5lEIQFBIMF/Q+Evx//CqzcQKiGCKK+JZI9AFPeJKYSaF091P2tYDZEw4toIQhJ8e11zZ1iRBV8UYEJgXxSssFrK2cB1ZwbhewRxW/sMCu1ZOsb9SwJShnrAFMErHDpCqioSY6G5Q1UNEkdac7aZtuXw6tTcV1avzH7twrfOHbt87Pzk6qXVrKwvWPJ6uNHIUFKyEdR/YKw2/sEdT+x9+rEPDOwe/URW82+XFCPeCDty8BRj25iRi0IpOOlNHJ+Lk259fbvequPFaBa1JhgLaS1g++oggig4hc8F1N3C4E0xPNx1w9BR/D2K4epXjZ9XD9SI7xasgQIQafT8xJcEn1molld8rvW3gMBCwT2SVvydIEghau/qx4IJL3yXIpG3+9sUIvbC/gvfnRCDH7oiHZ4RAlxMWu5+fw1/JxyHtc/TXVXGfVRIOAkjYYPcu/DLTKHSPDPgfUggzgVWGDWTKNquw7keZtGvnvzW4T+b/MaFw3MvXJqRrCx3UXJ7rF2JJSU3hrY9tLNeG2nsG//Iw0+PPbrrMzRaeXczybf7RBKPHCoeNq4wVBRgAwFBbQLnPSzxVX6drlDFAVZRzO7DwAr0CpX2xsIVL+sO2IFwq9HHgq5QhQHfiMR8pBhMEVcnQajCCk8R7YBKDoBTVR/HbiFVYdFcoSsg7UDJgchHR1DMKArv1P1a0V5HSpY4sQquAVRT0gRQVlIDqAEhURIDCGuwssWvFN5KCXCkEKYgSd3VZOHbKr5lYUgs7gfCy8O9q956o/yuuP96f5cUMMqwzMhzB2bAWBPMuioQ72MSNoOKIyWCaqXufe6WuS3Pdc4vf2nyD1754sL56VMLK1fm5YL3cN0/W1JyXUqhKrkplfEB0zcxMP7Uz7z7XYMHx35K+pMPZSn2tytiO8ZDrcLBgXKPijFBHLxCREFsADbwIiAuBtEoI3EkvLovU3hMi2i8+BmICKFrRxhCC3ObQsFMoY9U8TMEzjsYa1AojwHDelIrBFJVEhITjGmOPXXUyap2XJOUWuR0OW9nc62V5kK72Wp5p0IEB6eZOm4yuak8s4uCZgcVyTCnDg6eiWMUAxVeLCbAYCesZqj02YGKeBkGY0xJao6Q2JQrlXqjWmlUR5FSPyfUr4b7OOE+MFXJcsWrpDmpcSxE1lDcdSFyXBF8W3GNF0S7WIeFFWPYZQobJwmFUK3ldBFAEkypFPZuEKt1EuY80sRCRGLuWngFmzDJEFWYODnJvYO1CUQVznnUTKp1l8xXmvq1uZOXvnLmzOEvzv7hxTPt8612WZqp5GaUQlVyffrBgzvGRna899GHt71950cG9gz/pKvoE86i4Q3YMeBJ4akIKgj+kd6NihULRZ9Gd7UT6J21d30iGpNVeyAw4AFLoUwQEYW4ghia7X0OwMOYECDh8gxJksB75xXasWrbNjOL7GjZtTvL2Up7xWeyYpXnTQcLy53Zy+61zqzJaRm5LrRWV2YWZ+cXVxYWszwThSFhb7zLjbMm67RWq05oTtHnFWcgyK76uF19BQC8DYRV0LAZ5jzPLRgVJTUZKdfrqekfHkn7RwaHOLUDXDHDMDxkd+/Y1j8qI1xJBjveDTnGsKmY/sZAXz+ndliZGmJQ9YwqrLEeSj5W1FBoMMkhRFIWNQDZh0K4tPbJglTFJGmKAhWiIwmIK6Pif4RQHaN4aO3YFYLH3UlHfCLcFL4yQFPlvJbZC/mV1c9f/PbRz88/P/X80szs5dXzK5m6Uq9KNqYUqpIN6TswnNYP9e858N4nfmzskT2fzBv6njzxI94IF2HWwRhHMew6DGpUTPcBsApMHKQUgPDaHD6OYVcJEnEohyQSSxjFmn6QqHQxKddw7LRLobSQOAGpqAUJci8VNm2raGo7X9Lczeft7FRzYfmym8vPtlZbl1uTK9MrCyvzndVsAQ6LJuf2nF5s+5dyj/ba57mnHDzIE3vzRBlprtqwaTpWrVVH+vcMjDeG+vYOjIyO10b6dqKe7EfVTmRGB52RWs5SgUGS+YzYEqkKmDmErvuwRKWewrrBzhluu/ZGNSCKVTwUcQ0WfIS9frQ1k2uYqBTRhQRAYxh8+JlC9CEpVAQVU1GTc9s29YibWv2jyyeOfenc50++vHR8bklyKf1XJddQClXJ1RwCDdnx0YOffPLpgYMTP1HfOfiTeZ32r2qrEqIhJDrsi9p5oW06yITSRT1vFWrThVvSYAgLJqoeP0h3wCx+JwoU4lS8WJkxwUd/CBMjSSuAB3zmciPUSpEsWoep9tzytFvKz2u7M7l6fPo8Z/5KZ6V9cuby5ZnlqaVms93M5LI4uKs+6uZhAqZSr1Qntu+ujO3aNm76q3vlAO9OK4N7XMVvp750R//Y4G6fYDyp2aG269TIwHpRwNhg1lPphrTH8ofh5xiEQd0qHoXYMBQC4VB9viB6y9bux2CW3soWQDi4BIFlhlcPWIMsy5Fy6lPPMzrX/P780XOfnfn6+W9dPHr6lJvOOwhlG0tKgFKoSnqp7u5L+//KyM6D409/cmzfnp9tV/yzWUX6xQh5OLABoCEsOzjxGRSFKpQbCmOLIHjfo9ckJKAqYr+ogFCYm/d4SaCqMMSwRSSe8yAJj7EhdOCQVlKftTouFbOc5GahvdQ8j6X2qc5i62Te7BxfODpzdmlq5WK73VpcefFyW9pvAXvS28Cjld2ps66/Mlyf2PbgxMONscGHBneNPEwV3l8ZqO3zhkc6hmqONfUEFg7HRUi6tRGhGkQqOsCMcmh3j3BsvXE9OVvhNYVpFwjGQXSFCiHaMwogQWIFDwEMw0PgxMOCUCHj0qacTpf1i6989bu/M/edKy8uvTq7ILkvV1clQClUJQCAMVDfyPDg7o8/8raJJx/4ZLpz8NOuiv15gjSXLIgTFJZD1J52B6W1jUHdkkZF0mg3XI7DrNoiFEbV6KuSHl8Ua2hFYQRgUbAojAA2BlAoKM9UVkB0fnl6/gK35Ug+OX+ifXr1WDazcm7q/MWZldXllp5Xh3z9F3yLMQY7MDJQHT2wY7R/dHDv6P5tT+hQ8jCPD+2TmjnI1WQHVcyAWlQceXIQeArNKDXmYREQK64DFA+S52IlFjsoR0EqojeLBRTiClmiv0ooPMASokvUe9iUkYuHsaFILitpTdJlu+j/fPnk1B+d+ezLX146PX16dWqlI34tn6zkrUkpVG9x0u2pHXj/tn27nzr04YlH9n1GhyrvbVoZzuA5raTIOhlYAQMOFcsL8QGCMypaaIpAiuKEUhB8TAotfFpWQy6VRLNfr6mwyPdhrzAeSJUkBWXGyZJv57PSdOeXJxePLy2ufG/m2OVjKwvLp1bOTy3KGZe/5YXpJgzuG0zsWHVg9OCe7WZ3+rbBbWOP948NH0qH6ge1RjtyKwO50YpnZccSSyfFFZOGw1wIjpDGUkxrQ0cRy4nu2RCPa3Gc45MkFLoxuwwEhRcHk5hQ850Y7AkVn/j+vHKmfWHhc/Mvnv79E1999cXFEzMLkocstZK3JqVQvYUZeHCsb/tHdz+649lH/pKd6PuUq+KgVCj1BDgRcMzcraV1iBRBDkUYdHSukw+RdypFjFh3leWJQ/v06GA3UduCf6oIgQ65rRyrKVTAUhGzwh13trO0cnplau7VpdXZV/REfnL+1SunpqYuz/tJn29aH9O9Zh+SbeO76mM7x3c3nho41D80+nRlpP9RM1B7UGrYnRkd8kaN56L6fFCpsKaOxyv6oAqKZ3pSkcP9a9INGOBYwleiKVBDx2VjDFQIRg2sGK3mdrnWkm+dP3zidya/cuIrF189c97NurxrKy55S1EK1VuRMdDI+Pjw/p9++mM7nnnwZ/2Q/eiSrI6IBQsJDAiWLdSF5Y+xSUzytMHfRARBKEek5EESRIqL0GiEfB6N/ivtSldPxFi33BGDPcR6zhKH+TSnC9lc88WZ1858c+HEzOG581PnlmR2QV7y7r6JyNsqvA08Vt8xMLp9Yk//AyNPDOzZ9s7qWP+zPJDuyxMZy1hquREu2rEg1lkMxTmCX1I0dhQ2sVdLPMZFKPtarAZBycB77b4mtQm8c8GJZRgqgDEW5AmUCwZtNU/bciyfXfrsy1/7wefmn599eeHIzLJkZWX2txqlUL3FqOzqtyPvH9nzyDue/tHa/om/6QbSJzupVtuaEVGQFVP4H4pOs3EFRBoSSAFAyccyPxJr9inYcPA7aYjwA0wITY5tOVRzMBcmJYbxRq3jDnX0PLf9seXJhefaJ+afmzs7/cKFI0cuu/NZVq6c7gqECfCOBw6MjO3b/sTw4+PvSCYaz5iR2uNSp12ZlUFhGDDBQULwjLFQDc0XAQp1ExU9IqWA+mDS7VYrSeKQI/HcCaJVmILD6WVAEtqSVGCQEgtnblZXOt9YPjf328f/4wvfmP7h5JRkpePqrUQpVG8hkl2N2p5PPPbkY+957C9Wx4c+1azKg8vk0g7lQMLRz6QwhU0uzqCL1hy9DvQimq9YQ4XWErFVhxaVIiiEpMeq4PCKhAjWk0ucWU0yuqSLnVeXzkx/denM3HdPvXLqtdUXpha0U0Z73UO4cWi4MfLA+N7hx8efGXlgxzONsYH3omb2tIwb8UYrMEwggvMxUIYYTnxYZcWgmsI4GAJhor2X7JpQ9YiVFKbBogRTjPg0Skg4mowzafe59PDMyUu/Ofm5U3945bXz51bOLZdJwm8RSqF6izD08Hj/8Ef3vefgux79zwe2j/7osmsN5wnYJ0CmDiaNFR80VMpGNM8V1SQQ+x0ZDc500ihARPBx1UWqMLFJH4mAOFQEd0aD/8EZSXNe0ZXsqMytvty60vxG6+jUD6ZePnNq5uh0y5cmnfuL3TA7Hz04svPJ3e+qjQ8+29g38j70J48Jy4QnTTRhyiHI1YPSJJTMUoTVMgggA4DgNRS2Da6t6L/qSU4IBz2EZDAZGCDUDvQKw4BhhfGMSp6Kzehc0nS/feHwq5999feff3Hl5HKrrMi+9THrHyjZYgyBxx7eNfrwz7/r49ueffDvJDsHP9ZiGVrVDlNqwNaElhXRDIOeQAdQqP2G7jASbtemN+GRUPWcwWxCEQkEX4MlAjmFzcTVnZ1PFvWV/OLKF+e+d+43Jr978nePf/v4tye/cXJy9dJyrqVG3X8sQZdPzTcvnT97avH03AvJCh2TTudyLa36eqXOXqSqDMOpIfEu+KM0BlEAcUUeAmqiBTgIVU8F+2AUjBMfAQgGHNZQ3er2SoAH0BEiU68OOnIPD4+NjNtBXV6eXp7OFzqdMshia1MK1VamAR770K69j//s+39q8NDOv5sN2ve1E2nkRglJmOU6cSAKIclrFHdC7YHCIU7xqaINRBhioskPgBcF21CEVpzAepK6Myt2MT/sLy7+6dyR879x7ktHf/vUH774g4WjU7NyZdWhFKj7nyVo53KzffmF8+dWrsw+5+fzVzLvLnGaeJOmVWZukCiHwkuBOO2JK6kw4eEYYFHoVaizHipgcCiOFfPxurOjmAohcERw1iAjIRhpgP2D27fv2GsGk2Vty0xrerWpvuwmvFUphWqLUt3Rlw6/c8cjD//4e/7a4IMT/1m74h7LrVZySLeFe5jCSsiPUgkjQ3R8UyynYxTd4IpgBixWWcEUWBgJY60dEAjGk696u1Rp4nh2YeFLl75+4jcufPfkfzz53cMvLLw0Pa9ZOaBsVtrTbTd9ZHJy8crcEW7qK+xpxhpjq2klBVADkQEH32QIlAjnBlOo/Ri2nnSFQqiUYYiD2VkRfJyEGFmqcAx4VqgNAT/MbIWxa3RibP/QvjGbr3SmVtuLy9KWEKBYsqUohWoL0rd7KD3wqbc9u//jz/7NZFf/L2kf7c0ot2FWi27OkzWMUGwirpAorqA0VB4wWtwPM2RnQgFaUsCoghHeJwRSCBI2aj017ao/6qeWvzh75NRvnvvSq//+zJ+8+r2F47PzMie+NNFsDbLpVjZz+NLk0sW5l2jFnfCQmUq9wWCqM1OVQjXhkBpOAiaBkRhRGpMWilU6R59nWELFPxDvSszXExbkmsEmobqJ9wohMrnBdttfPzT+0Di5tH1leXphXlalrBS4xSiFaosx/OC2vgOffPLt+z74xN/n8fqnsoqMOSvsxYMUsIq1SD0oxHuoKqy1oRSOBJNMWCCFq12JIKTw0QbIoJCwyTFSUIBUuZO26aJddl9rHr3yG6e+8NJvnvrzF7+3+Pz0jHbKithblWy2mc++fOnClYuXD6ctPpakdrleq1si01DSikKYOUYCxrw5xLYwGs9ERPNgMC1TcI0SQo+sbmdnQZoQXNaBeEVaqcETA4llR9Kf1JIHJnbs6G9h9SKtykK2mHktF+5bhlKotg7U2DfYeOTn3vGj4+964G+1B/ETmXXDOXuGZagokmjKi1PaAAenNUn0NamGZF8NSZ7KBM/B7CcQGAI4tiA3REhgfOrMLBay76ycuPz7l7/x2r+58JWjX5/+7oVpP1VWEniLoDKTtWdevHDONdsvkfOnk0otM4lNmLmPlBICiNhClEJhdEMQVoTiJwoya61HQjJDEcJe+EAVLDksAcxJ7FhiQsHbYDHst/XKI8MT47WRiaGlqfMXp9xSnpcrq61BKVRbhIEHxkf2/fQTHxl7dv8/8GPph/OK7xcWEhUYNmCJvqbYwFCo6CMVNkLooGvJgIjgNSRiimU4Q1BWWChYBEyAVVbuoFVz6bHOhcXPXfzKiV878YXn/njya+fOrF5aycoovrcmK+cWmpdPnj3tFvPDzuN0o9YgS7ZhTNpHZI0QwYUSFHCkUBMmQWRMV6hCIpWCKPhAi3lVEutJKkIkYVz7h5AeAolBNemvPTS4Y2xnk5cuJJmdbc+2Mi1zgzc9pVBtfqjv4NjQw3/pXT89+o4Dv6zbqu9p2U7dkQslZFWRwIIkRmIR4gppLeC8+MfEMMbAe4FXhRqGN0AeTTBVENDOtEKJp5ae5UX3zbnnzv7Ga1985T9c+NyrhzsX2qtlH6ESNCHLJ2cWpy/NH6eF/FijPjBTqTXqMKaPjK0KgUGETD04MfCkcBq6NiP6RAkAxXJdhSQFI0ChZmtnLmuoouKZ4I1U2tTZu23PrtFt+yaWl64sXGzPrJYTp01OKVSbnP4Hx8cO/tyzPzH27P5fcYP0TNvk1VxzEIcyRQSCJQPvFGIodNntEanicg+3YcnlRcCJhU0sfCjshkQItiPo03ShL09fWTg29e+mvnny3xz7g+99feml6WnNyurWJeuYb8vC0cnp1bnll51rnx4aGOokNhk24H7DbL13IGaIeCg0dG4u1kmFWHXPz/BM4cAiConF4XUGiKbpTHLkxlmuJ/uq/fXd1fG+C1j006tXljrlymrzUgrV5oUGHhoffegX3v2Z4ad3/7IfTp7KTF5RCp1ULRkE6TBgCom4YoqWG9duocp5UXBWYYwBRCCZQwUGVUftWosvti8u/vHyicl/99qfvPKfLn7h+Bk/l2flGqrkRrQmF7OZ8+fO6pI/wolZGq4PVCpJOijeVwhgawwoxFjE8ktBgLrnJggghsBAKIpVIV4xChUAIAIyBDEKNZTkTraPDA1PjO+aaDavLF5anV7qqJRVLDYjpVBtUgYfnhh78Off/eltz+z5L10/nnKJT5VCdYAEBvCAyFqVCbnKWb22ISZnKgGeFOBQEdsogXKPqof2c7LEC9n3s7OLv33y84d//eiXn/vuystzS2U+VMktswqdPz61tDi/cMS75om6TU1fvTbIqgMKMcEnFWN8ihNVg0gV1S0KS4BQEdzOMX0ipEcEy6FCiZFnDomtGLDuSRt238j24ZnW1OKl5uxqu4wG3HyUQrX5oMEHt488/Avv/vToU7v/bt4vj2mqae47sYMugYJ9D0wGZAg5CcQUXVljLlXPpqRQjpXXKIQSV2BQzck1HJ/l+eafnXvx6L8+8bnDfzT9zfPn5YoLRbRLSm6T7PJKNj114YLMZseqjepcak01TZMhECrFWgkaWsMEceKuQEU5CkJFoZYFq8LAgyDwMX3KUIKEUhhiUqjNUz/eP9a/e9vQ4MLyzPLFVilWm45SqDYZ/Q+MDR36+fd+auzJXX/f9eNJX5XQLh6ApdDjCRpMJWxMFCAJjmlZe41K9AnE6CrV8BpDQKqMasar9bY52jo9++/Pf/Xovz72zRe/v/LS4pJmpemk5A2yBF04NTu7MDv/slE9PdTfX62kyTaA6jCGPWI0IGKDTqzNqkK0X/BaGQ1+1TDxYhAbWJtCnAIgOO+grHDGsybYOTwysqc+3je1Mrd0qTWz2ikDLDYPpVBtIgYe2DZ08Gef+eSOZ/b9vayhT+WJqwgLRHyI2BMOGSfEUA6mPI0iZVRhwICGduDOeTAToArm0DvIqCIVkoZP5tzU6leWvnvx35z++qv/6dSfHTuTX8wdyrTdkjtIZ2o1b88uX8wX268NDfet2Ep1KKlUhnJ4KyZWUyJA1IVK/EUVixCg3o0ODH3TGAqG1yBSSgriWBuDQF49d2w+1r99aEd1vD7fWehcal9ZaZcBFpuDUqg2CX0Hx/of+Uvv+omxp3f/CoYrzzZNXsmtD/2AVAtrPQDTY89HTJgMhUANW+QuhzUGzApRB0BhTHBep55dw1cu+qnWH5974cg/e/nXv/OFuaNX5sWVdpKSN4fOYkdmjl+Z6qyuPJ/UqvMD/X2DJklGvPhqWCgpmAleHDiW+KJYZ5JQVGoPwhTO+2jKpnDuo9fEDbFkeE+jv3/X4O6xK63ppYvN6ZVyZbUJKIVqEzDwwLbGgb/4zMd2PLv/72M4eaZtfSVjR97GxnWF6UODlV8Q7PrdwKj4PqqxYI062IQBEuQuQ2oqMI6zSjt52U02f/v051/+jdPfeelwfjnrlKuokrvB4rnFbH569oxt0pmkXqV6ozYmqv1gYZOEEHaOOVXFiiroUBCluHLqEakwgSMApkh29wyGYcPJtkqtsnNg59CV1ZmVC63plbz0Wd3flEJ1n9PYO1p57K+85wMjT+/8L/0Av79l8lpuhcQAPhQ5giGGIQMSEyz2RZ5Uj1ARABiGh8CkDO9zeO9QsxVNc7NSb5vnZl+Z/Bcn/+zwb17401dPu9LUV3KXyWfa2eWXzp3JWtmroxMj1Neo7wChX8QbYg51buNpHc7wsJJCTGQvTIVrIhVKhq11pg6pGg6S5Op2D2wbHu7bPnjh8onLl91S25VpFvcvpVDdxyQ76smjP/fep3e89+CvZIP6wdz6hmMltQrPCi8eRISEDFhCkEQx51xTp9iVN5ryg83fh2KyueoAVeftfP7ly8+f/LWXfve7f7rw3Quz2iltISX3juUzs4v5SvPk8NjgSlpN+9NKZQyGk1CnP57asQYgKFoJOOQArk3OtNtOpCiGK0Jga+HUAVbYJX5iYLi+bbXdOb18YXpKW74Uq/uUUqjuVxoN3vNTjz75wIce/dvtPv8pV5XBXBwpKcAEjTPGhCwSNSBXOJqLFvEhFj2EoyuAUP2cjQF5QQ2JNHI7VZl3n7v01ZO/evhPvvP1zvHlZeTllVpyz9Gl8/NLq8srR5Iapgb6+0crleqYJ1SUQtxfVKDw4mJuFkswBVnqztRARYCRSeAhEM0h5KCsFYHfP7ptMOnk7VOrpxdnNS8rrNyPlEJ1PzIGGnvn43sf/cln/ot8zHwms50RZc8q2i3DCQ39UBNhGA8YoVBKBsFeH6LUFUQSO6sqPClSmyJ1RpIVuUiXm7899fXX/uXh3/rBC52L7XaZG1VyP7FycTGbn7lyFiIXBgcGU1tNdyijDiIO7UJ6RCqaAkNIUWFXiD5bYggzyFp48TCkIPKgMOmzVKvuHN29i7Op1tHVyYWlslPw/UcpVPcfNP6JPTsP/eQzP2/29P8N34ftoo4NEQwZMMe4XRBYTEzwJTA4NEC0jJw8lKOhRB2SGIaecAKs+qzaxGudc4v/4fSfvvAvjv/By8fy1Sxf/yFKSu4H8tncXTk/eT4ZMCcHBofSJE3GLdt+BRmhULtSOVRd6Rq+tfg5mAJ9rGzhxSNIXDF5A3Lv4FNbr/T1HRjZPTG9Mjl3ujW93NQQ515yn1AK1X3G6KM7Bp/6Sx/+peSB4b/erLj9OWXGIrTrJukG54KIwTAIEhVLzHCIAsyQAwmFRF7vkLCB9UDNJ51qiw+3T8392yN/8P3/3+TXTp/1bVeGTJTc3zQh0wuTM7QoRznhfGBgcBexGXJQI5aRQwATRCo0AYmWwW5gEUOhYAqWBVbpmgfJWORMlAP1Si3d0djWt7hwZua1fL7VQalV9w2lUN1H1PYM1J/+6x/80cqhsX/YavhDzvhERZCQgTiAyMQ8qaLpQdfuAWEFEkbbZ5AkFE2jmOTLmdc+rTYri/pc59Tsv3zlj37wuzPfvjApnTLbsWSTMA+dO3ZlYXFu/vjAyFDePzCwQ5iGYY3JIQQTugUXwRPovQUBpDBFESbCWmI8CEoGAIgMjQ0M9e8WkrOt+aXL+WInQ2kFvC8oheo+oT5W5/2ffuq929914O8vVbNn8sRXlTSUPBIGqKg6AUjIIokXWSw6S4qcHLhiIIYAFbADUkdoIO30tZPvtI5P/erRP/7hH1/+7vk5KSP7SjYh2eXm6sri8vH6QG2lf3hogtNkGycm6bgcTAgdq4spXGxzQ+AQpg4PhoRkeGIobChsKyHgyBtlU7XjA0ONkepQOjU3e/m8ny/rWt4PlEJ1PzAEfvQTTx/Y+yNP/P18xHy8Y/N+siBxgsQkUI9wqGJ33m6uSGjKA8RkR9gwq/R5jgqlSDJoPber/S75wfzRc7928kuHP3/h2+cXfSlSJZuY9uXl1srC4mu1gb75weHB7WAds9Ym8coIJkAqjHthZRUiX0NvNSUTJ3sGBILVYBzMKIdaZSHZuXNior+ZLLy0/PLinHbKSMB7TSlU9wGD7x0fe+ozH/ol3Vn/xWaSjZEBq/dAzP8gWIA4ZN0jBkl0RQrxVkAQqAqsMireoNbhTn/Hfn3h2Ow/P/In3/n8pW9dWPLtUqRKNj/tK6ud5sLKa/Xh2mxfX328Wkl3CiQJka7B0kAh7zdcQwQAGq+jtcR4ilUCAYEYRa4OMJxYa3eM8ujC6sWlk83p5ZUyuOLeUgrVPWb4ofH6o3/hvZ9O9w78zVaa73fWW+dzQIFqtQ7vFaIckxl9zB0J10xvzTNWAamHAaGiFpWMlmtNfG/yxelfPfYnL3555nsXlqXjyoutZMvQnl52y4uL5+rVZGp4dGAnWYwLaSpMVDQCVSJQbLYo3PVi9fwLaRxggZJCxIHZkALVJK1PDE4Mza1cXjjVLluD3FNKobqXDMG8/T/78LPbnj3wf+v0ydslkVRIQcwgGBhKAI0VoQkgEhB84R4GaxQqUhgNnX0TT0jaaKctfG3x+IV/9tzvvvqlpRdPL2sZgV6yBelMrebNKwun+8ZqVwZGBsfJmt1iKPVE8LQWYLFWqDkEInFPIrywQEhAIrBsAFGADWmSjAwOj+ywFT46ffr8Jb/iysoV94hSqO4Vu0ATH9j7wMGPPP23VhvykXaS93l48l5gbAJVwOcexhQ9ugW2+8sEUQVH818oQ0swwqh7u1RdxfcuH1n856998ftfXXnp/Ipm7qo/XVKylWjPt2VlefGCHRm6Mjw0uhc22ZYzpUJKqsEbxVQErsfACi18u2uFnS0Y5AHDBi73YGvZVpJha431aJ1ePjk/I5mU6Rz3gFKo7hEDHxsdevqTP/LXdbz6V9sVvy03wiACsYEoQMQwxFD1APmYPRXa8JJheJWQ5BiTeY0w6qh0khV8rXN87le//9ljX1z44bkV7ZQiVbL1aU213MXFpTMTo6PTlf6+cUlotxokAg8WBxtXU6wME4MnwkpKIVwUsDUwwlCvMGwAJjjNLarYt3PvLlk8Nf1Kc2plWaX0V91tSqG6B9R39Vce/uA7PzL0yM6/nVX9A469DWlR4WJCbNlRlIIBgnmPfHiOTbC355KDTQivrXmzOuiqz51/4fj/fuFPj31l/oWTq1Ka+0reSkyt6srC0nkdql8eGu7fz4bG2SBR9UQUGiuSEkwRPMESzIMc/FZGOfS8UgYUobswKanVKidmvG+4//z8+YXT+UKzU+ZX3V1Kobrb9Pfzgz/1xFN73vPIf0HDyXu99TUvPjh2izbbGipOECgEKlGY8dkY/Zf7HMqhXJLLHRpc8bUmfa918sqvfv/3vvL5K89dXpasjKgteevRmlpyV5YWzoyONhYajdrONE13CJAIh9ypYCqPXQRiTUyhUDcQGgo7mxglGOuyAwxiNgNDfaMDGfOxxSOXLkunrOhyNwkT9pK7xuhHnh5/+y88+w8re/r/ett0xjvaJJsmyPIMMEns0muLSyTWJfMgBQwl8OLhkAMWcCQwmWZj1Hd85vmL/69zf/LcH059+9JcGYJ+c3anqW3ANKxSjaFGISFHLcwUisLccaIQD8a6q6V4+CqK1609ce0ja1zzzqoxkpq0mGmQAqJKLldZrXnXOgZI1n2Lko0YePu2xqM//rZPjD118L9u9/PTeZ2rDh5KErsChzQPiUVrlQB4wCojVQ4+LPjwjwQsRvukf1kvNf/t4X/15f/31A/OnPWZK2eDd4lSqO4ifXuG02f+9oc/XXl8+z/p9NEhNd7mWQuNWhV5JwcoCXXJyMAT4GMQReIFVoEQ8ydgG64PyZzUvT3WOjnza0f/08v/fv5b52alXYag34hxwIw1+nZ/dGjkkd2oHmh4nrCaVz28egtSUlYWsGi8E4RKi9tYaTFEk1GcdZN2o8skFBHpykyPUAVVIg0xaFEUe4SKFBCEAguABMdkaKvkHczqgncXkk772O91WscOdzrLufb8lZJrGH58uPboz77/FwYe3/PLrT5+yqUu9Sb0YgtXE6DgIFRAWHEJwSrBqoBVAHg4EggYidbQ10nPNl+9+P94/l984T8unVpYLPOr7g6lUN0thsBP/fwHHtv3kSf++6U+/+OdKhpgRWIJvtVBatJuh15PBMdAbhRKgooTWFHkKmBroOKQCknDJ5OLr13+taO//4N/O/fnly9Ku6zddyO2A/bDtdqhd+3Z/0sP1Yc+MuZ4R5/TfgNJPDx8olAO1Q1YVa2EigakIboyDGYIOkMak3Ri7gA01jDtXUBde0vXeTz8PsXG6gQq3lcVCqhnypbULkyrHDmxPP+b/2l2+svPNVeuZFpWTbgRI+/aNXzwk8/+wvCTe/++a/gHOmmeSMxFNBqqVoRrDvDGBteTKBIVJKpgeCgBngjiLOpadbXl/Buvff67//Tkbx3+Xr6clYvbu0Dpo7pL9D07PPrwj73jr2G89jN5BcNiQF492BrkuYPlEHFEsX6fEOBMGLasht45agAiAnvSem4nB5b5P77y+9/711e+duF8KVI3ZhdAn+jrf+Sj28b/r0/3j/zV3UIPTWQyOCpSHVKk/dC0D5o2RJM+1aRfNO33mg46TYecpgMOaUOQ1hVpQ5A05KrbtCFI+zzSPkHaJ7Thbb/yho8Xtw2ltE+R9CmS7nOKtCGU9nmqjXI6PGYrB0dtff9EmrZOrSycnBPfKQ/89WldXG6vLq2c3vXQvmralx5QlkFhsBKFXKrolyIAwjHXKq5piyK2iFMJYgsQsRrZNjQ+vDp/8srh9vTKShkF+OZTCtVdIN3eZx/8+Ds+3nhk+99q1/UAGAZM8KpwXpAmCdQHkwMpoJbg4GPYrMDEGSAxgQXa8Ol8vUm/f/krx//FiT945bV8tUyUuhk/WuurfXLnvr/zVKXvr4wLT/Tlwg2vqHrAisBCYVA408OFYYWQCJAIYCVEYholWLnOpjffkg0eu3rDVfdNfN9UgNQLEue4T+22Wlrf024vf/flrD3V6TU0llxDZ3K5xeDTI7sG+yuN6sOeUAczefEwzLAIUX6eolGWCEQh14pUgt1XFUSMjs8hCSW1RnUobSSnZs61T/vF1bxsCfLmUgrVm80u0K4feWz//g8+/g/8aPreLNFa8ZQyAczdxoekChhADMHDBYGSHBwvHHhF6s1KbdV8+fLzJ3/1uV//1uHOUruMQb8FPrx93/739w393/fkeKgmMCkoVtRG1wIuiN1gibvN9iSmC2i3rxFiwMvt34bWLNc+fvUtXXUbyvyEKDTyDhZAVY0xtjLSNObwV1bmX26KL81PN2HuxOSS2YbLQ2PDu6lS2a2JqXoIMRuwAqra3c/B31gE1IToFgIFLSKFJCCvMjAyOJiu5tXnVo9dmNMsL5XqTaQUqjeZ4Y+P9z36/nf8rN0x+Jc7FR11RsloGH6EKOR1xAFTVICE0fIZjCEkqrCi8CJgMGpi8nQV357+/ql/9uIf/Pn3OpOtsn38LfKx4W3PPl2p/eI274dYhZhibhoj+qFinV+E/l6IHiUgHCMg6IdydMJzDJ64jVtQ+H3g9dx6CHzI84GFJqlZBo4eX5z61iXxrTJW+ubMLk3NebFXRraP7qVKsptTmzgVqPexsFJPl7dihRS7FYSagSEs1BuFEIwlM7GtL7k4/eqFY9lcq12uqt48iqlcyZsDHTrwzNODeyc+4+s8LgwmjT4oUDAzRTs5aWh82IEHLIWKFJlDg5NgAsrh+vPKMXd55d++/Pvf+Wbn1VYT5VrqlqmqjFRYq4Y9gR0c5XBG4E2o86YQGJFgBowba2xZTqHcDthD2b/+W3JQen23QgJnBM4qcvJQFRq0laEfoVqlESPaS27CKbjTXzjx7aVjV37DrshxzigXD5CxgOHQ+EMUiVdYCdelghDqBsYwGEIIcFGhjtWRxp6xz+z8yCNP2HqSrP9zJXeOUqjeRAYfGu0be2Tnz7ar/u0t7aSAB4dGHaFic6+JIfaU8lCwNfBeYJTAnmA6in6pXDRX8n93+ktHvpCf66zARytUyS1RUTQqSmwQBIggUPLw5OGMR24FziiEQ65NaE8pMPG1RNGpHldXd/+2WJERcghy72AUlRYGkmCeLLklJpezC187/qX26fnfqnXMhao3HlKsmtDtSBC2aPKLIgXEVbcAUEKuSqvsnt73zod+unFodIiSGIVRcscpz/A3iWSsnjz4M8+8R8ZrH+/YfFCNI4IHq0AplG/p7S+lAJy4YCP3Eio8mwSSQweoPi1XWp898ccv/u75zx2fds28NPjdJgNppZICZOIqNoQmh/3vGMiMomPWUgKoR9BCxXoJ5sFoCrz7txyi0+K0XlQgKkkKZ9aMlSW3wsVvnZw/8UfP/Z9yYfE/1XOeJqeiRPCscByuxzVpKiYLoRA0EYE8wBpqATa101fZ1vcTe3/y0bcnu9NK6Ux5cyiF6k1i9N37dww9svcX2xXd54w3xoQIPiqEKkzLYnZ8uG+ZQKKA8zCcIBeAOG3WtfK5U8+98utHPv/C2azZKd0Rr4P+Sp2UmBxZgBKwJjBiwd6AxIJhQDChxqIwrDCMBPOsxkZ8wV/FIcjhLt+iECqvSIjBxFBF6jS3YZpTchvopW+eOD/1wvl/zYv5F1KYFVFVF4XKx07aiCIVJgixpBkxoBweZwO2zKtoPvTAowd/YeLdu3ebqiml6k2A1z9QcgcYTu2uZx/6AIYr720ZV/UQqMSM+ChQayIV2gwohdkzq8JQMXM2njy//NrzL//GmT9/+Zhrl2HorxOyhtmRQYcSeEpBSMA+gfUJrLdIvIX1BlYsrLewYsKsWQ2UGMIm9jO6NxtpmMWTJ9hYAVxUjCtXU6+bk187cuL8iyf/tV9uv0QemSIk2jsTQtUlBteEVTjFqxZgY8L1qSEKKoOz6E8+/Mi7nn5PurtaLVdVd55SqO40u0AjH95/sO/Bkc+ggd0KZzjOxMOgU+RnFHLFYTCEgfcx/I8U5HMdQnq5eWr691/5w+8+33mp3UYZhPz6ER+SZRByYoC1ET4cFQq3cXES6/6FZzTeAbqTjLu/AURhBFR1ADxEPUks4lRy+ywfn8xe+oPvfRtT2W/VO8n51Flv1EBV4aFQjqb5eL4ohcqbRHGV6z1EHJASlqm9s7Zn5NPD79u5l2u2lKo7TClUd5ja00PVBz72xE/omH2v407dkMTMd9PtMorYzCP4H0zcgpCFZENF4nyrMtv6/Jk/eeGPspfaK6VIvX4OAaiowqrAqANpjtAhT0JEHglAa75DZwSOBZ7DYAUoSNevcW5/C06u17cFrYzvRAIYDxhPocBPuap63RxfzmZeOfWHern5uVo7WUgyViYTAlcQ/JXxJ4AYooAqhR2uCkDgWZClmqzU9UMHnn3mI+n4YF/oalpypyiF6g6ze/TQgfrI4MeR0miujohjc8MwVEXCORzKt4QIIwBQDpbBqjd5vc0vnfnhK/9+8s9PnfRtV5r83gAfB6g/puuGfd0rAFf/vLbFun4RCgvde0oQKg4DZ+iVVKbR3QFe/sK3L5z+1gu/bpbyb1FHmwklysZARQGVUCVY11bb3ahdQuxrpRAG+RSjQ3vGPjn+roP7TTUpV1V3kFKo7iC13UPVnY/t+9Gkr/I2AKlqqBTmvEfIdg/nduGYZwWMFrN5HyKKckW9xedoqv1br37ppec6zU5n/d8peV1sxRkuuZjoUPIGOAV57QvPv7x8dur/qGpyTDreqYtRngpILGTPcXIJBN9yIERlAgRrDKnFOw6965EPVMYqjXJ0vXOUu/JOMQba8+OHHqrsG/yUt9jmRZiNBdjAFW3j46ycNJzcrAqGQMjHhFOg5m0znZc/Pv3Fo3+aHcuWy6TekuuxFZX3nnEB/vQXX/mqXl7+/ao3c6zRYM8GTDHusvAtF6tuFmgRCaqAQMixjFV2ND41/OzEAVMxdv2fKXl9lEJ1hxh8crC246ndP5Y36AlJORUQ1BgIG5A1QHTlIzrnWQEOBm8Ie4AEnIurd8zh068e+e2TX3r1dN7MylD0LcQGrqfb2jaAyiSqO8fFLx+fPfm9H/yWWc2/mzhukVDwTalCvYstwnqEqvubBFWCV0GHc5P16zsf/NBTH+nbO9hPpvRV3QlKobpDPHjw4X3peN/HO9aPIGFSAE4JoqFGmEh0eyMkmxoJI5dngZCCIFr3fHH1zMzvHP3OS0eydqcMnyi5KclVnrSSN4ie/sGRUzNHzv+fvOKOVWwlB0Kb+sQYmJgmEHZ4+GEtIJQgEDgryCoyNLBv5Md3vXfvXlsrfVV3glKo7gCN/UPJyCM7P6h9/Jgkknh1ADNADA+CSJh9FUmERoJYSczVUCisoGUXss+d+NMX/ij7VmcZ7fV/peSNEOvPl5TcmBchr/3Ri1/Mzi38Ljo6l4tq6PKhXWMrdyNAYxSmhltHCrGKDmfs6nj77icffHdyYKQGWw6zb5RyD94BDn7yib3prqFPaIoxY5W9+NBQnMKUixRhNkaxDAsYpKGunzLBOEi1w69efv70701958IZ33alye8OUxhqCKH5pOpafsxmIhbw7hJCdEruJAvfn5y78sOTvyfz7e+RQytNKtDYQlERUhWKSF2AQn4VEdQQcnGAVcpNPlLd3f+JkR95aK+pp+Wq6g1SCtUbZahqdzy0+/2+3z4jrBWS0D4CqhAREBSWOEQLxcdEBUqhghwLI+lg2k2tfvbo5557Pltpl1F+d5hlAL6Y9l5nYbUZREs1iCw0FkclIl+6qN4M9MQXXzy+enr6d5KWniMx3mvs/osQUBFa9YTjQVGschGwMVAIPKvtNPh9Dzy8+73puK2X1SreGKVQvUEGntw+4oeSD+RVGhYKKRehVFJPoieCSVtyB8MMpx5iGNakMI6z6gp9+dwXjnwuP9tZKqui33mmAPIUFOqqUX2T72kFlZUp3iym4C984ZWv2Cudz1FLl5gSVQ6RK6HUWVGHsfBTxYy2aEXJvEMnpZHG7pEfqTzSv40SLsfaN0C5894IY6CDz+x5Gw2k780tNTTmWVAcENeKJgEAIeEwC1NLECgStVrtmPNLJ6789sU/fe2IW83LYPQ3CY3Za+iNpAvxLLe83X+EblXrHy25M1z+6qkLV77/2m8mTZw0sC6Y+dBNLyEtJjuhcoVlCxWA1QKcILdsXc28d9uB/Q+bpOxX9UYoheoN0HhycGD0ke0/mqe6K4caAUJ5iShSofdRcMKqAkwMqIdXH1pft9wyzWVfPPuVV1/Iy8TeN5tNP6CvWS01VO8J5sySNw899/VjR7PJlc+jKXMs0LWKJcV0VKEauiIYImguUDVgW4NnQy3kO/Y8uf+9AwdHBsiW/apeL6VQvX5o94GHHsNg7UO5oT4hhpCBJw5GmdjSI1q1ocRQAMQMNgxWaN3xkYWjU/9h4QdTl6Xty2o4by73/FwvBrnXu3XfJ87iEfoolryJLB+fXZ186fTv2JX8BRbKikWUIqysQlpwTAj2CqMGohYeFuoBm5hafcfgj+77+KGHk0ZarqpeJ/f84t2s1CZq6bZDOz+kfZUDtppaAiAUCs8CAOIsizX4EJQAgUJUUEks0MlXdLH9+bPfOHE4b2ZlztSbTzEF3jIoAHO1hpXcefTst48e7Zyf/yx3/BWolxCuHk4nAgeRgoK9IjUpPAwyrxAnsMagbbJHdz6+633JSFIvR9zXR7nbXic737dvtLFr5ANaN4NgppAkVVRHR6i2XUSSESBE8BSs2ZSLVB29cunl1/5s/vDZBclcacB589lS43mR2yMhCK3kTaT5ynRn8vnjf8LN/AfsqY0YQFpQzIBICUwmBJcyIyEDn3eQW99PQ8n7+w+NjnFqyjH3dVDutNfDEHjwoR1PSs0+kpOmToLPgKHB3BdFqpsWqAhBFaSwZJC0dCVd1C9MfuvESdcqmyHeFbbiaB5THErefKaeP3XJX1j+41qLp9lDlAQKD5BCmCBk4dggV4VRjwQexgjakkHSxDQTPL37mUcOJdU0Xf/eJTenFKrXQd9TQ/12e+2jLtEJgTIozKAYCqs+Zq4TlCwEJhSfjRWYkTmptfiVy8+f/OLCS3MLkslWHELvT+IqpNsIL/68GXKogKujD4licM6WWifevywfX86uvHDpq8ls/lzFU5sJUPJQAwgMcjAcMxwJrOYwrgXRFtQq2grKU7uj/5HBD9UeqA9Rcp1kvpLrUgrV62DfE4ce6t8x8l5UuAoALncwxHHVFOwARSsPoGiGCFhhVLxdyuaaf3j++yeP5O2sDEe/a2hZxKHkDXHxuXPnpo9e/L20g8s2dNvsZrGpIPisuoEuPvQLIwVA8IQkGax8ePtHdz9k60lZVf02KYXqdhlvmNF9O99pB+oHlUP52dD8EBAAHoi+KIAoVKkI3m5G4qxWXHL0/IkLX5l7eX6xXE3ddbba/o7JECV3g6UjF/KTPzj8NVls/4Cavk0afM4iDgkzrABGCABDiCFxZmRUwFCy1fTBHQcefMbuSGplpYrbozzPb5Oht++qJ2P19+RGhzw8AUDCBuoVogRPBAEhtqjptjgnJVScXWlNLX/5ta8fO52Xvqm7ylp/1s3NVWZKBZIy6u+usnj88uXm+cU/StqYNCARVYjLwSqworBxZaUUYgG7LX1U4RT9/duG3115vH+QKmViwe1QCtVt8sCe8Qe0Sm/Lja8KBCqChA0gAiiFmVRRFZ0EISgdMB6qS/7V+WOTf+aPLsyjXE3dNfpvceWxmfxVBbY3D7jkzecC8tNfPPJlN9P8DufahHgYA5A6GFUYBQgMUQMFx3JLCkDRUbFSsc+O7ty3x9jS/Hc73Mr1WxKpjFVs//7R9/gq7/SsRkgh0RZN1NPBjkJldImV2EgENqcmreiXZ79/7hXfKksl3U0mwoB+y9yvYrXRxwoVvUvuJue/cfzSzPELn0XLT5ITn1gLhY8J/oi+6SBShc9KofCGqG10z/ZH9j1jy/Yft0W5p26D4afHh3lb7Wmq2Zoy4FVCiLBKiJmINcDC0j+spTQkAmqS49Tl45NfvfzS5WWf+XJsuevcXrrRmyFW62sH3u52LaruOs+UvKnoxWMnv2Nb/oeJUIeA0Bi1e8UjBFbEYCqFQlghhuESrla29b2n/u5d41QrlepWKXfUbbDt0IG9GEifQIUrWgRMMODUwUPCMl/C1JeoKGAJJJ59pc3fOfG1l17Nmp1yNXUPoDdHe+4B1F1DEZUX8L1i5tVLl1uTy3+W5DxPXpWYIYwY5RfjfTX4qJRCPQBhgjcgX9F37Nkz8khiTVlS6RYpz/NbZRdo5MGJp6TBuz2cgQg4NkJU1tgQESApWgCEX2NlVDI7tXpx4Svy2tws8rKm372AKByR9WrV65ciCs0ti+1+hGjNBEjEakrL373hLPJTL5z5Jpb9K9abjMDwBHjWkI7SY10RCpHAuRd4CJzVnTsO7HybTZPq+rct2ZhSqG6RwbePpTLAH3QWowJwrzlGAGiMT7dkYIghuYchBufq7Kr/1skvH/5OttpprX/fkrvJlhvT1W/BL7VZuPSDC6f9dOdztkPzRo2CFMKytqpShLVVzKv04kHGQI3UfSLvqI/VGlxWVLolyr10i+wcfGgbp+mjYrSq4cxbGyJIQ+t5KFQ0hKSCkKiByTHfnlr+2tR3z067dl6upu4d1x3Q79fV081QQP1aRcmSu82xGXfllbPfphV/OlXrQAQhjdG+ha8KcZglpEkKUQ9YNpLi8W3v2jVuarbMqLoFSqG6FfrByfbq41o1O4WNCS2pY1QPQl0/Qmjh4UWgCiQUWq2lHRybevXM912Wl/2m7iXU/d+6xzd4bJNABDXRZV9ybzj5g9MnaNF93zR9m3uWt9pN9A8TWlKCeglBF6RAhXf1PTr+OO+01TL59+aUQnUL1B7qq9XH+9/FiRkI02+GUpEjAbAKCAJwcJwSEwwMqKMOK/m3Jp87c9618zLB9x5xFNB8g+g4orVBfpOuqiTmlV/z3UruDvklLC2dnf9ymtGcUY42PwlCBcSi1AwjDAuGYYZzOTxrrbat/73JE/1DZfLvzSmF6hbY9fDBsYGxobebxFSJGBKdpIj/D/4qhRcPGAqhgAJwJtNzF6e+uXxqaV7yMsH3XvEFACvrH9wKKOR6gesld4mpKX/2G0e+6+abx4zXLASjhxp/xSyClWGUYIggLoe1BkLCtr/ytsbI+HYyplxT3YRSqG6BHQf27K4ONA6A2QZ5iisq4tjhMzT08OpD/pQqyMObljt8/tsnXs1bZWPEe8360bx3BbV5VlNxwo4Q+gyC5BvnAZfcRS598+QVLORfsx7zRhErAMasKgqmP1ZAnIOKwBgDYYJWzd7xPdv2WGtvJx/9LUkpVLdAMlg/6Ks65knNVaXWqGigRgAJmEMLelWF8bzKi+6by9+dnpZWGZJ+LzkEICVzlZfqRmHq9ytE4WwzamCcRSqJmBgEXXJPkfnz81+ilp5hD2eJQofv8FQoTA0FMSFJUninEGJozY7seGD3AzaxZT7VTSiF6mYcAnVqnUfbNu9zJKRKYUATgQjgu517AZADwcESIXFmcvn09A8k9+31b1lyd/k4QHUN/oLe4AktErN7+lLd14LFAoXAqIXxFhWxWgGXQnUfcOHl105iRY5Z4TxlGxuoxug/ViiHCawKQGyhzMhYK3mqh5RQWf9+JVdTCtVN6H//UC0drT7u2NdCgRSEvlNYi1Bf2xSqAqsMzvX46VeOn8o7ZZX0+wHv/SZ35iiEPDxyCAmIFaIeJsyQ1r+45C7TPDu72JlbfR5taYrzMExgin4pCS4BYw28d7GyOsF5Z9N65YmhfUMDnJQBFTeiFKqbsH1x315Gul8IVinIUeg/tSZW0WsAwzYoVkfyztLq4fkzczO+rERxX8C0uU1kSiGp3BuFMw6OHTw5ANkGHriSu838qXk3eeLCd3U1vyS5egWDo3+qWKV7kdhQFRBRAEReZM/Od+/eldTKauo3ohSqGzEErm3rexSJGVUKNhbqESouIv/iCOhVYDmBNLPJmbOXvucuulW4chS51xwFtEWQzd6TyofBDR5ADoVY8m1qqqKcC90PzLxw4Wjawg+scEt9mF2oCAwzEMutUaxEoSKwzPCQ4cro4MM0YSplPtX1KYXqRuxOkv7dI4e4mtQ0Jt0QKRgac82LpD4AIBAMEkq8LGfPnfvWiRddKyuTfO8DvgBglThkFWxiWA0sUhASwFiQSSUjKvMe7hNmvnN2qT259B10dBHKasiEsgDMocMCrwXxGAoFa8ma6uCOkcf5gWofkk0TfnrXKYXqBiTVwYbtb+wXwykxh+Q9EIwCVkNIepikB9MfwQBOW2lOz7VfnFuQdtnO437gEIB+SrzZxEpFSkjUgj3BCMOIgWZiBjShYmVfcs+Rlcvzr3CmVwyMVx8CKIJ3gKCkcN4DAIyx8C4EsJu+yiPG9A8DXI7H16E8w2/Azp9+dP+hT7/7n+lE+tFO1VW9MowCqQ+hp5lROFYwTOjq6Qn1pjmfHb70D37wv37xc+251S0V8bcLoFq1ymmSsKqSqkJwdWRtjN+/6rzq9Q95uKuqoJlY1fxmeArOaZuTutivtwIglLNa+3OOSA11QBAkWgXQwac8VT6y9/G/84ClfzzgOiMQ6eZOFVF/6IkCLB6/nyAFLAxc5gCy6KQVnMk6v/+Nmcv/+N81J0/OqvNpo4EKEXmpwFAWqqVsgNMqFASrSr4iYbYPgJnDSb3uiPS+zmjhZVnDbxAlyT1VPwDA5aRpAnjvdKbZ1FnVLVlQd/uP7dvx4M994H+z+4Z/StXXYASePDL1ICaIVzAZGBCgDjZTra7i6Kuf/+Hfu/TbR//cr+RlzuUGrD/nSnp45lc+/u7xDz34q60+ebJtcwswDIDUh/p+mVV4UhBMyD6XFOmc+8bZz37vV05/9pXDbnVrRPztAcy2Rv/EB01yYGJwYLy/0UhFxAShqgZDqIb2BokKURjxuyeXJYpDLZCjpb0jYXLtJLJ4knqjBDJiWMOatlgzZQUIAwByCitdJYIq0GGjKS+BIKhqP1td0sE29++vND41ZvCJirg6dGOh6uW+FCrDcFkOgwTeJpjKsufP+/ZvHm7NnppTkf6xMfSBkMkAVWlZOfb/jaXmunuzowNQMFXFI2t4yjRERCbMQCuVHns2AKAqnrKGRwZPiQhdXQaX4FSuqYxr+erglbxpMFA32skzd3R+vv1S1p6cyVpXFjrNmUuqudsiotX/cH966G/86D/se3zHPxIrI2QFGTzUhoAYilnaDMAaAmU5bJvmWkeu/Mrz/8tXfq8912yuf8+SUqhuyAf+x5/5xdrT2/+fzTTf6RMhIKyoEh9q++UGcBz6zlixSHIruLj6a6/8sy/8j9MvT17eCmWTDtRq1U/YyqPv3LbrJx+wlY8OMR5IDFeIiFUhRBSS7zUaQGOzSL2mqV8sfnadWT7iimZtTFWEyzogRFATxkOKW2hSCSiD4soqfgolBRHYc+LFNzJNa7kMMDQp9PN+E6KboxCE8449AcJwRHnb8vJSapu5ZRhl4tBjQpkELAqQQADyBJCGXRu+e4+OFFbscPCuf84q0Y2O3wZ0/war0YpWVDlxK9DmRdd89djq/EuvLEx98SurzRdPSLbqtkiRjUf+3od/Yvv7H/rf7VB6wNmcHSvEAKoezAbqGUwMhgd7gbZ9xpda//13/7s//v+0pleW1r9fSSlUN+Qj/+tf/id4ZPC/6qR+WIwAMDAKGJFQMskoPDFIGYmz4GVZdKcX/vH3/6c//j/asyvL699vszEMmL+2d/973t839jcPqP3xbT7f1ge13E2SFUB7Bn0NXrzirLrKqBfvvN6RSAlwsbsKYkkaWwgVACEAHNcQFO4rhejMqhNYQVj5xXSVzSZUSqF+HNTD+KAXBIIHIUsMhAAjAGuUawqrfiUJjfsAmBgCtCHFDOC6vN4jF1ECIwGRRW5Yl0n9FZalU671lR9MzvzLP1q+/M3X1DW3wsrqwF9+5uADP/7Mr+uofV9ecQlXE7TydgjEIgMRA+YoVOogmQpfav6r7/83n/tvW1dWZte/X8n6SW9Jl8bBBqeD6V5KKVVI7DMV5vmhY2dM+40NFI0AdW+m89mVV9TLloj2e3ulOva2+vAvPV7p+6mdHtsHyNiELSwZWDCsMKz2bDBgJZh436zbWAkGr3NTgo3ilCiQCGCFkQgjFUbFMxIPpKLhNQJYTzBCEBh4MustWpuM6IsjA2GGMkOZQAwkKqiIIBEPKx4GHqQ+ylhYhRkVsOKaY3LVsdng8e4WPbGvdyMCcuvRMRmIOlTTzG4njDzRGPzku8dHf/mj9cbDNaItEaA9d/7iFdN0x4xoWynkTK11WkA8lhzGEgCwykh5L3b1V2DLIXkjyr1yHba/b2e/VHSnkNhgG4mLAlVIMWPvmYSSkqSOLly5ePaSd5u/pccQwO8Y3f70g7b2gZHcD/aLIyseKgKJpWEKG1zwgoSfieOKKhaRj0n43Wmy3mC7EQSA46CXKCEBwRBgYva/oRCNyaqwqkHUFDBK4ButJDYRBIbCQMjAGwPPDIk5OqFpH0E5bGAGyMTCyQYGZs0uG4/P+i1UpLvOv7hyvdF2QwhQEigcWB1SyVFttzCa57WH0/oHnx4a/9Ao28ZWGJAWT061WlOLP2SlRYAkzzNY4mhU0G4Z4e44wgAltKPx9u0DXC2VaiPKnXIdEqlNZC6fcD63hk0ITFcAMeHSRZcLRU81K3LquMNXjp9bdFl+0+v2fmcXkD4+MPqe7eDt1bzDhjwAgcAXdaFDXggHs1TvFnfK2n0Ot4W4X3ejGBRxnY0JMGtlgIP09Pw9BM8UGABDg6BFoaJCMTcxpAxSA8BAiOE5bEphE2Z4wxC2ULIAJyCkYKQgGAAUKlysO163vK0/Xuu3DY5ZsYEILAoWRQKgQkBFPGpZjnGhgQcaQx84yDycbIUxaQp++tTkS+R0Jup8NIuHHaXd6yDsV2IFJzQ2YmnchANVso7Nf1K8SZiaHbIV069QYiaoxDMMYeZaDLoBAgu1s+XVV/SkriLreWqTkgCVEbaPN5yvk2bkkAEUEp1ZwuqGibprlasm6ldrBxBNHhtM4m99o+B7CRd3NL9y8Fs5UjhSeFZ4BiT6Z4JGBpNLUNTNe7qH7xIKnQZzngeRgFVgJW6xYjdpkZAel7XB8ATWkHG14RbD/9/Ids179mysQKoGqRDggm+TmWDEo+bUjCaVx8aIBjm8fNOzMDl50XWyGQDeGAOVYHotwoO6YqVxgpVwHSmNxRlFyTo275X7ZjIGGto2tM1WkgoB5L2/2vkef1wLayaw0sKVC1NnXO7ytRduXgYBm4gbsipWDeBYwqwYFAZC1SBYEgYhEwejYosLqXArhWhcO4Bdtd3o+e6uDquC4CcEPFPYDOA4PBZWDWuBBdCrc3o2K6QC1mA6M+phxCNRj1Q8Uu+RiCDxwR8VKndLCHgp5k1FoMX6fYsgbtd97g5sHP2KiQYTmIgChsOKwuVkVfoU2DL17pIlnc9XOpeYyAFhpU89z6+tQuOxYar1jw5MsOEtsw/uJKVQbcT+mrXbGvs9ocpgqCrYMIQBUYERwEiYtSLW/GPBhaXzsxcl95veP4U4uIh449WTqAaTUzRhoDCzh/91L8DuCmoj4ouK12y43fB5inVBilN2zRcW3juKaPwHUDRZCUChEe4t5hbft4RPX5g+Q/FJ0qsTnq86Bl2RKnyKa77WDbcbPfcGNwBrxRZj01EUOXBwUMk5TEG2BjIprWyuczrxNof3IApRqUCxyi+cfgYqBkpk+iYG9/KEqcJcpWklpVBdB5emLuVdQlRhIjLGBM8ME7x6WFUkXsFxwDbE6jv5+U6+vKiQ20o0uV/JAYgReBaoJ1hN18QiBkwES2jwP8SFy9VbfKx4Dd1kuxka/xc+RxgAQ4FghLQBJViNgtUNLIjTeZIQ3HGLf+u+hHpMedEMrSB4Ijjm0IyPOPiEil+JAoXov7set7JPrjm+t7EBgHBIkC/StsTFEkMWAAnqW2hAunDhgm/Orh6npjZZVYN3FwAYhoIZ14BBaiFioGRYG3YXHkzqSG/hYLzF2CrnxR2FbbNqKrzL2iQR0VD1mIDYJBYswdSlImHgFvjm4sqlywuTTSduc0/bIyZqAkhh2ELl9q+dYoAqbu80Yai+ditYGyh7pvWbnqu/rcZoP+kGLqx//f3BetFad6RAqtRvKuAtNEZrJifyZmfaspEwWQjrYaK46tdgISBiwBi21XQCXG2EGUlJL6VQbcDo9p19Jk23m8RYNgZS+KJU4zkUasIRUTCD5a7VWlq9IM9rhi1S3a9uKsRKTBpn24WpoqTkTYAAGmwME2+NVCoAQGd15RJEzjNRLhI7/Cog2o2b7Qo3gWCMGatUkwbdyvL2LUYpVBuw54EHBtnabV7VKjNEFV4V3nsY5jBmS1hpQBXa8cvq3CmobolACgAY6huh1Fg2zIDEYq3l5VNyh+k5pTgdqBOZrTNIT50/s+hanTOuneeka9Vcwlbkp8UNSso0tm3XjiGTlLlU6yl3yAbYNG0oUyP3jlyM+AsnE8DGhJ9FwMQwQqBcljTTywC2RCAFAAwPDMCyIQZBnd9SJpmS+4M1A2aYBFFSBLlvDeaPX8rQdBfUo8NsNESshnGkSPoFEEy2TFCixsTunQPWlkK1nnKHbEAra6ewJlEiEhWQYRBzsCcXHn2E8HQGq3GYXZ1aWRG3+YvQFlQTC/ICESGNZouSkjtKPKUIAIPIaLLOd7XJOQtnWjpZs5V2cFH1BA5FF0Kh1kKAQNJqJa1xafq7hlKoNiBJTQomSzZGuMUluiGCeB/yiayFegWDPDI5M33x3LJ3+ZaI+OsiSqQKE1eR95r1Ic+3u5W8Mdbvz9vdNqJ3TOZQ3X0roXOTszNGqAMJshy+7prPWzR4qxQAW2M7Lq/K1tsPb5hSqDagUq9Widkqg4gZXUcoJET6EXVL8hghZz1ea03OrIjbWh19Q4VnCg31SkruABRTGYqfsdaskkJ5rC11CemVs5eudJZbTaaQ7q5r9pjiJcHPDQFbYzxkK0Xp3zHKHbIBXrVq0sRojMopQkoBAExQKLwXGGNACp96naPXkGOL9eY0HL53N+qxpOQNEq6jtQhSjT4qDWkgW24loZ18OmtlqwZGKea4EULyOVEoRQYKayqBmiRNBynMgkt6KHfIBhBzrYgeKMbo7oo91vkr+hpJ7rL5K7Mz3vuQz7eF6B01SqkquZMU5xZpdNOokm5BoUoFK66drXpR6TWBbmQKVYBNkgyX9f6upRSqDSDmBohCLdO4WC+i3sKMMGbWq8JlrjV9cXLG527LRPwhXDTd60rDV+4NVCoped1c7zS6UXPhzUoimiOXeVKESKui/mSPSBcIlExqh2iL9OW6k5RCtRGMwdh1fi2IIJxl3TD1UDWNoaJLq/NL8yJbo3RSge9JSFzrv7WW91FScrsU500M0O7ej9YKUpEt5qICbMdm5OgSw7hiDMEGItWFqL8cl6+l3CEbQIx6KLyzdlKhSMzT0GYirDIIxGZZMjS7V9/WQoMor62q1p7Yil+35K4Try2EXmOh1MsWonW2lfl2PglVh64tJk721n1VZobzvnY9DXsrUwrVBnTb+eDqUyZELGkMqABEBBBZhjXt7lRpixBDhcNkNw4f679gKVYlt8p1vU/RQgEAEpo7Xu+Vm5ILFy74dqu1JM77rmmzGFaKFWV8mIjgnEu3oq/ujVIK1UaoctcsQQrEyhQhIj34qwixKK3XJakNdsBmS43aHGe56BWonkGlpOT10Gv+u3o0JqjGqs9bDBJaybPMXWs2Dw0+114IGGvSMurvWsodsgEUaib1VDgucj4QHgv9UmGFgI4sL1y0He82iuPZvKz10QtNEsMIUkZUlLx+ui0cYx+t4ooRMBQMe/1116ZGvS5r7vLQJjyUTArtGDR2aw7jigDg1Nqh/UNskjKeopdSqDbAkiWKrdZVikg/QJXAZEASLjR2qvlKe1VfeMGjvUXKpkcE0rV+sioMoj20xzKz1Sq9FL7H620lbxwFQBrLkSGM18oMAYG2qMkr73SW4H2HNPQLCj3DOGgVQj81KMGrQBlm4m0T1lS35ury9VIK1fVYHz3QgyK2KxX18LoKxZaK+AMA0zNoULB4lpTcIdauqzAJIGgs9rLxFbe5IU/LpOgU+R5XdWS+yphOAJFprijrlhtR3hilUF2HwpK+IRps7CoiIn4pWjW2FBJOja04bpTcQ667CieATLSzbz1WCGj2jhMbjixhbkx52iAt3VRXUe6NjdnwPMK6J1TVeZE5IHaZ3kKIJmUDqpK7imzRhbtA2gS6qiDA+u9ZXGnBBbz+2ZJSqDZAr7tCCgUku/dUM/Uyr1ou1EtKbsaG0x4txuXYnn0rQuyJ6JoxovvVi/sha1GNz0Ir4JIupVBtgGJj4bk6kpSg0LYKVrei6a+k5I7TU4asu4KI/wAQ6xZq79sDCSkRheIuVz2x9mOxkGIlqXEmvCXXlq+fUqg2gEDdSNqNIKIiurSz3va8xdiK40bJ/ch1r7bND7MSYhnr3gtKEYNJitcRg5Sk3RgVLcv9XUUpVBugqkIUziTaIHUozAAJIPIC39mSl5m5geO7pOQOQN3VVeEO3ZrzPTZKIDVhehsoBCoMHGFVGfeFXDzZljxfP+q8tSmFagNERUK5JMQGid3mbgEN9uSQsshbLpACAGARuxvH7xpbaPduJSVviOJcYgIToOK3ZOkTUaaQQVUE9gWK/DxBsbwCvHNOX3xxy+VlvlFKodoAFc21W+tkrRjt+rFZScWAt+Y0MAoU1lwLJSV3nmJZoUBPNbytBa8VuO6l+9UL9RJFnmWdtbGnpKAUqg0QkaaIyjU2v/UuGw355Nc4SbcIITexdw5YUnJnKYIpFBAJLeC2HkpaxPz1xkgUA0cwfhJsYmHYNLfqePJGKIVqA7yXJRGRYha0kZkrPNct3HrtCzY5JF6hoQ5ZScmbjkKJNo623eyQEAikvT2oFABiy6Du68AwxMsg2pruhDdAKVQb4L1fFfE+THeiEm0kVkqkIaJn6+EcNEo1lVO8krsAkb+2SdOWoXcpVawki7sEEMPnHt7JIsq8zGsohWoDVH1TRHzvJROCJ946uKsurQ1CH0tK3jDxnOre0Drj2NZA6er2Hr0iBRSTYYIX0TzP51W3XqWbN0opVBug4tsQzcPoXCSJh9L8YWXVPc0UuuW6ZwPRbh4S5Xse7P5cSPbt3t4pbv6+6z/61hj+woB2o+3Wvub6/Xc3b2Pz0RikFC6xuMSgrXGUroG1W3Zjoy9Y7B2F+jzLlstKN9dSCtUGGNgMSg6qqurBbKA9iQ8EBURgGAq1W7LmM1tSZaMKCyjAsfIzFID09L64wcax71BxWwxUb3Tj3vdc975KBE8Ex2ETCq81Qps8PrPYr9zt3wRd2xQMTwwfvzOwdsyEAM8oVizXHKfb2orfv91bJRA4TH5IEKILPFgBltBCZlMfnhshobWJotglQbeMKowqOMYsiReXdbLVUqiupRSqDTCOm8i0xaSq6kI+kRJUQn8qIJxcDGaQNxvPkzY5DAAWCgOS0JMqCBWtCXacKN7oFj23iKvP623ABg9etcUBr0ekqDsQhtcIAB8HZok5KkYAozc/2Ys2DNfb7imKrhArEUIWXxTsKEBCgC/y/7pCpVBSeEL3dzY6Trdye4343M4tGKBisBYICUACJgWJgIBQDu+e7+g7j3qEYweFIFQRYAAGCqPS7fKrEK+qrd7LoSRws2v3LcnC9PySa3UWDEgMMbxzIDYx+Tf4q5LUwqtPcnGVMK3dWmjuYQRgITAxRONlRgqla28BRbfyVLwtHl97/ibbTV4jFAZdJQnmo26lq7XXhCE8tPgufi5es6mvfiq+b9yKgR4CowIjAlaBkTBLN4Jwv9gXGvZPCD3b+Hjd6DbsvSgkhaDcxm1xFAoxFVa47sqX4ZjQIbc1PaGsUCIKpk5AISBa88h1TaAendTYVQrNfkt62HID7J1g6uLkcqfZmoJXx8TQMOMDEEu+EOBVkXtfMzYZ6SrYVoKhVlSNSJgLskA4igT3CEYUiHD/6q0QlnArUPJrA+1tbuH3w9/zrPGzFAPvmhhRYRhTiWYV6Xn9+i+5uVASgFx3I3IgOBh1sOqQiIdVH2bpCMctrmXAYc0VBHuDY3WzrZgIrH/81jcJn0a5e5SEDXLDyJiRM6kKbfLZxMaE/U8aVpYIx0Cjpy76vVkJJLKSN9uLKqXpbz1bb4C9AyxfvtLkTC5CNIcqmDjMhFSDfZkZzuVQ1UatVt3JxHb9e2x2EqoIMwkI2oGHt4CwBvdU8S/+LFGMik03uNVQxBcoFgcbbDeCNFiQPCl8z/sWAtULK2B7/GpCgAuHcFNT7COlsP+lK95hdRXEKYh5OBYEX5jsuiuajY/PrdxK/Luv5x9BkYgi9YTEA1YI1ofNRB8iuZudBZsTivMEMrGmYfdbEggc/w+lXOevnJ9e8M6XQrWOUqg2Iu9kFdhpVnLe+1jVOKymVAREBFEFmBMlHg0lXLcW3nt4UvKGKGOFt8FRH2aBa1t3HOzdsMFtvNP1L8Wfex+70QZEP1SkWB2FWwpLQDBIGSwMI+EWYAhxNDet/f5mpdgfSoVPqjCnafDJxceKYBJPDC0CLkLLd+Ca/Xfz22uO8W1urEDFK6pOkEoQq8QDFUeoOELqSJMtWpnCAwmghkJhwzi3UqDwARLAAhjBzMKFy6s+d1tyP7wRtsCl+yawCOdb+SXj0YFXBeLynAhaVFZiBgwZp9J3C376Tcf86iJaUDhDUCZIoVAASPlqIZF4P94iPt97G0ascBtivK6+DQEC179FnHfGjgndaDcq3lsJJAQIB79avIWGdUYRZLCZ4fh9aV2kXx59PI4JnoMohwhAhnDYf4S1Y7bR8bmV2/XH+XZvg39G4VmQmyCq4biGb5f5fLMfoo0hqinDFpmYvVH4CoTEehE1Oa7ArTahsjX3wxtgyw2wd4Qp+MXJuUuaSceAQRKcnWHIA0QEYAJb5mqjWiPeoGzFJufi4owsq+9kxGKSFPAh6i8MlkU0WPz5FrZiCaYI+Wgb3na9KhvfUoxyYylC1PmqDd2/FUP+4uAoYVa7qQn70YDVgsWA1EBh4MnAE8NxDE8vRIo4eqmiyMu1x+SubgCEBbn1aFlBxwK5IXgm5EzIDTqXm/PeXZ1nv0WgPpBWBELBN9WVLKgCIgpy6juLzXO6JCvQTT+nuuOUQrUx2p5fnpeO61g2GkoIFdVdolNZBcZarjVqKe/ezbBby021kOfZivjjLaAFMcqe42CHsA+0Kx9gCgOpoSK3MYgaxQEW8X7wKcV9ucFtYdsL0hR+r3g8iKSCFTASo9i0mJIWv1s4/AGJiy4QwgRj08eTEbr+Uon7NcRGxGc57psQim9E4/7SEAkoCpKYYhD3Z+9tsQ/XP3718Y6C+XpugRicHSIBNeZ7ZQQ0LftFljPnV1dXctl6qwky1C+EiqgSEaJXiqBK0GKy5zVfurJwTo5LC1n3xC+JlEJ1HazyFcncMikLRQ8IxdUUcfDYszVQgqk9s8dyNQmTpC3CFaB5ud360rLgihOjjARMBhTSYRBGsLCpCqASVp0qgEgsVxbDcKmIlrjOVvw+gtO9+J0geOE5gsIAsDFB0kBBHIyuSgqJgyAxQU2YvbuYr8OqsCrgOI/tZaMajvcnCq/h+0EFVgHyAivB/xOSmgErQCKKRBVWFMZ7GPEg9SHqLx6LQjTWjuXac9fdNojGvOUt9jSDKsgDRgiijBYRFoy2LmbNr7ymMpOHk2JLwQZ9ypoACjYMQrTQEINgYIihTlrN2eXL4sWt//2SUqiuiwFm4WSWQCKiICaICKy18F5AxoASA4H2DeN8hSnfLCPeLXEB8C/OXf7+Rcl+uJSkiy2TiCODMB/kMLMHBft6HMfUC1QVTCH3Ksyjg/yAQsRTjxWwu3X1gxHNgABi+C4QHkP4a6AYzcdSrLrCM0D4m6ohss0RkKuDqiAVoCoEs4mHQCWFZw9HGYgECQEJMZgAJoJ4H/ZDV1fCl1UGvAkh/UVFhDCbD3MEivuN4u++aRuAYNSzYG8gnpGzxWqS5Bc1P/Hy0szXL4lf9t1Xbx0EfoANJWwZCoFELSK2YLYhhSrLV6gll0m1FKoN2HLRaneKal/iBg5t/0g61veYI0okzghtYpC7LFj/yUBX85mlly9/fuHo7KzkW8tssdJpLg8hbacmrVeqlWGGpAo1ykyFP0SYoWyh1kLYwJuwSeHgJw6bYXjDcCb8ji82Cg5/b+L7xfcsSgEVf0M45t9Ef5Y3IVE0Y4JjEwIHQMigyAyQJwzPADGjqgbWx3B6imkGm2o1FYRKLQDygHOwBIhKKBeVWmQESNzvYZ8yMkvIDKFjGc6Gx4ogixBoEfabj8fIUzhea/fXbj1x9/1fz+bYoK0ESVKIqSAz1i8buzzJ8vLh1uJv/cnU+T87693KZvclXsPYGO398L6P1fYMflgSqnmmMNFjEzrZicICqHRw+vLXT//bpdNzs+pk/bu85dk8V+o94J3/wyf/Sf+zO/+hS82QEx9KnxiCQwYQIeUKkun81dO/99xfO/cHr7zgVrMtNxt6G2rVh/oGHv+xbTs/sbti3lZXt88wNUiVIVAmUmsMGWaQggSq3gt8MOWpUlHMF9FHoohzbELQDiCskoiZYYhAxEQh7ypO8+Mqi0mZQvyaU0Ebop0YhckgVInhxKFjAbFE8I5quehEZrjf6UQltUNg8GYVKkkEKh62LTCcoCnaWVKZadXTpQ4zCMwMVqNQUa+Z95qpU8dhNctgqBdiIhhrwcRw3oXVGBXexMKfFNZnxf3uE5F4YK4HrX9SESY0AoIKJCfMTmedo+faS1/5+srsN7+ysnylJbLlRuiB97w9feoXHvzv04f7/m4n0QHhGAjEFrkPfsVEPMxU83Pf/q//4D9vXVm+vP49SkqhuiHv+Kef+IXGszv+F62nO4RAoT+TB9Iwm7Vqkc76C2f+4IX/y7nfe/mbbjXL1r/HFoE+UhutbKvb3Sn0ASYMEWAZ5A0zjDFk2IBA5NWrdx5evIbCOVAQgUJZH+Xg6lMEg153PGMJQsXExMz0CIhqAJahJAqqkypZ0mPEmgHqRLQjXjLxEAUMERINxyUPQXGsIlRzKh+VevWpgdHPbK+lP5aKr0XZ23RC5TgU9E9yhlKCGXEnT64s/M4pckeYWZrMpp+MnhCVtojP8lwzOPWkIcxfAC+eGASbJGBi5M7BiwMRh0yAHqHqhqcFE6FSFLz4mvVa1EU3GFcUjFw8NBxh7wmTsysrp5Y7q3MvqLj2+l/YIjzwwQcaO3/ubf+beXjwF/MEDY8wWTOcwqtFAgvO25qfnv21H/7Tz/937enV2fXvUbLBCVWyxhP/6EMfHHrP/n9OjcqjsGwIBCc5NFF4cTCaoL5Ms80/P//Lz//Lr/9Re7HVWv8eJa8L+jiAPgBToWAQJhAsX38GYDW85roD5Xr+Luq1n9//+H/1YNX+oz7fGSr8N5tNqHJyIBASZ5BxgvPiPv/Viyf/2892ll/uU81nARoF9MthH93y/il589jxI7tHDvzsO/5V7dGxn2iTrxYuBFKD3DEqtgKTdzqt45P/9MX/4Uv/3/ZMc2n9e5SUwRQ3ZPLMxanOSmtaRT00VKMgZngfLOlkAE5sZce+veM2SUp/351DvwDo7wP6LUC+B8gfxvtxAL6tQXgGzU4rTXPHZlMHqbNaMCxEGBkZtNJqdk5k5YcK94dxX/3h2j4quQ8QTvpsmo6SIVNE3lORTxi3vJMvLc8unvFe8vW/XxIoheoGzJ69uNiZW7nMjpzEmnFCiHFTBlCCE2+ozoNg2lqJVFuICQAgoW4e16aUq6IHF4fAClKIJcpRpdDNqOR+ZHDHtnFbrw6pghMA7BUiDIEBLMEwwc23L8+dnb4kud9yPu47RSlUN4LbS2i64+woE68QEHLvwGxhEAvVGpglbY1KTZINE3VK7jlHAW1zHvKurkOoil90cL7/CCHnhSNeAfZQyWPSdcn9yq5De7fbRqUBBSWx+K7CwMPAqQN5p7TsTzYvzk+Ji6aakmsohepGtNDRhc7LvpWtMocYNALFNjsKQwwQGWd0f+VAXx8lXI4Z9yFfALAKkVuxiN3Xqy0tZkIae0WtpeKW3JeQJ+2nxKbOe/Ia0tLDhAggUuSdjtCqP5ZdWJ5Xt7XSW+4kpVDdiBchS8emfuBX25dI1LMqjOEQYu2lqB3JabWyf/uhAwM23VrVKbYKhwCkodDgNRTCpBp6BG0G1iL8Y2rV+heU3B/0gz3LkIokoggFgg1CpQ7Jod7BtbP28pX5w3JJVuE2OkNLUArVzVk9NnuhktOrVjSDCLioBhDy+yHqSS31DU2M9Blryv15H/JxgPqKQ7YBm0Wg1qOAWWvcUXLfsbdivcV2J74CIgqJ1gCQw8AhYUKF7fT80ckjvpNv1dSWO0I5sN6EmWMzLptvvSydvFVUPoYomBRMYQ+2fV6HxUSIsCi53zgKaCdkBW1ORboBW+4LbSFqE2MVU0t2seVUATgQhBiqDgwfCgd35PjcDy9c8W1X+qduwNYXql27CNu3E8zr15Dm7OKraPn5hIxAAec9RGPyrwHEYICr6QEQJet/t+Te8wUAK9qtRxHTVYuU1bX7GmqFXv34Vdv9hsLfnx+sBMCOPTtG0kZ1D1uTiCpEAdFQcsWQgnP1stw5DNHXn385NkYwjxOQrn9mS7Glhaq2Y//A9o/+hWd2fvwzHxp58n2Pjj7y7KBJK7f9nS8cP/VaNt88w44cASDDABOcCsQoqGbrteG+PSMjI6l5A4JY8ubRbVTRUwlX11fGjT9f9fhVr7nfKNdT9zMDQ8MPUGL3OvGWiUKzy5hDRSBw5pf9cvuYit622W9g/2Mjg4fe/cS2D/+FD4++/RffP/rYe3aYtLJlU2Rue9DeLNS376vu+JHPfPDBQx/6xwff9hP/876f+uV/9PBn/t5PDj7wzADb9LZGncWp2Yu6nD+PTNtQAhmz1tabAbVkuJ7uHHl4R92k9rbeu+TN5xCAKoXA87X/3Zj70m/V87FVAQWRbEV75haBq8mDmpjR3OdMTLBkYMiGpqsgyHJ+fu7M1HHJ/e0k+lJj32MDO3/sr/6FnZ/+lf9m9zv+4v+886cO/k/7Pv2Xf6nx4BO7yG7NwgNbVKh20fi7fuLQ0KF3/LW56sjHL6HvPa2hPb/ghvf/ysQHf+5HqwceHSGb3PJ3zy6vrLavrH5H29JUH+rJdXwOj9AAzhslqtkdC8Odhg/tq0ruIz4OUH9R2DaO9+uF6GZRf/dDftX6TxASJq55uOQ+oDHe4NpI3x5TsxWYsCIv+nAZMIwwZCk/cvH86XO5u/Vi1oP7Hx3f8eO/9Bd0z6G/1xnd8zNXzPC752vb3t8e2vl3Rj/8qU/V9z7cT2brTZZvebDeVIw+nVb2PPqT7b7xD8yb/vocNTCLenXKVZ9N9z75D0Y+8MmP8QMP1W65K+8F+JWLiy+6pc4V8uLBDMQAPy8ewgpNedhU0A/aovt0k6NEBA29s64nSDcSo+v9zr1FKRih78fP9tam/9GRSmW4vssbsjAcOoIDIBGQEjorWZ7NrH6rPbcwq7daNX5ou9n1o7/wE5V9h/5hszH8thXbqC6igpV0gBaTgf21vY/8wuDbP3KAq/Utt6rakoNq7fGBbRje9oEFrYwuU407toG2qaGdDphWdfBdjX2P/Y2RH/nxh8zOXemtBlm0Ts1ekuXsBeOoTRIaBxpjQNEEmLMOju3eMWETe2tvWHKXCYWHev0696f43DpK4PvUefaWp22pP2Od8FYNDEFUwKQg9WAlaMtfnr4w/33/nDRxK6Xj+8fs4LOfeFR3PPyLC7bvsVWuphklUFtFhypY4RovJQOPJDv3P0V2XwW4xUn4JmFLCtXYjr0HfGVwX0sTq6YGZQsvBGctlpQT37ft/dt3PvaZ/sffOc63GFxx6Qen2rTc+XpVeJ6dap7HPj4AmBnK6Nv74IHdSZJu7fCbTQrFc71YUW0kUr1llMICLLzueq+/14QWfKX5735kaGx0hyY0JoaMkIIY0BCgDvZQ683LV47PnHedWwtLrz78zrE97/jYX12tjr6jU2lUHFuIKFKbApSiowlaVOun/pEnqP62Bqiypc6JWxqkNxX1MVMZ2r4vR6WhXGEiA/YOBg6578BZRl4darSr45/etv+Zd5mkWln/FtdBFydnX5DlzjkLdolJkJABqULUIxNX6Rh9qLKjUiN7AxtSyV1nObRB7x6TG5n4NhlUhlLcl/Dug/seShrVUc9gQSh0JXBgUsBpGx15Aa/OrCLzNz+AA+Nm9JGn3+9Hdn6yafv6xdZIFDDeweQ5UkpAXIWYeuLT/ofqeysDnGydkxxbUahqe56scG3oUa+mn8mCvEeSZ6iRh+EcngSrPqG2GT6UbDv40+nuQxNk01vaD6dfOXJq4fLMC5prx5ABFJDcQ1UhhBSpeXL0nbsGTbUspXQ/MQWQi4uPQqQ2Eqv1K6j1K6ySkluiL00GR4feTgkPOQiBCR4KIQEbgu+46bnJ2Re887di9EP10ffsSHc/8peWkD7gKzXb8QKCom4sqJ2BcgGpgVDKSGr7Rg9sHzaJvaUxbbOwpb4MAIzt3VO31b4DatIKKciKR0U9jGvDsoNAkHlGbvrSTmXsg0Pv/5l3mm3ba+Cb74rmmZklWWx/zTidh6iqCFSC7ZmZOGfZ1zexc7extxqlUXK3IISodEL84TpitanQUJR2/cMl95bRx3f1U80+KtC6qBCIQEyAUaiKdpbahy8cOXXUZdlNw9Lt2O7Ktsff8REdnnhXxyQVWAtVICEGiyAFgQVADqgnOKfDplLZBqYt5Su/+ei8yaj09Q9k4HEHsioCAwUswytBhGHIwgDInaCdNvY09j78qcbj79rOafXm++IC/OThi99cnl08kedZLiCwSWDIgEgoQ2tnfaT2JBm+VXNiyV0iFJsggK5T8O8mwRX3p6gpfPHdSu4b9jy+Z6+v835KOIEKQlAfQaGQdpa5qeZXV1+5eE4yd9Ow9KFnPrazf/+jP+0q/eOZMrvcg5UBYbRdDk0NDBNMrD/KZAdhkp3A1uqPd/PBeZOROz+aAaM5kSka5TkycLYCRQUkFkYcrAFaINOq9L9n+NAHnjSV2i0FQVz+3oVZXe68SKC2koVyAvUAkYBr1Ghsqz9c31Wrl36q+4cOAFe0xOgx62Fd/tSNxOhGInY3Wfus989nKulhF4gn6g92ajpOFmxUoVGsjBJ01U22z818T874VdxsPTV+kIcffPL9eXXo2Q7SKtsUBIaFAZThKwnaRuA0h+VQg5Rsknpjx0Dliuq+hqzZAWsGYQwRxVkMAAFDivI4iNknSUKa1vYkg+MfTXYeGCR7C76lyeXcLrvnTMvNI5T8i9F/CrZEmuLh4Wcmhk11a9mINzMrobHCbXEj0bp/2BQf8i1F7dFa2rdr6BEzUGnk3gWLHzMsG1AHzrTp+3OvnD/lO/lNV1Pp4x/ahqEdn2wjnRCyrCCQhpUTAAgRPIfEC1IJzQGIExju32pj+5b6MgDARAOGuUrEMcEzxEURUWh0CIKQgQdDhaDKVar1v2/gnR/bz9XGrSyXZfbU5ed5ITtKmc9VBRz9W04FYung6O7de80WLWWyabnJ6qNXmDaHSJXcj4ybXaOUJm8Xy1XlIFKkgFUGtWQhn25/ffHw4qJ0btIksW8kGR3b9n6q9D3rTVpRttf0cu59g+4Yx2yYTYot5rvcckIFBHMthclHkTgTnqFwMIUIPuZKejXkK30H+ycefCdv39+HWyg/cv67r51unVv4kjbzFaiCmSEh8g9ieWTb7vGHbWJKP9V9hGooS7ue3oi+Mrqv5I2ybf/ePelA3z5v1CoHWw4gQMcrr+Dlyyemv+Myd9Nq6X0PPzs4fOCRT1JjeLtwQrmXIFTXOz1VARCImQ0bvr4ndnOyBYVKET2X3XvhEAJQiaHkBB8OKpQMsqTRlwzv/Ojg0z+ynav1m+6T9qsLrfmjk1/Gcue8VfJeFV7jKWmo8f9n7z+j7LquM1H0m3OtvU9OlQOAQgaYM5gpUhQlUdEKlmzZV5ZtqSW7ff3evW/c8d544/17P+4L976+3e3Q3Xa7nW25ZVvJylagKFGkmMUIAiAyUIXKdeLee635fqy1TxVAkAQKBRLhfBgHVXVC1dn77DW/NdM3paBvDMZKRdK90fQ99HAZgcpjfduoEPR3JGYDZ280FNBKOu3jS985+tShV8+kyXdgy86NKA/dtGh1vm2JWAXdYqCVkDTP6jdazAxWb1AxdJHiTY3yRQeBiFgS981JD0DEq2e7fBVAMABalnUUlm4eHtuyQ+vwTGZKydSRI3vMfPNRjkxDDCDMEGKoUAU2S7cO3LF+g8r1wn8XDl7rKvW8px7WEoUNlYwtBdc1bKsSScwUOIk1Tqyothw+9tLhnyQvTi2+aZNvbUxx38hNLZUfS3ReQYUwK+QA08034CfQ+K/pz0T8xr//IsSlR1QEmwZ50lCO86b8gFfyFV+etARAZJnalBmU8sgNGB3Ln4lYbePY/FL7+ML3zFzzOAsbYeWITyxFymwc3DR0o96ocpeY5NYli4s17HfpLeCLF8N3bxozZX0DAs6z1/cTEVDHJKolj5545uirSefNS9J560011EZuT8JC0agsibDLdfnHU2I6dU6DFevt3FnXDl3wuPSuc3JC2SlEBCAfCRQLEeMqZJxDBTADrJFQJiu5yq7stbcPUyb35p7QPtjZ/Yd/bmYbTyCyHYChVQAmwCqbKw5Wb8xcVyxRphf+uxDwehx0KkFdHGTlgtnkBQwvhnd8yWMAVFo3dJ3k1Q4VcEAgJHECMgTVwlTz6Pz37KtLc4jfpIgCoPLw8A6TK19jgmyYOO557efs9twrokZdbUohoh5RXeggVkJEQnBeE0Tgpms6YUiIBXnJfSsGRgyYNQwUojC/szawY6dSZyYse+QX+4+YyfrXuSOTbMmK8bI7oaJMNXflcGHTsOJe+O9CgK+jcd+fRhYp7ae6cHuT3M7KvcfXJ94e3iZsDcLihr4bw0q+ZMWQFiDkADohG820frb3+8//NGp03rSIIhwaCoY3b9uli9XRjoGKjIFWCjDGV4d50vK2Lb0M0utBRCyD4hXRwUsClxxRQcR3gsMVSwCu2WkFSATsq3FcU7BLRsY6HMwOjt0eDo1Xzmj42MtIjj9+8OGgYZ/WCXW0ISSxhQo0kNHr12/dtCUIgzPJefVwHlEEqFsGlS7odCW/+ae8Ao4s3pbb6ad5dA+jh7cX+dJgP3LBlRJIhhXARhBaBrVlrnls/ptzT08esR0/buENULnulv6wb/SejuhqLELMBLIGK7NOKz/wVEOrq6VlxRhrm6toHbygcckRlbUWxhgrkG4IUKwjonT/QZI2yDlxR4iBwKJtbc7miu8oX3nbKJ9J+A/AkUdfPb6wb/JfuRHPaMuWiZGIoC2dgaA/e2dhqFBgP2Sxh7cHQwCUuLUu8DY/tf/+5zO6gd6+2+l46tIr7rposX7LpiuDYrAtRhwAFloAFcFyHU9NvXjwkaQTn5EAbblv4/ZEF67pWJURIihlAWugALAP9522J9CXp4tIYm0y3yOqCxzW2sgYm0B8rEecv3SyoUm/85bKe1aGmU2QncgPb5xgFZxZGcQi4uMvH/yhmVp4FlESEStYEcQs2SiT3Dt218YNOn+Gv6uH8wZ7afoeNjVdpz7Qw1uIEnhk29jtqqBHDRIWm0ABUG07v3ho9ruTTx86bjrJmxNHbUwFtbFrYspVKcix2+AaWLEnRYXSEGC6SeHUqwIgxhobmaaIvPnfu4hwyRGVGDsr1jbFAUh75AQQsLul/OQyWQBZCCwEjBhBnxocvgrDw9kznP4rx548+IqZXPqabUfTiTFiWQGBpjgj2wdv3rRL99fyZ6LO3sP5Q/qRX1oQsZfkcV1cKF87UKNyeKeQLSvNJNaAEitYip488tLL30uORoswb/456S23lOL80LUdymaJQ1hrYG0EUgTx0aEuSZ3mt5HbqMeJNU2fzbhkcOlZT6IpYpoXiE0T40SuUU6IYUhBQM4vltRltrBkAWZEljUK/VfR9hsqOBNFdQDYvRQde3bPjzr11nMG1CGlYRiwGcqH1fydpavW93HY0/57u7AEwNLp4iUXO8gSyC7vrXt4y1EFb7n9+muQVdsSJIFiAEwwUbw4f2zqq7Mv7d9r4jfX9QOA6sDIBuSqV1hVCK0oGEkgZEBOa8c9SdxsF3iyovSrv1lrW0aSRUHPo7qgwYR5RTxDIJe4XFHuZcE+3p8We6b3WzifikE6S7HO7czVtmw64/AfgIM/27N/9tCJb9nYToslawAgw7Ahrt90w8jGIHsGzVk9nBecACQBy2vs+esMc0pjaRcks6VvWAAWMctmq4e3A9mthXzfxqG7M9V8H2smawwUKRs34mcPPbPn4fjFqIHo1FedBvkBVR2fuEUXauvAGWUE0IECMyGxxotppyD/z6EbISJAROomtou9HNUFjqjeaGnIkmLXS0Cs3FK24oooIKBuNt1Lj4AAYkQJkHAWEYUTgxs27VLj6wpn0vwLADiK9uTTR79FJ+KnqGk6ZAWkCXFgN/StH7hJT+hsr/n3bYTQ8hbT7z5ZALIAp5melKBOKaK4UJDmWUEACUEbEnWJhXguNqzbvHUceX2XZCknDLBhBE010z7a+Mr840cO2PabyyUBQHHixmxQHbm7w8FAxwhbY6Hh5kyJ9Yo6HiuLbADAkoUlgRBBgRejqbm6JKZHVBcyZo8fipF06gz4rl6Gte4jZRgosWAhkPhcFQkYDBYNCrLoCCOmsBQU++4qXn1zjTNnGP4DZOapY/vM3qV/zrbpaABlQIRYmaIp4O7ynYNDnO+V/71d8J6HM+ppD8qKW/d5p5BU+sjK8Mpqb2sB60WVBYA2kODC4tLLCwMDNH71luu4GmxpSitIjEHGhok9Ef/k2EN7v50cjc8oNwUA/esnKjZf2haxzrJ2wxAlMYARKFfN53v8nFapq1d2F6n41IWIIGRVnz+yt2Pi6Iz+7sWCS85wtpsn4rjdmIZJYgAwxlXMKKVA5PYhKQQEBoNkORQoRABrTWHu6v7C6Iiis8gtHViIDz+95wfJbOtRHVObhCCa2GRl19aJ628KR7JZnFF9Rg9riQwA5TlHPGt4Qa2TyOh0K/tCJAEL8TtosYTk9LLwPZx3FK/fWDGV8F02x8MJCTM0qI1jS/tn/mn64f2vmtaZ5aYAQMrFrYnOjlpSyu08xF99rhdUsHK3lBZX+Ksz1aq11jLMHFTcWbOd0QWCMzfCFwuWVEKJPcKwHeczA+wbf7vGyS9sFgaJ0+gjAGISiE1gQGRYD2f6h7fT8HDmDKv/AABHnjtwZP7g9NeonhzWRhuAIDk1VBnpe2fpqlo/Z3rlf281igC0QJznJBBn5GEYMARX+LIizEc+LJj2rVxIa55gIQRYEsQsVtDxIjs9vKUogTfsCK9DlW9v2jinSAMJJdQwDx/52Z6fJe3ojPqmAAD9w6GuDd8mOlMVUiRkIWR9Tl1ByEV/XE2YD/12icrZLhaBImsVzBQtcgf2Qrpqzx2XntGcJsNxfFxJ0iYRYWYQMxLfFJ4aKRfqJ5C4GwRQDCjNMADalnNBZXgXbbumhjBz5ufp8GJ86Ecvfa9zdPEHaJglsiSJBsc5e8uGsW0bAh2eOev1sCYoAaItxIV83X2psTfsvBO3rpcj/xcaQQFwiioCH/4BEgaiFR5hD28d1IZMrjIxcG84UByzWa2IA+gWjizum/6n2ScOHTFnmJsCgOxVdwzRwNjNRmez4sTdIDCwxLDQnoxO/ZSd1mOauyIINGxi486kzE53YN5Eof0iw5kb4IsGz9jW4vETZDttzdapTohXTPcQguvqFwanYT8SmKTtDBUrRNDUDgo3FysTW5jPvPoPAKYf3jNz/JkD/8x1eTFEmCBkSgo0MXrV+psr66t5PotoYg/njmEAIUTYi3vCh1JSgrJdVkqLbU7OLaX5qrcTbm8lQKqm4smq/Tohyx7OL4Y2rpsIB7K3RdrkEwKitmmYydY3Dvzw5UfiZvSmmn4r0Te+4+ok33dlpLKhZYaQcTcQQOm+1kcDVr5wxQ8kFhomaS/OHRf7SoQzKjW8eHBJWsyFmRPTFLWaCkasWFjrx8V7txndXagjK3cnwCwQSZAIIeYQcaa0dWjjzlv16FjubMJ/AGT/j196NDrW/CqadgGARNpUaTDz4MQ7tm4Icj2v6i0HiU1laFjcCOg0xN8N+XU9KWcUUqQ/vd1klb4jFkBZ5131hCTfBtRCvemGLfdm+vLXipYMEgHV7e6pX+z/x6nH9p0w7fjM9w7lIZ0bXndnFBZHExWyK5RJrVP6/7LbnD4m3otKpeAYFspGndb81JQ1bz5K5GLDJUlUnfb8LCeteZbEKh/P7apiU5qngicpR1QkAKyBMTHACkZlsCS6hNLgOwpX3jxwFtV/AID4lfmlI09NfpVmk2dUTB0EzI1MfEP/dRN3q76geGme+QsTLwHSEbIEEiUEBjljL66PktP4v39+WvwLT04Xgke18u9rC2hL0JYkt8JL7OEtAY3dtXlTdn31vR1O+qxJkIt5Pj6++JXJR3c/Z9pxfOoL3giZbTcPU2n4LtH5kmVNhpx6jktJLMsjAanC/7LSf3e7LQCLRShxPanPzsC+ufjtxYZL8hoPTVKnqD7HNjaUFlN0882pwKfbqaQXBAHIBAEUyJW0c4BIZXWSK980Mrhzq1bhWYX/ANh9D+15eWH3iX+wc51jCmw7ofSbwfCB0lWDQxz2StXfKnwXwGLaVweCgh9C53uolFC3RP1Cy0ulEABQDGMslBACS2ArYk7y/Xo476gEwZV3XH0/VzM3SsAZHVMnv2geOvqD5/9+4aX5afvm86aWMTBAtU07bpBMaQdUJjBgH9hVICgoQbedBlgeS3NS57ofzshiENhoQTVbs05Z69LCJWksdacRc3tpWos1SBJABMzsRWjTnu7uPsV/9Baw6awfBSENywFaVvUHA+O3ZAbXl85o9MdKHD5s9j367HfNidaPuU31RIEXdXLtutuuvirIZTOnPr2H84dIwcQQESFQumP14TMFL0R0SsgPWK4GfDs9KhGnRGmZYYxAkwY7zzDuAJdW1vwCR9+N44NRSd0r2aDGrCgbq331F4/9zfwP9x+0rfisPJlg+3XFzOimO0TnC9b60eQECCmQKCgRsFhvrdjf4ElrOdtKECgScNRakLY0IZeWKgUuVaJqTr8Q6XhpL5uoTWJ9cC9NSJ+8a06rvQBAhECkACGIECwUYgq0yVfuKl9z18SZjv5YiZkXDx1sHFz8G8wnzyFBLIFaX904+O7S1sFBdspgPZx/yJI1cYcICRGMK/kDCYGN86q0Dwd2X3A6clpRdLG62+pA5DZXcWKgMyFIeSkwzc0mUacnTPsWoZpV22674npdy90ApTM6Ug1zvPH13d984qGo3j7zcnSP/qErdkpp6A7RuWyS2GVHSBQABovA1SCLiwSdVEyxPPyTiaAhwknrcHP6QMOas8iRXSS4NA3l4cMmWZzdZzvtuiKyLszjy459+AcALLt+hZS53G5bObMibhdjoZBki9eUJnbcpYIwd/IfOgNMwhx6aPdP6ntnvxi06YiyrIJK7t7NH7zx+qDY86reKkx1GosNRUmsNRLFsKzA5IKAZOQkaVfPY12jkBZgdAlnZUng2dzOBcTu+tQhOtaiDUEdtrUbEsU9onpLULl+bKi0oe9BzmVGlFU2XMLPDv7rS/80//zczFmF/ADkBzZwbeOO90ihtiMGB0oplys9yUoJlA9JOyPmkF6bKUkxABaTJO36Xjn00zbisyo6vChwaRIVAGk3D5CJpxXBumXsDtX1TLkLwcLCknElv+IuDSLtSUrgAn2MtsoMhsPj78mu29FPOjx1n/2mOPGzfY1Djx76qpqKf1g2QQOELaM71r9LrytVoVeqePVwvnC80ziwALPU0mwjxUjIlf4SqW4fHcTlL1NDIF7JhFY0/76dYGIYEbRE0NBkj5t2a7dIcmkVIl+gGMjzll0bb84MZN+pA5Xnjhxc2nvirw7/6yvPJc2zK6AAgOqVdw8mxcEHkCv2d4whYhfWczqkfufhbZXzo6ybo+ethSW3m04r/2BMw3QaByBy1u/lYsAlS1SdxuJxsslhskhgrdt5+OZetwch3/xrnTIp4AwXXOiPAWhxr2tB6Xa2cn315vduU9lCeOrfOhMc+/nhQ/PPHvr7XN2+aJNEokDuGXjH5itUPuxVGL8FOLq0uPtE0nmxzmi3tZIOwZEVnDIJ+yIb8Tp6bgfrDMFKlYq3G4kRJJkAjYxqHjTNVxPYS9IwXWio3bCuXN00eF+s7ai2aMtM5yt7v//cD+PG2fVMAW5AohqduM1kipsS1tpqhcQaJ5DcHfTqFEjE2ykvmeW9LUdSko78EAFsMt2uzx+01lxypem4lIlqZmpqLomiVxWhQ25D0lWhcFU0bsds/dBEQABhAE5tna0BGwMmQoc1NSkzlBkYuTMY3VglHZy9FzQ5aQ58/9kfz7x46O8QmSNG2e07btjxoYErRnq5qrcALy0tTe2bn/3adNTa02GKY06j/6mHvfwRnJqfWg79vX0gAWAIAkabqXk8bjy5f3Hu57GxnVOf28MaYyDP26/YeB0K/A6DOBMvNH9+8PkXvnjiicNHz2hy7ynIX313NTO26V2xCqsGTFYRSPsiHwBI1dDhNP1cQY+3UYAjq7RMHQIREWPtgdnjh47Y5NLroYLfTl6SSDok1atvX0fVkTtj4aKQcl6zD+cJuRwVkfFhP4YV7TrBRaBgwTaC0gptciHjLFnS2dyzzb3PHpOofVYVPgDQnm4nUaF1NDtWXaeK4c5cJjOSrWVfOPHkoQNJ+8wFLHs4e8wBQp3O0RFSupDNT4BViYkUEZMBkChCrBix/5owwxI7nTWvtxYrQsIMs8rbm702IULCBMP02sdYoyMsTcWNw52lnz05c+y//mh2/pFD1rbO+kLs4axQvXPz0OZbtn8BfXyvUnzixHNH/uPLP3j8ofhou4VVnPzxOz+4i8e2fkaKfetbQsqQBisnm0zixnYQSbcsPWGBsBtPRCCIT08oJFAkIGtNJm78cPa5H33bHNm7iEvQqbpkiQrtOSldcVst6B97d8S6ZpQ6qaUTMAAJlgOB7HfVBCIvUyMG0AoJGExEgaJyKVDH2kf3PRPNn2jDnvVmCnW7tBTkcgt9IwPbKMvbs5kwqh868Xhjsl4X0xMXPZ/YZ5J6YuyrSmfiutbNZhAsLSo1N02YmQGmZhRNzjJPzRBPzRFPzRNPzYOnFqCmZglTM+xvhBOzhKnT3CZXfD3uv3ZvM0yTc4zJGaapWcbkLGNyjmVyhnF8ltPnydQsU/p7pmbd35qcZj52iOjVvUny018sTP759+dmvv2otUudXiHF+UUpo3c8cM27C5tqvxXkgkLjyPyX93/7xb+sPzk3I9HZFVAAgB7cFA7e/O7f5P71727rfCFRIcVWoIih/Mw871Z1N9SGXaWPEpdTTawAZKDIgCVByIh1c/bri89+66d2+lhrNXbpQsfZh7AuIpQe+NyV/be/969b5dFr2zqv2Lr+GXgFbfgTkJ4EWRkJJTezKM1bMBJo0zKFpcmf2N2P//6Rr/7Rc0l9fhX7KQDrctmbfv3OTwzcuOH/FscdbQ9M/y+P/umPv9s60GyuZofWw1mBrg+LxZFidbSWza7PElfJ2gBJYkm5+Io46UdnKqxTsLAk1M1potvEAvigMQB4/RMhuJaY7h/0V9Py98vLzqfKBT43Ti706CbSODAASUh1GuDF+Xbn4NLi5NGnbRK1eyR13tF3+8bhHb9yy/+WG6u8L5le+PHBb7/w/zr8nd1PrKaAAgCq7/rC5tFb3/Vfk8rIHYs6H3ZUCBELBYI27kqwxDCUFvZYN44eAFsNIoXIJCC2CFUC6rRQYllK9j//e8f/8v/xpWRhunnq37wUcEkTld71q/3Dd73rr+z4jnc2VSFDnqhSeZwuyBWFrsxLYEVEWABXqK4sgsXJmerMgf/rni//8X+PDj6/ajd75PYNw9s/dsPvZYdLnwpifvilh5743w98afcLSb0XAuyhh1XA7UDXEIWxSuaGT97+YO664f93wmgcfuz5/+erf/nst5PFaHVkMLAh3PCh3/vl0rbr/9e6Lq9r6jx1SIMZYJNA+eIICwVL5MnKApT4/LqL+hgIrMTIhQSO6sjWlw61X3r8UzNf/f89aupzqyLQCx2XdBI/Ofrqkuo0Xg1JYjG+Sp1SL2lF0vyU5HmKld4WQBArEJ2pqsGR+4o3vHOUM/lVh06PP3Jw6qWHHv/TsIFvZIqlXdfec9f7Mvlc6dTnrQrVjVwau7JYGLuiP7/+qiINbFdQveLCHi49qKGN2dyma0bK227aXNp6wyCPbg3W6lrfdN/VGwa3b/ykaiHT3Dv1d/NPHXrIdpKzr/LzKFx331BubP27OkrX2mLJMsGIgbUrC9D9vLRUyR/wKiSA8o48A7BJAmsFDEJgk8OdVzvHJJJLdpO7akN7UWDxsK3svHnC9o3eFulckdgVVLxm23VKK9NpOAsEwFoDHTCBkC3n9IHk2IuvRAtzkawyJtyIl5Zqpb6ZQn/fjUEus3F+3+QTS8cXpsWs8hcCyA5vqFRu/sg1o9fefX+w6fp7cttu2KqGd/bnMzaOOrYlUcPg0pMC6+EyQzAwns+v27apeNsH7ilfd+8Hqtfe/UB227XbMDSRzbNpRrOTTTmXmUzFMLjmA3d+NNtX/nB7ZunhPd976s+mHzt+1HZWtzZztTE1fteDD9rB9b/W4OxIokIWFSJNSyt2kR5HVC7dAE9KTocEIGJPYC5kDAhCE5lSe/H7k9949OtJ4/kGcEk6VJc4UQHo335TxtRG74mDwiApzUK0rEAMR1Lp1xSnElX6swigtKaWNeVCLhMWA/vIwp4X5k3UWd2CmIPUp+amCgNlmysVbq2t74+OHzz2cjTfaq1KrWtoSA3d+YH3jl5327+NRyc+HQ+tezcPj9xTHBm4ZWDbFaUEhRPt9tScNJZMbyhsDxcriiObctWb331n7c4Pfia39brfTipj7zWVgVuSUuW2/ED16uFNW8zs4cMvmYXp9mo3ZWN37tw6ctXGf0NA4+ije/7dwR/tfiE5i9Hyp2LstvcPF6659X9ezJR3mTAfis4itk62n+AU/J2io3RJCl7WK43sGCdECgKglIKIRca068WlE1+ceeKPHzPt+Uu29/uSJyo9vEF4cOJWW6hsJg4CdxF46YEuPy1fMCtx6s/ipGuRiKiAqZDTuZcah/fsjRam49VW2nQWOrbdaBwen1hXKA3139DJmiNzL00etZ0znxAKAKhWuXLn/VtrV935f+9UN7zrBAp97UIlMPlivk1qGDqzva+/v5DkwmOdpelZqS8lPbLq4WJDZmRzfv09H72jtOPG3zV96z8U5QfGGyiEHc5ypMLQMo9kWEZaiX4y2v/cccSds1tHAKobBvpu+eA9nwoL2cGju/f+/Qv/9LOHV6Pll0IPrAuH73zwPe3B9b9WD4uD0AWypBEnXoiAxOn8EXxqwtko50Wloz4IovzkBwswA2IS5E3rCE3u/eu5Xzz0iulcup0KlzxRNZNyXNq4bZuqDt0oOsi5yC9cADCdVeXFHU8lpuWf3SuIFBJjQUpBYPOhMmCtn2ru/cWMXa1XBaA5WW+FxPuq64YmBkZH1k/vnXy+ObvUlLOoflVbrshvuPm9n5KBLZ9qhIPlli4i4gCxEESYhIOSypS3lfL9WZulfZ1oaVYWFuxqCbaHHt5yVEaDoXd8fFfxiuv/z6Y6+kBTl0pt5Aich1AWHQsEQcBkk8G8jWdbB175hanP1c/Sq6LrPnjrPYPrR96zMHn8n5/6+g+/3T7Rarw2X3DmqN7+oY2FK27+/aVs9UaTrWYiQxALaN+z2VVRczIT3ehOSldpP5Uol8dyhRUWREay0dKT8y899sXG3ienJI7O4V1e2LjkiQqLoS1u29Gv+4ffZYNsyRKfykcgZlhrX0NWJz+RwNAugakYIEvgpBQEvNceObw7WjgRiV39hmbq1ck6QFODI4PrSv3VeO745Gyn3o7PdIEMbL91XWbzjZ9bCoeubFNRC2VcEtZYKAso0ugklFGZ/LpKtiwYqBzu7J6dl2jOYlVxxh56eAtRGQ3Kt7x/V/ma2z4blfve3Q4L5ZjzlIgG2QBWCIYVrBNy5QITZxJ6rHH4xeM26ZzxBT6ycaS846ar7ltaqL+659GnvzX38uy8xKsPPej+sczwnR/4kBne+KvNsDIgYYHi2IKEkWHlRs2wtzsri7q8QK0PDAJESCAwZEEgKAZCSqyqz3x9+idf+a6ZOlDHOdifCx2XdNWfwz67dOLg87pdn1UmtgQLN/rD62TBiX0Cp1woK0C+Y1yEoEiDLCBC1A5yI9I//MG+mx6YUNnVVwCmePG7T7z0yg+e/mo+0KNbbtzWH2bDM/58BtdvH6Xs4CboSqAoi9AycsaiIEDBKnDCMJSlhsqPJP2bfn1w6IbfyG+8b4KCc3/fPfRwXlGrqeKN79o6dOs7/09xbfyXmmGl2uYMJaTATGARKAiIGZElRCqLWOW2Dm3culkHwRmXABZrxfD2d99+pbSi/T/9yg//8cCj+2dM5xwKMgCqXvuOCT2y8cOtbHnEqCwnCSFUIQJiwBg3q8FYP67BeU4ugrMc+4GL9gFMsGJhYcBkEcBG8cLMU3LkpUUkl643hcuDqICoMXU4iJv7VBLF6URMpJeEuItCsRMnPdWPWgkxLqZMAggx2qKDKFu6ldaN3xOObSqtSgPwFDz7/ScO/PzbP/2ZraNOaVfyGSC2Qa3DuXKHQzLEsDAgicA2dirxwkgEMCqLui6PLBWGf7V67xUfzWzaOUb6zAmxhx7eYlDxpndMDNx816c6paH7OqpUTihHiWhYAqwYWMSwSGBggSBAogJ0OCi0hAcs6Iw3YvliPtQcZF596pVH42OLszBnFzM8FWpgPNu3+ep7O9nqtW2VCw1CuF5ONzqexQkeO/Byrwwc+ZJYuBIL9xAzA+K/mhgZ01mMl2b2Wmsu2SKKFJeFgYomn2/o1uzTgY0bChBFrhxUsbtoJJ1V5UVrl+Fjxh5OLsCpFrPSMFCIJDughzc+2HfH+3eo7E0BsCpx9ZWQyRcPH3zyuz+bbjfbZ7xQYuIgZqVjZopZYMjAUISEIkQsiF0jBiwzFmNwVBxcp0av/K3y3Z/8QHbztX2kg8viWujhIkK1yoVt1w8NXvvgJ6K+jb8W6UrNco4EISBO705gYSmGpRgGMYTdJOREKSUqDH3s7IwwdWiq+fMfP/azl59+eSaO4jNee68Dqt34zi0yuOF9SbY0GFnFAgUWBltfdi429ZWc/yQECPspD87JEvF9VQQkcYJQazABmixUe+lYtP8Xk6spGLnYcHkYp337rJ078RQ6nRNkxTqBm7Tihpy+1hmEod2GxvpcpwIjg9ho1dGlWyqbr/9AcfP7Bzkovi3nlJQYgbXWxymFDSwbGDZIWGAY0JphTAxhRsQBGkF5a27jVb89cO8nH8xvua6/R1Y9XEgoXnvHyMgHPv/xZHDTrzWDyrqOClVC7KTOhLupVQULJQYZWHASgUwCk1hriZKzHM5i9z+/vxN3zn1Cbm50c2Fo+00PRvm+GyOVzYJ0d+6ZHyQDYesnOKRjZbxyjpAb+bEi/CdICysAiIUSE2dN54X2M99ftO3GOb/fCx2XjWFqTR1/XjrN3cramERgEwOxtrvdevNtl7i5VeRqQ5MEUBKCkKNmooaSUt+Hh95RukGN1jJQZxxtWDOIidpk2xEhElACsG8cZHIK4ESwImBY5DIKxibokFbtbO2Gwqbrfm/w3o+/N7/p2mqPrHp42zEwQMWtNwwMX/mej6rBbZ9vc3kngkKQkHLadwKQMMh7HxqEUAR5AJkoRmAMlNjEQponhUTeKpTGefiuj16JoS0fSPL9w4ko1nDRG1e3ZyBkYMjCsCcqMKxv72U/ioi9SK37BwRKA4mFWAOy8TzVF34Ka1cn53SR4bIxSgu7p46aZusRxdQKfMgPYv0O583gQoAWCYidFpcxDJYQAWWRIKSlRG3mofH3h9fsGqcw+5YzVbw0v6jiVkObjlUw3W52AUNEQcAwJkGgGWIjaAaICYkKuREUbwjHrvzdoXs++UBu07W1tci19dDDalG68Z6hofd/4SNmaMdvtXR1B6mCpoSgrAWJ8Zp4BEDDQjsDT+SKE0gQKkIu1E1r4lkRecvDYvntd/YXNl/7wWZQ3hFzLhDLQGJd5MZLJFmyMHBzpwwTLBEsOaJys/Occe4uRCEgsVDEIGtBJt43eWD/k0kcXRbzyC4bopp/9VC7NTv7iESdRUVuRKIAALkm3mUHO5UoSX9aoQfo48VWLLQKQEIwCaB1Hh2E+Xqm9N7KtlvvU33jJbB6S419Y3pyTkWN+dB0rLaJT9IqPwzSlTMSABELaxIQLJgMBBZtCoJWtnZzftO1/3bwnl9+oDDRy1n18DZgYIDKO64fHNp+74ftwJbf6RSGru5wMYRoaGMRWHdTInBiQgxLCgkxDFyLSaAIZBOQJHOLs/MnrDFvKVHp2lg4dMXOu+Ni34cizvcnoonT4gjvGaU+Uhr2E7heThcUdF8Jp/iC/nu2Ai2JqLj17PTuY4dMdGkOSjwVl5ExesYmCwd2U2NukpK2sWKdIWcNC8B0ScqVrZMz5d4ddwY/DZ8RDDQLSAysNRAOYIICtYLyhszoll8qXHP3Zs7k3lKvql6fWZRO62goNlHG+PevYMVNDWUIFBOMsWBmGOOOOBHABjm0g6Je0JVbsxuu/d2Re37lvfmJ6/t61YA9vIWgyi33DI9+4Lc+agc2f76tS1fZTDFImJGQANqpxzijbrsTb0nIERYIIFesgMTCtNpHlo4fn7bJWSq8nCOqN96/Prvxyl9uZ8tbjA41AGitQGy9RTEAOYFsAoOFoay7AS5XlbCFYetJbAWRsYYxMXI2sjI/+Sz2v7qAOFlJZ5csLitDFB18fLYYzT6nk06TmQSkYKCQCEGYAD8wkQVgSwC5HZuIdlNeoSEgKLIQ2wJRDK0JHWMQU4hYFbilijcPXHP7g9WtNwxw8NYZ+mT+2IK06k+HYtpu98YQUrDEILFQ5MKczldkEGuANEiF6BhCm0K0M8WwnqvdFmy97t/23/PJDxU2Xz9EOnxLCbeHyxC1mqrsvGn9+FX3fyKpbv58J9t3tQnyYWwtLFkk2qAD4wLaxEjIwlACgumKs4LIKcdEAm1JuN15MTn60owk0blW750xsuu2l2pX3fy+uDJ8W1vlcoYIIglIAUYMSFwkQ/z7ZWFowwgMQXsFJcuCRAkSdqSVVgMKGJFYKAXkTetE/eArz5j4521g1cpOFxXeMkN6IaDxzE87udb8v4ZIjisia4yBiHXlnrw8ANh9EbCYdK/mT5WPAXY12A0E7gIELIwQrC70B7WxX9lw3yfvCDZcnVurkQNviqP72mZp9hHbWprXMH5yTfovLYX1QrxIm5hd/gpu2hYiUUgyhaCu87tyE9v/59F3fuJjpa03jHDPs+rhfKE2pso3379h5P2f+7Tt2/I/Rrn+a0xQCIWVu1olcTesKOX2smeuzXCZrJgYsBYUdaJkafZxmXx2Hmb10mZnhdqYGrj34zfx0MSnWqLHYktsiSCwiE0EVl5nQnx8g9wNvpKPvaiAy2PBH5sLBLpnCRQDShITJp2nl/Y8vd9Gncsi7IfLQkLpFOQ2bGvpgQ03NRFsSlhpFQbQJCBrfT7H2WQil8NRsP4+Nxbad/t2s1hpqWk6vj4gYUqSWimX5TgsvNTa9/S0RGfeD3UusP1bOvnB0XdTvrwu4UCJsAsvwM2Vtf5tM1yfRirRwv5/MT70CWFmGSgWC5uy/SN1iVvHO5Q0pNV0JVc99LAWqIxlKrd+YMfIVff+alIa+3QnU9kYqaxOOIAFnMdELhqgSMDiNo3WG3rnSbm53CyOwNjEKMT1w/N7X/qj9is/OyLxW7P2Srd/eEPf1bs+Gxf7748pV7AUpA2bTnDWWjACAApCgKVUHonATlfD75Btd4OsxAUIHakJtCTI2lZdzR79h7nv//VDprlwebhTlyNRteNOKzOyfX2mf/TWiFTWEhAyw8QJiAK3AEhAlECLAQMu9OcvFofUxFtXOegXEVMqIMkKwFBfIVtfOLLnuWT+RPOtEH+N29Ie3XHVdShUr45VmDGWoVQAIsCK7zIkN4SN/OLuUpXf3SnFMGKgAkWJxUBQLG6sbLmKknJuqjN7fFEajd6IkB7OGcWJK0qZa9594/iN9342Ko18qpPtW9fReR2zhiFAyOV0XJO93yqmQhHkQ/G+ZzC9jo21yLNJiu2ZHx7/6Xf+Ppl6eRH2/DsdmdGtmXV3v/9Xkv4Nv9ZSxWEKCixgxNaCFLvNrIUnKnZNyV3h2fQf/MbX5bEY1hVEkasIZAiU6aCQtPY29j73Z0sv/mSPRO23NP/2duKyI6pkdtLw6I6wNLbpgY7SVUNMIWuwJVjS7gIi6womJIYCYJESlfsd7sLyrjkJOA0/CEOEkEDBEOXAGNSl8ovNqaNHbGM+OUsV57NHY1LWX3tHvy333yZBoZKIJlIBAIGBgbAjo9QfPImoxI0QMACEGZYJEUAmDPtVobItX+zPqIyeM/WlObO0cP6PpYdLE6USF8e31Ubv/9QDhR23fDYujb6/la0NRjrPiQpc0QD5iAZcI37aKMtwwtFACIGCZQNAukZMbIKKNvPB9L6/nPnhnz9qmovnX1qoPKRG3/Ur1+hNV/wvUWHoyo7KBaQysCJIrIGQgMhphLJoH5lxFX/pWgQY7JrDVhCVe1SIYJmgIMjYSLLNue9N//Tr/z06unsW9vIopMDlSFQAUNx0TTM3OPYOyZfWJ6y1xALm5V2aJes9KgsSR2BCzmUn+F53FzvzROXyQZo0lM6gIwAFAVm2fbVKmVqxvBQdfHEaZ6HivFqUN14hVBq8EfnqhoQy2lLgKojE+ITzciOh8/7cOGshAEohNgZQGsIKCREMaepAVUhntw/2bxgOKv3zptOZjeenOmLPSbCzh8sOA1S4ftf6sbs+8oFgfOfvdIqD97TCcjlWWYrFeR5EAiIX8ksNNaABUiBfLWcR+vWYuAZ8uFB2gAT5zsJT7Zee/IuFlx87YOPzv97y179zdOimuz7bLg+9P8pUC5FoWOvJdsWgBvLySYDLrQn56gm/YUzL17vpbz/lV+D6q7QYFKUdydSBP539wV8+YpoLl0X/VIrLkqiCfDGqTWzfYPLla2MOClYUAYH3MwTCToFCi4BEuco/ckUUnp+6F5XzslwuyIm5AJY1Egg4IFashrIczmFh+uVo7ljzfBv3yKKZG5oYplL/LYku5Dqk3PEweTplkKQl+NINOwi7tLQKQ4gIDAisAxgwjGWAgpyl3OZcdWQsN7KxkzTnjsczx1vn+3h6uDRQGBwPiuvvGx/cdf+v6/Etn2tmq9e2gkLGBHkk1mlvMhkwjCs/h3VkBAW3Nhkg41de4EvVjTf2BCWCgm3HdurVv5x7+Dvfak+/WpfzHPbLjG7MjNz+vvfIyJbPNjOV0QghCwUw4myDVuw8QqeRDhYFFmdfbJpGoLRYYvnmmn8dUfkhwAhsjGK0dLSx54U/Xnr5kQNvVe7tQsFlSVSdyQOS37jTSmVgl80Uh3VYVLFx/UYEC+N3O64MwfVSOW/KeyDivKjl6iOGQIGgkBgDChRiG0HIglkXMkG+vzay+eDcsVcOmsWZ+HyGzaKZo3FufFucHRq/v6PzfS1mZu2StansTLogAL9zY3csxIxOHCMIAkAISWzApEGWwRxQbHUQkdoQlAubcus2RaY+Px3PUF3MUm+mVQ+vCzU4kVl3x/uuHbj9nZ/A0KbfbOerW9sqqyMdIhECrIEmt80juB4p60qUINCAKO9lWL8Ondki/7MBIUAi1aR+ZP6lR//d/JNf3W07jfObvykPqeF7P351ftvNv9PM9d0cB4WsEQaz9k/wyuhCALuUgGtUtrDsRZEofZ7LwwEu4pGIhbByvZ3kmoVD04oLnbmHZ3/27S+2j70yd75J+ELDZUlUANAxplHZfOUOydWujpAJrWjvJRlYst57WiHP4i07eb+J4LT0DLnGWrfzIzABVhIQu0VkLRFRpj+byWZNyLvb+56dkuj8qh0bGa/3bdx0tSmUtkU6CKEVWZGuNpqrqfDxce8VWsCFPJl8XkCgicECaP+kBAQJQxWRHgqyhS2FsY2FZL5yXNRi3TbnenmrHk4FZUa31iq3ffi20hV3fCGubvhYK6ysa6mMSpSGYQaRuFiGGE9SqUfBACmAGEr8uHZy7RUEdsKsEECARCwythOV61PfPPrQP/5DMrV/4XwPEaze9L71A9fc+9m4b/0HGypfjUgRg0E2rZxNi8vdT+wGOrpctt8pip/G4HLFcM9lRiQCaA0DV6ClrEE2aZ3Qcwf+2+T3/+pnSXPxsgr74XImquTEkXZl+005XRl5hwkK5dgSsY+PAwDIhfKQVgHCk5dLh7oQIQiWFCw0AOX5zLoYO9zvcU3CWSXgoYG+ctyePLi7M3NsEecxZBbPZuLM2KDKjY7cbDPZvshaFjCUqOUwg0+4yYpbl4y9RI0SQFmBdocLQ+LLbZnFqv4wU7gyP1oq6oEh01mcn7FLMx2IPW/H1cNFhNKALm3YMVq762PvL1558+c7peH3tIJyf8RZNswwfvOXzmRKDbslhuWVPUbiQvAQJ6qsFMQaNywx1b2DQaazsN8efO4PFx75yrO2XY9PfTtriczoltLGOz/2MRnd9lvtXG2sAcVCCkocGaWFEIbYN9w7m+HshiNjICUq9xjBS48yw6oAhgGlySnDd1ooxPUnlvY9+if1F584Km9B7u1Cw2VLVAAQDmxplcYm7pSwNJ4orR25uCodF17QrtSA3G7PXX7pHgm+8dcpQAilyWAXZydf1QNoGAphwRlWMlYcHJ/pTB3ZEy+eaJ2/kvVJaefChezAyE5k89uFw1A4dElbLMfGXWTCrZp08aQLJ03wKoHbCZIFBeT6PAxBQROpXFbnSzuylf5tKA1FgY2m4xzXpb5kz9+x9XChQw9NhIVr7tk5fM/HPq7W7/hcu9R/UzMo5AxnXPTB7ZSgfAl2uqosuXxwKs7KAmgRaHHFFZYIrDXEJNCaoYXB1iBHcaznj35t8dGv/X3ryCuzYs5fNVwwsCEYue+Td6mJK3+vme27cglhYFiDlYKy1rWpwKUEUrHZdC05tVm34fXbRUfWKy0LKxhWiGwChkAnEbJRK9GLk1869sRXvp0cO9TAWytfeEHgsiYqG9lOdf3WDbZQvSYJdN4F83zBtrhwnltUaff7yhBgWobAcI21cG6HDwu6y84tOAsNEMiIKRfz+Vq2UHu1vTB7NFmajs9XiMLYRjNbG1W5cv8NnC3VhEO3VnzHO7rklFZWue/d7m8FYaXEBoGwgF1sEySERIhiqIyE+bFcpX9LZcPOnBnum7dTs0u2MX9ec3E9XIgYoMK6jf2V2z+0q3z1nb+ZDEz8SitT2ZIE+TCycP1PPurA5NTEl0nKqaNYUgCc5++8rVQfT3wokCDWQDOBEovQJjYXL76y+PIzfzj/ky89c169qVKJ+3b90o6+627/nXZp4N5OWMrbIEfOaxKwdeuFukQFwEcmSACwdblgv7qW15s7BySOqGIAFgZKYmSTNqo2PhYd2vOfFh/+8ou2Vb+8klMelzVRJYuTJhjZYsKhsVs7QThsmVmIoazTc3DEJK7aiFxic5mpXHNvatAB64XKHaERGCzK0ZmPryulKbEyWKgUcmFteH995tVJuzR/fhpoGw2BGZ8a3rR+TJf7dzRjykFhebp991icLsUy8aboBs69ooUgMQZaa1gxMNa4ZkalEAmz1ZkBm81eWQgqQ9l8f51Nay5a6JWwXy4IquNBdvi28cF73/eB/JU3f6FVHn3PksoNSaaoNAcgcbPRQHAZ3W6IjOGkhlyYDOIlv4Bu46sronCad0QEEuuUZJIEBU7m9dyhvz7+o6/+Y3Ji7/ls8KXi9feMDlx7/29EAyO/3MwW+lpCbEm5jZsRsF9TLs/mlGAIab+iwDJc5EWU38Q6O5NO9HUszohFoDVB2wiFpJVU2vWHph977G+ah56eFhNdluvpsiYqAEhAjeq2K7eaYvmqmHVGoBFYBSWOpISNn8S5nBztqjh4l941IqZD0NifVj922muzEwmsJSgd6g5hvDJQ5gY6r8SvvjSH+PwIZ8YzYTsYqNR1dWhrEubXWUWB6+Z3DESnkNQyTTmScgvOi2P6UCExw1gDJzwGWEWIjAGCgGJBnsLs5tLQ4IbS+OaM7TQWO8CSNJdMz7u6ZEF6YKLQd8N7bijfetuvqIltv9Eq9N9g89WiQUAkCto6AVbLLrPLAr92vGFPvXoiELlQs/NMnHdifdGSCKD8c0gsFGycaTd+WD/w8z9deuzLe6VdPz/hCQDF4Y2VdXf/2sfsyI7fauZyG9paK6tdlW9WhVBefs0ywbCLPtAKQhYCTFpdK7pLVstE5ra3YELCAsUCbdrIR40ZOXrwz49//1uPJM3DbdeSf/mhR1QzR9rVq3Yx9Q2+I1aZikBTYF2lkTPWrjnPGXhn2IXcLkiJi7MTLMAWht0oEJHANfhZF/jrFldYAukQLYWMZPT6rMot8sL0K9HMsYaY8+F5TMpSszkVDm20QW3oRqNVxbrCRF/44UvWfRm+oyoXp7Dkd4YrVJyJFYyfOMqBQmTjZfFMJggUidJhC3pDUKpdV5rYVqLa4KKtL8yZxdmol7e6xDAwQKXhzf3lmz5wb/Ga2/6NHd/yiag4sGHJcMAcIssBlAFsJ4FSARIWWHKhsPSKg+8bcsttuYiHga53kuZ6lM/nwFoELKJNdHDpwMv/x4mn/vHH9vih9vnK3QQDo8GWuz/2jnDLrt9byvZdHWUyQUwC8UKzyhDIEEAKhoFEAUIW2rpjgSdbSy6YTlCeqFZ4XD60aSF+WF6CjGmjGLd+3nzl+T9deuVbh23cuGwX0GVPVADAg+uj/ND4zRzkJ4AgMAZgFcIqhmsxTPNO6aW1nMdJf3AXom9K8s9kuCIEFzZ0MbRYBJHSJKxyhTDb3z82MWvnJ/e3Zyfbcj7yVYuTSRCMzgb9tQkUS1uNymZIDCk4z0qEAAngBno7orLs5/34YhHAlQoTCFZcaTuIYIyBYgVmhk28vA0pCGs2rEoSBJv6BkY26L6RhI1ditqmIVGj511dAiiMbi6Ubr33quEbP/ChcOLaz0a1sbubQamScJ5FNFgINvHXh3YN8IZdFth5U+73WPYtHux9K2vhxrb7WjgiWHKTtZ0LT2ATISedRb009U8nHv7yF81zP5lG1D4PGz1XvTh4xwevGbjmvt9dyg3d1ckWc1YpMhCYRJAJM0AiUKy7G1snwQYom1qCNGvtSQrsbYMbVcJuqwfDzrMkEqikgyLZVtiY/ev6k9/5bvPYnqaY8xbWvODRIyoAraWldmV8cyFb6LseKltpC0gyGcQ+AKHIeH3jZRJKSWrlTgnd8gnxVYKOpNIFJwJwoJGIAkQxhAazOhgtV/v2zk0eOmaW5s5LAUL7yGI9HCotBQPjO43OjyoY7RQAnLKYtQGYQ5fcJqcM4BTh3Y6REfgjcx33RC4OqFj5QyQwudyCVhpEBGsFFjpng8I2ro3tLG68qiSUm7ZJY9HWZ5Oed3XxorBue9/IXb90d//Oe343qk18qpUf2NnWpazlHEEY2ptjEMFCkJAjKacYvuwxpd5S4gmMIZDEIOAAIuzWiwKsdFwflQmghZAxzTjXmf1xY/czf1z/yd+9LK2l82PBS+Ncue6+9X3Xvffftvu2fqiZyVdj5WRymRiaApCFGy8Cx75uRfkCiq6VcLFz9iTlRnkYEMV+E+yKSQw7l5FtgiDpSEXbV+Z2P/1H0w99ca9pLZ2HXezFgx5RAUBjztpKbaYwsP4amylu5mwx6EAhSgyYCQG77nGBa/7telKUxtB8fH0FiVH3cf8cuA51ZoZY6y9ZYRAGmVUhyeSmOguzx+S8VMvNSRy3Z1TfOLLl2k5iVU0EbKDAOuOmV5ErCIGrveqWDbt3nh6zdWTlHcQ0dONm7BAgntxcYSAsMRnSZDjsExXsqA1U+7OD60iajYUYUVM67d7YkIsIemBdmB/fumn8nZ/4SGbjNb/dKAzcuxSW+pJsiWNygqt+6wOGhcCJsqaXh2uPcNeO+HyVeJLqXlGkfB40AWDAynvx4vqRAtOxZTRfaOx94Q8nf/qdh8z0q63zVEBBlVs+tn5s17s+mfRt+HQrLAwnitm4S96vieWVAW8GVmSyvYCuf5hcVZ87VOd1ubSA28g6hRs44jIdZE27Fdanv3z0x1/+anL0lYXLSYD2dOgRlUcnXloqT1xVplLtdhsUiokwCQk0p1IormInvS5XAwtAMYNNgoDELUIirbL5zeVSrWZ1YXdn6tiMtBeTtTbgdm4yigu5g6PrNg8kKrsj4WxeBXlKDPlikQQgV2WlLUFZt6jSHF3aCJ0WDQIuGZ4uSOd9nfqe/aBGIlaKC0oHV5QrfdfkhzcxV0tLpllfMEtvgap8D+eGgQHK9Y8XKrsevLHv9g9+Oly3/QtRse/qhs5lOipLVodIrC85p6Q7bt1Vy/rP1of8yBtlVxHn+/P8P2M1SAUgBVgbgZDAme4QmgMEtikFWz8eLB3/r4e/+89fSvb+eAHJ+Qn5hSNby+vf+bFP2tGtX0jC/IRhqK7m5+sgXQenv8+9TYKrAPbcDRL2xUoCtkBAAJI2imjva+555j8uPfwPL5zXkvuLBD2iSrG4KOGG7Ul+ePzWiLOjhrVWisEssEZAvofjXIhKRBxRWQPAwALoWEEEpVhlxirFEhOCI+0jL81IsvYyS9Y2OlpV58LKwLpMqX9Dx6rQMBErgUgC9rN9lHW7V/EMnRaTdBeX30eu2C+6/9mHQLoPMsQPfyNiGCsqFtWvSrVttaGN41SpRWzNYjQ32Tw/xSQ9nDOyI6q4655Nwzc+cG9u+82/3ekb+8CSKgy3VI5jnUUC5crOxQ84hHGbmtTthl8zshx5sP5HN3MpvZoUDBTA7CTIYKDZvT6xGsomKNiFuUz9yD8e/+m//GXr2e8clah1XnY44ei2au2uT94fbL7h3zQztStaYgNo5yd6twnw6xmejN4I3ecBfqfn8t0uD8ew7AqYYCyyDARJKwqa01+feeifvtQ5tnfucvem0COqk5H0DTQro+uHbFi+1qhMwa8uH/LzI+VXuhRnCbEERU4FWtgJT1rSMBSS5SDLQbh5YHiAkvnjL7SnaUnskpu4tlZYXJT6zNxUtjo8l+8f2twUGkEmDEACsqZbjQW46kVnY6zPfPvFtZKkTvrGLVhPbS4Uym5hu/vgjJEKqUm6EgfZK4Ly0Lbapiu0NJZm2iZuSLtXaHEBgbLDG4uFbffvHLvm/k/r9Vd9brE4cOdSkC+3KCAb5ADOwBqXnXUVea45d9mzdoE+1zjvytNT1XACnIafEEi8CgxpR2KSQLHPY1kLIoUgabTKnclvze3+yR/O/+BLL9rm+Wl8zQxOZPrv+7X35Hbs+v2kPLKrISojATsy7gYul8kHK4hq5X2vhXgP0n11GbnA5be7mn8WGSRSMPXDSwee/6P5h7/0jG0tXfbeFHpEdTJMYJNCZXgx0zd6U6Iz44mQAgUQdoMTly+y1YGEnTH3IrBgBrFyeoBMsKAsNK+rjW1abM3kD0dzL9ZhO6v/g6dDc8bGzcZxk8kv5Wv9W4ziAUBrEHtnaGW83O8UyRE0Cftfku4g08eXiQrdBevzdj4/Z8kFclQuj2ZiYVWgEgqGOVvcUVq3syalWssmnRmzMB2dTx3EHs4A1SoXRjf1jdz1kff0XXfbb6ihbR9d1MWJZpjVJswCpMFQYOOVvYnBXj7IbW6Wq9wstLu+iV3RBPtHhKDEN7+K8pWlzgsjApgJSRQBJkFeIcp35p5q7XvxP5x4/OuPmxPHOuejGEcNbsoO3fnLNxSuuvN/apWGbu/oTDaGkNtwuYL65Wv/ZLypV4XlMLrzIhkWASwTQK4sX8Mia1sdvTD51RM/e/q/R0eemcZl2uB7KnpEtRJzcwIjM9WJHSOSLd1oVTZnEJBl5Udjr56oyFfJiQiE3dgQK86oW2sgYkFBQAmoEubyGzM1qrdnj71qFqaaa224zfzRuFWf3zcwNkEqk5tAkO8zUAqp5+O4xROTD934IhLHWZ7CurkpT8DidBKFyCXKxXlWabjHKoXIWhf+BMNCcYKgmgS5qypD68fDkYmmtBuLyoatpL1oe97VW49wcDxbveWeLf03v/d9xW03/X6nOHJfJ6hWY5XhRBNYu/5AZQXaCAIBAjBgrN+vOEFZX/vmx3RoVwer3BwmEriqQCiQaK/g4nwMJx4kTgzaxMiRMcVo/oXowLP/+fgjP/x2sueJOuK1Fw8PBjYEtXs+dXP+irt/O6qOPdjgTNEqEGCglIaj3zcmozeEV6uAJ2kII2E3UZzgNA0DaSNv6oear77wH+YfeuwZ2zoYAefFcbzo0COqU9A5cdhWNl2ZZPtGbkBYGe0gUKLIEdXK9MtZIn2N8za8Yff5HGILpcgPXNOwUNVMvrg+rI7MJUszx5L5qcZakxXmjychcDBfHbZBqW9bm7iSMLN4LT+2Li8n5JK96RGs/H/ZY/L3pTk8X4ovWN5pWmJAh4htAj+Q25XDKw2rMoEJsuM6V9lWmriyms2PtVv1mXlbn4l6ZPVWYZwqm7bWqre++86RGx/4TNK/8VcbQd+OFucyMQeUsMDAgMVCGSAQghaCsq6FFSS+SMKVWruAIAOpAgO5Jlg3SNATERTEj55x/wSJjWDI9RjllTUV29ib7H/uP08/+q0vRy//aA7x2hdP6KGJcPDOj11dve6+313I1N6fZEpVQ5oIxoUgWUGs7ZLVG4f4TkZaTCEAjF8bLK6fKiEFYwVKKbCJESRLSTGa/87Uz77xN+1DD83CrP2xXqzoEdVpYIXq1bHNuSRTuz7SmaKrvzbL+eFT8GZuP5Dadq/M7kttnR6Yq44iMWBhiAGEArbgwXK5vCGsDreShRP744UTrbUmq8bRPU3Eyf5gcKxE5dL6ROmSJWJlXbOiG3HiDY+4IcFuyS0TFQCXyvM9ZekbJHJyMCm1O8Jz5flKDNgaPw9ZIKRgKAgSzozqXPmqTK28XpeH24gac3EsbYmaPe/qPKI4sjEsrHvPhtH73/feYMt1X2iUxh5shrXRFuW0VYErIUcCJgu2FtpfHynBiLhmd+s/41RpAnDNq2lfoSIAVmAhIOWICis0UYxNoAIClAGbpimaxZfigy//xcxP/uVvmy88PHU+ptqGQ+t09c6PXlu76d7PLRUGPxJligNG2GekBBBxeTJg+bpfBaQbrXCN8y62zrDWuh7EpCUl1I/TzKE/PfGdv/q5aSxGp/6Oyxk9ojoNOlMHOxgcPJYZ2HizzRTWJzbRLj91evf/jIhqxWWe/g63mH2SFW4eDQEgxWBmstYOFgqFiVxtbLK9MHM0WTzRXmuyah3f24jjwQPF4b5AZfObhLiohFkp7QIxvn+MmFeEPv2RrPSmAF+6u+JcnOa0pLOu3K46PXfkvEwVIkokiyC7qTwwuLkwMhEaVVqI2osL0uyVsZ8P5Ea2Ftbf/dGbKrt2fao1sOE3GvmBG1q6nI8pJEc4Lpog4svIfX4lLSxwjaqOnJzOXXff4kvPDdiPySHxzbHdjQ+B2bUwWAgMCVQgCKRlcvH8K8mBX/zn4w9/44udFx6exHkgqWBwY9B31we3V66953eaxdGPtFWmPyHFOGmgoVut7lI/5fo+C4hfH0ppiLiGeCYgGwSIoxay0k5q0fy/TO/5+d81XnpyUuI1zk1f5OgR1eugkSwu9m+6rsyFynXCKBERr0ympvmYFGdCVl1CSkVeff7GvdLtK7VSsDZBQASxhknp/mLfyAiXhxeTpRNHk/PgWcVHzbzEvL/QXypmcrkRy6oYi1VaKTARjIGP0zsPaHm9psfsz4kX6+36VStOCUGgxbq5PKmXRgSAnXCnnyosACVCypAeyZZKOwrVSs3mq0uB6SzEi9M9NfY1QmZgXJfGtg0O3fHxd+Z33vHb9cLoR1uFwQ0tnQ9ikCt6IK9j6dHVXfEzoxwxLasqGH9dg/xryXnN7GZDwxonNURgiHVRBJHENWoogDTBdJZMFY090YEX/nzq4S//rXnhkUmch0GBQf+moO/Oj11VuPquT0eVdb/c5PyQJWbX9+VEpp2KxPJ+bHlTtToQpb6l2+5paxGShenUparNkWTfL/798We//UQyeaRzvnQLL1b0iOr1MDcnqrZurjAwvI10uMVChULai84u28qzIav0UTc2w+/WJBWGdSZBBwqSJIA10MxIDCgO8qOZcmVDrn9gPl6cORLPrzVZTUp0pLNAJtxT6i9TppRfH8OWGaK00k5GgDwB+XHgDikxdVeyv/9UonIkxOLKc12Fl6v08sEjbxxctNGVAhODVJkz+e3FSv9EZXxLFC/OTUVzxxs9sjpHDIzrods/sG3gtg99VE9c87ut/NAdDV0oG86wEYFNWxIIPqcEMCknGUtpGNcLrXoPyt0cn6SmmCUlOie9JT7cBQEUMQJ2I+ZdjtaAkpatSPtVc/ClP5t86Gt/a1782fHzQVIYmgj7b/v41dXr7/pcVB3/xJLJDCUUKE7fT5dKnEfppiD4beYbL/HXhVslBDFuwgIxQZkEOmkjR52oHC38y9Ef/Pe/bj336Cx63tRr0COqN0CzsVgvDY2obHXo1oSzFUuaZEUBwdmQVIp0URNcp74ScrOvhGDIOvUKAmAtFCmQCqkJVgmr4WI+vy7bN7rYmZ85vvae1aR0jrTnJZl6NdPfZzLFwqBYVMVCE2nExhkbR1QpOa2sCsQKZnJvK73bLXo4MgIBpMDQfocJCAksGSQSg2g5l2EMKKEgY3OlDUGxuqk4uB4UN2et6LppLfZ6rs4eVN10VTVzy7uvL19z92+0+id+vZHr29miMGNA5MJzrvGb2BdA+JEc2hOVL4PpqimkNyLnLRMsfLF5l+v8hQPSgbsSxBEfRCDGgBBD21aSixZ326O7/2rm4a//VfzCj4+ej3CfGt6ULd75S9f133DnZ0159CNNyQ2Lyij4410OaoobLUKAoynygrOn/sYzB/uAhCgFEQstFlnpSMU2Xmy9+tx/nn7oi8+YXt/UadEjqjdCfcaINVO1zddfYXO1LQnpUDwjnS1JCQDrx4CQJyntl6Ez3m6MRpIkTthVKxgBDLvACRGxJRnNFcsTuf7xZjw/czBe89L1SWkffWEhjjsvlgbGG5wtbIyh+0UFyqaruEtIXXY6zc/pW1r51nxug9h5kb5DX+BUL6w//vRcWgigAiDIIFKBahoZzlYrV9Q2X1nU5dHZ+tKJmZ647dlgnPIT26rr3veZB4tbb/pCO9f3S51McTjWOZWAXOgNFkwCTU5LnyWdnO6q1NLJAA4CsMs9ORFW5zEz4Puj4F7j2hC8NyZIxPreQUI7duPW80psMWnsocO7/8vRh/75rzrP/fj4+SApDE2Elbs/ft3oNXd83haHPtow4UDCIUMFJ69n50ytuNaXZY7efKWfHiRwlbTMEKVgjYEmizx12nrm0J8f+8lX/7l9dM9lr+n3eugR1ZugM3mwWdt+G7g8fF2iwwHrypWW0c0xLSP1J3watntfOq9KifiqqeV17wjMNRUKuf5+A4HxOzylGBIGFANDlUp1Y1gZXrKNhWPx/OSah8Lio3ub0rH7UR2NdKE0JKz6WGttCeQ02tJ/6K7oVD3e3eNI6GTPyrU0uktOnA4cEh8uciEhIuXEbAWAYggrJGIRC8OwojZRGbnclmxfdcBUao28NXPR7PG2mN7ifiOEtSFdXv/eTX33f+QDMnHNF6Js5Y5YZQqGmVkRIhv7KjwLJoKygDLOAyAQLCt/HbKfnZTmcJy+nyMogRKC8qHs1DcRP1re5SQtIpuAlHYFFRYoKIoKnfpL0dE9fz7/8Ne/2H7h4ePno7ovM7qxkL/rozeXduz6bFgdeX9HMv2JaBalgbRVBMvrmeDC8ixpHm45jpDi1IvutXYgXQ/udzIcYQnYS04lNm8azy8efPw/zj/8z69crmPmzwQ9ojoDUN/AfKFUG0S+cnVEQdZdkwJh5wW4OP7yZeqj+l1V8eXBi77x11+07r40jAJYaxFoDSsCYxJXyq0USFxJbyQCQ8yJkaFCpbalMLSxY1uNYx3q1KXVXFMl8vax3a04lhfCbHE+n8uMqEANRwSdMBOJuPEGILAKEBmBKJ+/I0dC6agQF/N3C767lMnHQNCNDS3/8ztbV1bBbpoyKRgCOgwSrfMRaEexMrB1dOu1pj0/PdWZRl3skl1TualLBHpka9h/y3uuGrrrzs/YsW1faGUqV7RFhRyEZMEwxnqtPvd5kriG7q4VZjej2hL5UJgLkTlPylfy+c/ODXpRLnKQZnnIffYCAoIQxhIYCqExKErcKXcWn23ue/pPjz32zb9tPveDSYlaa3cRe/DQhtLQfR+9t3r1nb/bKQx+MEa2JjrLhp1OIRFBUlWNlZFsv5EUv1bTcGa6U+2uW9+G4c6fHyuPtLgI/vp2ZA6xMEIIFCFjWvP51tRfHnn6a19LDu5tIOnx1OuhR1RngGY81ypni9Nh37ob2pwbBYsWCCwThBkwgOuOcIZXyHXlu457gZDxyuR+x+l/bypV5F7jFrVbMNKdZkqeBIX8mGoIRGXJqlyfypU3VSeuVFLJL7RnlualMb+meRtzfHccLSweyBay08VicTDSQc2oMEtWiEQgQmAdomMsRCt/LL4vzE81dn5WuvSdhEzXCnqScv04SNPVvow53Yd60oIFFEGUoghKxdAjKlPYWhrdHEij70Tbzi5Ke65Xwr4MKm7YWane8yu7ytfd+9lGZf3H20FxPGalnPArue0SKT9LbOVmwpWaW/YbDzhjbJSCJa/rZ9PPyv8eMIwsv8763JWjLmfxY6/nFyRGCklroT+e/3ln/8t/cuLxr341ev6HM2s+/LBa5eL4jqHKnR+6v7Tzlt+LiqP3JEG5aDig2K8pIfjSe1cu7taw31TCrUukRyj+GpVlgjLdeXROEiqdtAAQLKnuNU4kgE3A7K7yjCRJpnnih9H+F/7b4r9+ab9tLvUu3DdAj6jOBIuLIu1ourzhygoXK9cKUxFakyGFJLHQSvldlr/IkVbyOavr1KThO9L9lb9sE/zFvPz96R6C3+3Bk0MM4hg0kCtXd5aKwwMRlw9H8zMz0pxbU7Kyc4eipdkTewq6eCxXqeWCTH49E2fBTJGxsOxUNlxjpwHDQInTM3NngGFJuenH3W16CneEadCQvTflvCovz0TucZBAEyOJEoRBBmDNzU7cny9Xd9bWV/NRNnesM3Vs9nyMSLkIQZmxbeXRd/3ae0o7bv6dTr7/wabK9RvWnLZEdG+pJ7vyijv1AvQ38QbXVcX5mWW+r0qIkXQb2F1IUJHrm7IADABjDTIwUkyW6rVk7jutPc/94YFHvv3N9ss/ml9zxYnamCrdcPvI6J0f/1h5+w2fb4S12yJdyCUcuvm7qesEdD17fzqW4b9P73alP46kxHuZboPpHndj512TsHtt+gs8qTPAZBESJBsvHY4PvfT/OfbQv/w0ObGvc55mal0y6BHVGaKzMGkzAxuX8v39m2wQbooQhCrIgSkAQWCR+AIBV8lHQoBfuG4PtXLVnz0IbheriVz4AAJRAWJCIdZqS7G/nOdM31LIzelobqqzpmPtF0/YZHbpCOf6DlbLpSpr1R8TiggDhmJIHCPDgJIESgTakvcmNSw0YsVI2C30NCyyEukZSYnp1Fv6HGUtAiK3QxdAWJFlLlid2VwsVQpAMFVQmO8sTsdrevwXE0rj3L/lqtHyHR99INx83b9tZkp3WJUtsFJkfXn5aqHEeUfUDWOnYS43p0l0OlLeuJyVcTbbkAJYEErbVtE4Wmge/X772e/90cGf/eCn8asPt5C0T/1T54bqeFDe9d6rhq+575dkcOKz9bByVRyUMoadZt/rYWVBxenh1m/a3Jyu5uWBkGlWygf/yX3vYgICIgbbGDlp13PN6a/M/PRrf91+8QezEq99uPNSQ4+ozgJLcwuzYbk2n+sbvt4EuUFQRgkxkqQD9l6+M6huwKJl59kQfIjkTRfC64OEwKRgjQudsRe27RhDCXOGM7ntteHaRHVi43S8MD/dmZ1c0+bYuDFp6kvt47mS3geB5SDYAKWLBsLMDFgLLfAk5arELBQMKSTKh4HED6E8BSuJ6qT7V/xMIiBx3qvEzmnUYRZtA6obk8+UKtuqo8PV4bFNC625yanO/InosiOr2piq3fjBDRvu/8QnMLbjc+18300mLGQtQMZYOHHl1V2DziA7mdk0HuYra9y0XgKMGO9ZO08q3ZQwE7KI45qdP6ymdv/dwhPf+S9Hv/u3TyYn9rTX2pMobNiay13/niuHbrjjfzQDE5+q68pmG5aDhALXx3UarNwQvRFSajLs8lPunAB6Rd5KyP3n/EyAyCluWE9WOunYQmfu8fndP/+juYf+/iXbWlrbE3CJokdUZ4PmjBVrpwpDG/t0sX97JFwSxQQWKE4jCCtyK+zyTWk13xts5t4cBBBpiPVTggmu4EIHUGEGrSQJLAfrwlxpqDg8waa5MNdBUJfW0tqFAhcPy0Lj6JSdndmbL1VJZbL9wqpmRJRWAZRlsDghUgEjYXaLmtOqsDcnqtcfRpcqgbgRXe58aleRpkNEzBnOZDZKqIcrgyNztj4/1Xae5Wn+4iWI0jj33fnBrWO33P2rrcr632xk+q5oczYUFSKK2iAmV4H3mvN6ZnAmWnwuNo0YuByW9RbbWtdrR+SmBEAsFCwyJooL0dzz5cX9Xzz20D/9t5mf/stu226udb8Q5ddvqw6+8yN3l67c9Rtx/8RH6ro8HKk8gzMwxoffTufSnyHIlY/AeNknl4l2ROXyVs6nEpCTh0pzWWRhYSFxLFVtT+iZV//k2E++8t3k+P4lXG6bqVWiR1RniXj6UMyF9SeKA6PjNgi3ilYhB+wq/8RVRQg5CRrXd5H+8/N2VgkBYIxABwGYCDYxruBAAGssWCnEpFWMYD3lC1fkx7fmqDo2g8WFObM0vXZkNTcnnSO755HEL2eLlXquUJrgMFsxUJpEE+DIwyXVBcIun5GS1OnM5OnuwwqySsnLbYjZzUJiV8puRGCYQFqjYyVDOtxQLNVGSwOji+3ZucPR/Np6lhcistURVbz+faPrbrvvt5ulkd+oZ2qbWiqnLSmXrmNAB6FP3b3e2X790CulhS1p+iq9xuFISsg6T6rbYsCwRhCQoEBxK9eeey6cOfQnM49/829nHvveYdNpra11rlY5N7y5f+idv/IAb7jm91ql4QdaYbkSISRQAA0NMQbsqpNOffUZQ+CLL8gxk2vY920maQEKyM+uom5xlSUDlgQF2HbVNr4z/ZOf/5fGU988KlFzjRblpY8eUa0CQaLn87XBeqZWvcloPWBAbAzAfoBF4kvOAa8wLW4/ei6LBACMAKyU27kagSYFNhZIDLQOAB2gA6XapGvIFbfXqtVyrjSyEDXn5pOF6c5aNgd3ju9rdBpLe2tDYx2dLfYnVg9ZzgSGtQ+NCIQTEBlocYv69bDSdK70qE72qrzqnFfodvt7gRXjTAgzjDAMBzqhcJSCwmh5cMOMtOan2rPHW5csWQ0M0PgtD24dvPmej9YrY79ZD2sb2yqroAPYJAbBQgcaURL5xt03JqrXhScpIfhGXoIl66s4jS/0WSYqLRYFRJ1se+Yn7f3P/eniMz/68tSj35oy7eaafg75gQ1B8bo71w/u+vD79fprP9spj97aCgrFVgIKggwCIrCxCJR2uaJVrkHxx57eGIDyFbkEV/nn/Efy59m9ikggMAhMLDWKn2sfeOFPJr/x/SdMY3+nN2vqzNEjqlWgs3jYdhqtE9X1E4OcL+0UHeYtaRLrQl5pgyC63pTbbbrLfXUgAIrJDVkEg0iDBFBKIVAaibVIrAUpDVEBgXRBWG0r9NfGVf8ItG2f6HQaLem016zfKpk53IqjzitBtjKfL1VHROuaUZwxsJRWfrmyXregX++vnkRHKwsoTv0KdsMmiZzaNixYM7RimCSBUhkkhqB0TltRY+VKZbQysqHTWpg62JmbXHPl+bcd1cGgese7NvZd/87fSvo3fXpJVzY1KavBjDjuIAwIEOPHubthlW+ENyQqf/VaAFAMQ+JzUu4qt0IAOcWFUAQF01nMLE4+uvTS0384+fi3v1F/9gfza9wjRZmhzYXhWz5048A1D3wSw9s+08zXrm1ymKUgAAHQYoEk6ebUUk9oNUiJCv56TpucyRdXCPlQNFxI1E3IsYAkYBtL3kQzNH34z0785Ktf6Rx+aL43a+rs0COqVSKeOxSFfeums9W+jcgUNkbQIaBdHkCzS52SC/mRtXAdVadY5bMEiRf39H0bwl4Y1OdvyD0Itx4JllWYsN6oytXt1U3boQK70JqvL0qzvmahwM7k/nZ7cenVMFeaRBjkKROMW5Is/OQdMRZaK1ixr3vwp7/3ZMNJlI6YcJVl1je2uIGWAgUGiwasK+QQkIpNMpYtFjYGQ6PHkqW54/Hs8fYl41mNj1Ptxgd2jF737t9qVtb/ej1T2xBRVoO1Ey1SztNht61xnv2bENGbg5BY46v7BCJOIZDhcqciAmUjKZpmvdA68b3GEz//gxM//9YPzP6f15GsodBqtcrFsW2DA3d84u7sjtt/t9234ZcWw8qGjg4DYQZJAu3bJAjsQtHpsZ8DUbkaKfERApfzkrQK0A+LVEojSQyYBAoGZCOEJmqVk+a3pn78lT+pP/GNg9Jprm3o8zJAj6jOAUvz9ZnCwGA7LA9cnajsAOtQWXL5qjSxSszQEIg1LpG9alvhfTMXY4FlF3YREh+OYNeASwraS90IiIS1SlRmwAbB1v7awIDkqwsw8eJahgLN3OF4cWpmvxEcLFWLfWGgR0CcI2KyFiClYfw8o9Ph9Pc6nGRcRfm8iG8cThtKxRVxKGGXyvZ5EwujEAaDQaE6VBidWExmThyM5ibXtnT/7UBhiGv3f2hk5Kp3fa5dXvfrneLQ2JIESqC8F2t82t+CuuXT6Ubpjc7260Ow/DnadPItEWABCwWtAnCnhb4gWcgvHf/XpSee+MPJH3zzYTPzTBOydjMAdW19mL/u9vXDd3zkl3Jbb/mtRnHwHYs6VzWZHBt2pQxOtV0AnzcyrhHPFzatDs6jcq/X1hEV/Hp0ERQFYwSZMIQ1CWzcRlZZZKVj8nHryc70q38w/c0/edI05tfuZFxG6BHVuaA5Y8UmU4WhiaIu1naI0qVEQLAWIKfVJwBCdlH9c/GoRJxWnhB7pYsEQgaWjVcCYJBoKGE3IlycSISFQqwyZHVYTSjcXhtZN5of30JxY2kxpngJayW91Jg08cLCsSCIDuay5bLS4QbSmRyHGWrFMVjr1418vtEpSYlK/O5VyFVTLhthdj1bwlBCXqE9AbGBJUEE4lgXRnOF6nClNnjMLs1OtS/yAovqTe8fXX/tu365nh/9zWauf33damWJwSRgJFBivJq5294ouBPYbfZdBQSucIUUQ5EF2fSycWFobSzK0qkHC8e+037q+X9/9Pv/8mjS/EUbWDu7XFi/o1q5/sEbBq659xMY2frppUz1+kaYzyVaUWzjVPrWEwjDkC/q8cUeadn4auCIyuWmtA/7uaIpQuKV5TVpmCRBTjOUaSOLlpQkOtQ+su9Pjjz29W8kh1+uw/TyUqtBj6jOEZ0ThzsyOnasWBse5TC/WVhlQUQ6CAAmWJu4QoLULK5unXgPLYAQuYmplIDg+lbSUKDXvAbEhQnhjbsh5eRDdS4TIZwIKv07wrHN1XCob0YarSWzOBPD2nM33M0Z25w7MqmyuUPl8lCFMpnxtkiOg4DMKXqIK3H6e0+G6x5z5dDcVez2sj+eqMhXWlpEsDCAUkig0DaBNkIjpUJmcGBs41xjbvJwZ24qughLgykzvr287r4PfdQMbfo39bC6rcVZLSqAYnLXgx8ZTwKwTQViU0989S0SjqgAVgxlrWtm9RWnIQTZpNXIL019v/HUk39w9Ps/eCxpPdUGOqf+mlVBD02E5Q1XjA7f+8n357Zd/1vSv+6DrUxpQ0tnAqMDkAJIXD6UADfYMRXCBbycl+2O61gNVi5ft9rc9ZiG/bqVfjYB2w6KKkHYmp0vmfqXDv3oy3/VefI7k4haaxNvvwzRI6o1QDtr57WuzmbKfTtEh2OxMZqYoRS5RDZ8f5BrVV8VxMvUwC88hpueSn7XDLhqIxE4P84ndLtLTADLOXRE6YSDAc4WrhoY2tCf6Ru1QdJZaJt2U9qtc/eumk3bbE1Phrn8q5wt9XE2txFKZy2YXqtR4/Dae14Lt6N14RvlQ1nasiMqAoSXB/4ZGBixYBWAOISQBoi1FTueLxUGcn0jhxYOHzpm6jMXlTZgdnxbaeD+X39ARrb9XlzovyYO8qHoDAgCsbEzyN0CFoISBUI6Kj4dfrk6OOfJlWNIItDsxJLZRMhLp51tTD/c2PvI/3H8O9/8qWk+2Vorksqs21bou+MjN4zc9dGPy/DWz7cL/btaOlfpcMAJ4PJk1nidPkcjlpRXbYcLBaaakyeNKTl7LBf1AK4NxZ1T6z1Vay0UJQhMGyXb7mRbMz+c3ff4f5r70Zde7Cmjnxt6RLUWmJyUxkJzurhuI4JybWcCqlkBKwBsBFAumXt6M33mcOEul5chcaG+btjLL1NXC+ck2sUTFftiC2dsCCoIyAhlE1Gbc6X+nf0bd2aTYm6RkriRLMzG5xwWW1yUev34NIel45WhsXUUFtbFUCHImZNT8dp7Tg/PU17E1r+KAPicVQILYre7BZQr5yCGiCtjF9a62YlHi8Vy2UruQKt5ZFLqC+acyfktQG54XTB4/6fvzm675fdNvv+WiMOsJUZiLYJAwZjYaeuJU0Tw2ToIKRjyRT6Cc2t4tQKtNASuh41MggKZqNSZe2xx/3N/OPn4P/3InHi+CbsGvbwD47qwbudI/32/ck95+y2fbxcGPtJQhYmOzgSGNMDuimcQiAkM5Y5a3NQC9gUPSmx37Mi5rMBlinK3tAJw+T639hRi5BGbkjR/sfTKC39w+NEv/yQ5cazVm5t2bugR1Vph8VgsWh3LDk+UdKG4XZgLASmCBYxSSOB2fOm/s0V3ZyjGh/cCkIRg0d1yWYKBkIEogSgvBCouTKYVAImglUASA+YQlrNh0/CoyRWuKA2sHyqMjou06osdLU1pNu05La7FRWkvLkzlBzfMZir9O2MVjIC0ciGSk83FmZyN9DVOCDUNZ7m8QdrPk+oFMDRItK8nFgAJrDUwrAHWgU2SicHBqjJZeqn16tK8xPMX9oiQalVtuveXdmZ23P17S/nhd1mdLcAr7QsEpJ0wMPvmU8/dsMQwxLC+v88VE6yOqAiOqAiMGM6DyJjYlk3zZTW9/98dfvRb30pefrKO+Bw9qYEBKo1tLxd2PXhV/+0f/Xhm/ZWfaWbK9y4iqNmwwJEBjDFQTNDszJe1DBEFgvJ6hBZajKvMEwBQXkNi+dhPvuaWCSjFqWfJnVPvvTuHqtvo6+IcTnw6w0ay0eJxvTT1X/d/96tfjvc8tYBk7fJ0lyt6RLWGiA7vbqBYmiz2D48qndnIKpOJhcmoAELKaY11y6yd0XC7wuU14qLfJ99Sw+MeFf+xOWPtXpZWurkKwG6ITSxgfXkyu9BEuqskUkgEMAowgS50CNvCQmV7ZWJrEYMDbWm0G2Zh5twqA+szphPFx0ojE5kgX9ppKaiIHzy5XM0nJxmIFO6eFdS+YjxK+gR3rN2T43rVBF3xOfL+G7N4Z85NEFbEoVJ6rFjo75ilyv7O9C8Wxaxh+fSaYpwKu+6cGLvx3Z+tF8c+3MmUaokFgRms3KRc49OLJ2VgyOelyHkTgLjc1SoJmYSgSCMxFokwMspKn20cCWYO/MXsU9//0tKT356Tzjk181JmeFO+tOudW0bu+Ni7Sltu/s2kOvaxlipsa0OHCDKwwiBmBNp5U9ZX15KXhlpeI6l0mT8PcLqYQtYpxnSjEr5sX5ZzeUCaD+5eXMtXIwsgBszKXXxCYGI3JkQMyDRRC5I5PnHgn2Yf++5fNX7x3SPSy0utCXpEtcbo1I/PFkqj05lidZMNC2MdCgLLAQkcUTGWB8+lfVGeZU5ZIMvmO11wzgy5RefIyToPKiUoOMNEILB1YRHu9lfBLeju/s/CsnttAiGrVBAJjyJTuLpWGV+f6V9PHLfrWmWaSXPRyCpzOebEgTgY2XKsWBkYlCC/w/jBk12D6v2glfekIGEny4O0B8gdJ/kdrX+WOy/piHt4j817D67aK32e+LIMBauCgmQLWyrrilPtY/v2xAtT7QuxuKK88UPV4Xve/4n2wObPt4LCaELMzvimTbapEoInKR9idteCN96+6o38cMDVwRGeFUAHGkFnsVOuH/3S3GNf+9PJn3z5iGk3VneBAEBpXFfWbR+p3fbBOweueuevmcHNvzFPxdsiXagaFShjBIHS/mN0XJhWMKbMSPBlri5p211L6XBDIQujXMSBfV+Zu7nWBnfWUi/dh/bcheTPqQCIQSwgUSCruuFGgQHZDnKm0a7EC9+ZfvZH/2HmB7281FqiR1RrjUZDkkZ8PNs31AqLta1Gh8PQgYqNQCuGYkCRE+wUwFXssZNecf6VW3TdCapA957uwnF3dRfl8s19kxqt9JY+PzVhKdHBNwu7kncNqAzFNsghyG3MlWo7aht29BUHNthOp9GMOOigvbpG4UaUNAql/jmqDN+WBPkhMHu2dO+BfJFIahzS90z+v27IJc2vdA8qxcojXnk+Vj4OCJyRsqSQWCbSYUkzyvl8de/S9JGjtj4br+b4zhdU33hu43vf/049cdVnG5nKjpiV7paYp7eTj9yh+1h6Pr0n/przduYQEBKvhKLZImjO7U/2Pfu/H/vuXzxrmourS0rlBzg3trmav+o9V4zd8aGPBxuv+kxcHbl/iTOjLSidTo2G+PJyd9WeMZY3M/BrJd0GpkMiHUH5fYx/zXLs1H9xIVUCxCYIgwBxbABSUDoLIxaKDDLSTPrQeGZu72N/cOLJ7zxmpyfb5xQ67+Ek9IjqPCCeP2JsIsfytSFFmXAnhbkS68BLVi6HXwQEYQ3DGsZLLLmyawPlmzbhd48ugHc2y/S1SNdtarRSShNRrkdLHFkRh9qQHuQwd0Wm1r9Vj2wuU/+YaEmiBHH7rGWY5o5aG22eCzZtvtoUSleQ0hlx/tGK4oeTeQbe3jrTlD5wFn/zNGC4X5eW8wcgYkn6K5Vy2CL9Qmf/c7MSdy4M61IY4oHbP3RtaduN/1MrV7kjoiBrOa2cfOsh5EZbMFlo07a51uwP5n/6L3/TPvrinJxtb1CpxNnhjbXCFe/YUbv9Aw8Udtzwq8ngul+OirUrmkrnO2IJClDK04h4Tze9TlYBSgtNxElJuSufV3hcqUeWbhnTteiEZwkWzAxjBaw1ErEwzGAlQGfJlqX5SnTgpT85+thXvp68/PwS4tVxdw+nR4+ozhOiE/vbNk4ODKzfWKEwv96QKlkBe3patvPELn8F8l6UAVPivKl0dICXZ3GvXT18WB3wpt/d2F0GomGsAnEAYY1YFMWksibIrKNS9eri4PC23PiWKtXKi2ylnRSyMRp1OdNdYzQzEBeuu2IkKffdzjoouf0t3FwtpOM9nOe0TKgnfz2XgycBVBoOYldWTCIQawOdL6zPZYLJ+MTB3fHcZPNCUK7IX3n/0LrbHviM6Rv/SCfIVRLWbo//NhEVAFgTQ4lBRqKoGC/+0+S3/vhHSX3+bKYeUm50c6F49S0TfTe/9wOVa+/6dTu86ZfrucqudrZQa7HmSCyIAK2dJ2UtAOWrFsn1gaVyYafe3gjOi0orRl0+ykU0vBwXUo/LLUxCOj/NkSV1Q9QMUhoJLJIkQiCxLZrGsXzjxJ8d/dGXv9h57tFpRBdqvvPiRY+oziM6k/vq+bHRQ9nKYIFUuNmQzltW1F1UKVuAvKKCa+BVMG5h+ES4oXTg3eqJynkwDpRGEcXnrnysXekQ8EUWohSM1uiAOFa6GOnMJpMtXVEe3jhUHNvah/FRq1udVoIklk57BfO+HvahuOvdI3F5+H7SQc3bDl8274iKuvkVhzUlqjTc44nfAhArYBVQB5zToS5XaoMHFw7sPWia8/GbH8/5Q354a3b89gc/KOM7PtPIlNfHOlDmlPzlWw2CgMQgJIsMorhgm9+YfuRfnjSt+pmUtJGqjWeqEzsnBm//8Dv7r7rrYzS85X+o5/pua2RLg50gF7RBxIrBLNBuxBuMhdvE6QxMt1p0dZ8LI5XaSn+Lax5PPSq3bfJFFv7Hld8LkWt41gESccSlbCwl2z5SaM7898XHv/nn849945Dt9EZ3nA/0iOo8Y2Fpci4ojxyp9g2NxRxOGA4ztMIiu6S/a+BlsmCfI3F5IwVLTjYJ3eW1Orjdo0sSp+ZO+UXofnblzswK1o/PcMK6ABQjtsKisiXD2SsypdpNpfzgRG50cy6pVo212kimHKO1aF+3IKE2poo3v+8uUxq6H6zK7hy4nfDrHdVr7n3NHWcOgt80+yZN40u7VZhB21hYoL+vnCsszS89GR19ZRYmWp1FPGcM0Mg9H99RvvKW/0unPHrTkspkjHJFDO5TOoeTcA5wdpwQKAbBCpvO83P7nv+ZmZ9sve5nDiAc3pjNjm4dKl//4M2jd3/kV/XYjs9G+YF3NMPSSEuFOlYBrG8kDgAoC7BNj1SDVAhLGsYK1DmU17OkBUZpBaAb6LlciOQKm9IePYIvcIIXf2YCa40oSQACtImlhGiu3Jn70tyj3/jTqR98cY9p1V//RPRwTugR1fnG4qLUm+3ZTK48p4p9G6wOxwAOHTu4sALDeAkYV5UlcE2aTgZGedO0vNtbDcTPzEmTxK7fxi98X31oTQKtCGJd6JHJgMQ4hQ0DkGSIOKcjBOUkm99iC7Wrs0NbNurxq4b02LZMFkYXK30wlIENSRCVCaWyKo5vKeRveu/27OYbPm0z5euEOEsrEv4C51mdCsLyfCq8znPOFM70KFives0MNyKcCCIMIgo4kMFMhl5Njh/YEy/Ott+Owoq+TQ/0l27c9Yl239hHO7laNeKAImOANOS16ivgHEEE8pObDTs5WsmVX8wkzUacJImU8oJ2P1Aq6GxtOFsanejPjm6cqNz6/tv7bv7Q+/Ibb/hUuzD8nnpQWR+FuUyiM2S8UouGQFnjJuW6cQAgBGAO3N+TNMd0DkQFX90ny0NNLfmLzIsbd0nKVwGKnyvnZJL8Ri8x0CQoSmcptzT13YXHn/0vUz/4r8+b1kIvKXUe0SOqtwJzR+3iwuKxbN/gks7nt2odDgor7TJSBMXkpGB8HNyuVBNwS8Yv0tXDbcjJlyl7c+fDHS4UKFABASQQE0OxhSIAJoFTTmNYCiDkKrFiI1o47ONM4YpsqXZTsdp/TWnz1VtrW64dlcroAI8MFTOFq/qzO67dNHzr+2+vbb/5V0yh78FYhdUu45AnojfKMZxhDuLNwSB2QydBjnwNBMYaMCkoJiRkc7lMpljJll9a3Pv0URO139Idcn5gA296z4ffZTfs+PxirrqlRaEyzEhMgkC7+WPnehZWCxIgIA0rFgkzkQ76yoVyrbJhZ58pDOTCzduLmexNfeH2nZv7rrztpsEb3/FA4bq7PxqMb/8kVcbf09Gl7U2VK0YqQ0YpWAAWTvpIE4EsgRH4Rm3tlfKdRBKQQLOArLteXw9d3jntzTUupIUT4jrHV2zcCGQB5VVNrADwk6oNuci2JAY5ZoRRs1VJlh5q7P7FHxz/1vceN4397d4QxPOLt+u6vywR7Li1PHDHhz9Z3nTD59u5vqvryGYS1ggUYG0HLAZCjJg0DLl8EYlFgBgM6xqGV4lu6A+uW995U74C0WktneZqcAUHDAsLRsIaBozAplN7fW8OBKBICFGbTWeOTOsoJeYw26CtkC2zym+yOruuqVQh0sw+itTFG/ktRGnn/8ne1VlDnAFyvWteeZ5cZtARt4WwRaa1UN+UNP7T7r/9X/+3+d0/n7JJfA5/9Oyw/t5fH6ndfP//d35404fnglIRKk+JMQjIGWlKKxffBpAItHEbh45WACBZk3TCOJoh29lD1hy3go5A+plkQhgjSUAVyyogZGElRMwBDJEXz3XCyu4aY0AUIIEjKTAAA5ABKAIodlV53cfOHi4f6/Jcy72HrvmXwG7PZtmFhoVc2wYTEhgYJFAgZBNB0SbtsDP7SHTwsX9/+If/+q/J/p81kPSGIJ5v9DyqtxB25kjHJp19fSPrRWXLm1oS1CjMq8SKa9ok8qPWU+U+gGDc2AZnUk/HJmeE9FXuN6RxeR+rJ99s7G/uWQwSV2RBwm56K+DCJF2icz8bJiSsKYYOIhWWYp0fTYLijjgsXxnr4rZI5wY7KswYZlrOCSzjjVb5SkfqjZ735vBmnuBGp3uhUldP6UKAsTBY6SCjwmomzD268Mrjx2zUeku8qrBvJBi86f571bod/6aerQ12ggwLK1iTYLm19O2EU4UwrHwrBRMLaSFVinUw0dG5K9tB7ppOkN+WqNxQEuQKHR2qSIdIWCPhtBTcebSuDNyRh8C3R0D53Cz5WWsJQIl7vgsQr/4suIt1uU/K9yi6m9usMAcwxrpAodYwksAYp0afJaBgTFyM6r9Ijr307w89/DffSfY9Ue/JI7016BHVW4x46mBHB3w4rI1ZXezbaCisGIEST1SSGmcRIB1n4UvVgXMrT+4STLd3ZMV00i5RpVN9nKir+97lCuANO0G6PSeWrfsdzDBCsBTAUkiWMmQ44ERpipnIcGqkTn1XpyGg5QqP7uPuOad58ZmCVhg5rzKuvFCDM4rkUoekyVqp5MLwePvIy89H85PNNRmB8iYYue1964s7d32mVRq+fYnCjFGh+4xsgtB3/pzmTL1lsMQwHCAhBYjLKQUmAcOSsJDRTAkzi2ICBWRZI2GFhByxGQKIXGWr+3xddhakvBly8lbwuo3u+krcAEz/fMCpwa8Gzov3ROWvYXdzJAWQi1iwU5ARMVAsCFigkCBnoqhmoqdkat+fHfvpl7/ZfumJhXPWNezhjNEjqrcB9YO7l0ToldzAWEZn8ptYqbKxwi4b5eBCbm6vme76zoWolsN9DinvpT1cy8zgDIILE6Y7XEdPXe7wsf3UGzMp4XH6XPd8ePuS3gNKj+NkvMb8vvYpHq/7wJkhPYU+/OkGLbr3LqRAFPqMoNWaknypWHhucffjh+z5zlUNDfGmOz/0gWRo06eXdHG4jZBFBX7XLwiZIeZc5I/WBi5Ea8FioG2MQFxTumXAsMD4T9KJtfpcUBpiThtp3QXkruiu9FN6BaZElt58sYtv03BZptWdhJVERf4acHnf9C974WilYMUANkaIBKGNkDGdpGzbL/LUgT+YeuJf/nHhme/N2U7rNZdtD+cPPaJ6m9A68lJLAYcLff2UyebXCVHZEivriYjgq5x8KI6817NaeBu9/BPxintT/cGVRsM9T+AUCbov89+7Rb/CEwM5nRlyc7CYXDBHiyAjTr/bmwdfxLGM16z4Uw6zS96nPnCWkJSk0iPvEpUbsufyWBasCYw4X80HrcUDe38ez08136gE+1yRu/Pd/X3bbv39VnHo5rbOZYQzRMQQP6BQE0OsWYOCktXDna8ERAkUEiiyLkdJTtg4vUZYAC0WSlJhWEdm7ItmnGeuHO1Y5x9xl8jc7wesJ7n0OnUN6aky/GrgrmMC/JTe9BpwUQVf2ceE2CZQDARsoDtN5CVKsknrFTN18M8nH/naV2Yf/9aMPTfx3R5WgR5RvY1oHn5xnkz0cnloLMthbkOigrIh5dvvvVH1JLCcO1odCM5SE9IBes4I+HvAAigRsB8L4nwiu5wfIPe9sNco9FkT8k2ULlntX0+n7H9FYMV7LkhVgE4+lpN+WvHDSotwrkTlT+vyqBDvLVpySXoCwZgYQALFNhMEalBlyj9qvPL4cXu+VLBrY2r4pgdvC8Z3fKEVFIciCllIO/fFihMVxvI5OcczcA5I+5icArnznjUMBUjYtVE4Skk3JYBlV2VHAnC3mMWViTs5o5Q0xG2JyFW9uhymu0ZZFFgUVFcNf3Uc4SIIbitGkuZZAfH5SUPu/RprEGogA4MwbpqCjQ7HJ479t6OPfP2vl5769nGJeg29bwd6RPU2o3VkTyMM9aGwb0RztrjJclC0RE5EwS+w1HMhWWmpPNmcBL8L7cItTGeh/fep9+Mfc985YmLXueXFcP0u14dsQAZWuZyBkK+gEgUlfgaQOO9JwZEVxPWpuPyE0zIUv6NNPZnUs0qPpGuC/CEITumjes3xngXSv9Vt6mSfn0tnFSn/nARkYzBbMpBCIVR7O4f3vBDPT7blDOWizgbl2z/UV9h646/Z8tA9LcrkYu9jEJwnRQCMNU4T8Rw8inMF+TlPIEHMjJg1EgS+ks/lMJV1nhP5sHBC7AbAW+16mEj5fqaVJOWuP6zImbpNmet5UkLQbnCzP/aVJyF99fL1/HpYJip0w+luvThv0LCTUmIGOImQMR1Tsp1X28cP/cPUz7/9V42nvnWkR1JvH3pEdQFgaf+Lc0TYV+pfV9CZ/JAlKlsmZYnhMleeUMi6xSnozlwC4JSl/cgPm45kIrckXUluahLSpem+S+mhu6P1cPf6P0X+G3KvcTvSZX8pNRVISxXI7aLT3+r02ZwFOPXvvK5dWXF/evTLZ2GV8C9179efi+7xOdJKzw0zuZ4da5QWqFyu/OTSniembNRec0M1/o6P7rIDmz/XDkobjAqVwI02UUTQ/twmAu/9vv4pO1OsOPtnDSJA/GD3dGsjcBuP1ANPLxfxuT9I2gOXblL8rftNelDuuul6+17YiwDXUoDUq083HO76F6Qhcf9hppfqCnSPmVJNSX8svunXklsXTARtDcJOp1OIGwd4/shfTP3sW39Rf+JfDkinef5ivz28KXpEdYGgdeilhUBoX2lgtMOZ7CbDqmxBipUGxELBL2zAKSmkg97ILXoiu2LSrduVuvJy5T0IuNDKSuPgrEB3jbt8U1qu7g2Rz2V1Ccp37buX++osuAZK8bvT7t9HN4rpSCr1jrrG6fXgnnDqv3ODI8308JGGseCG7wkBYIaxFlppIEkQiKWM4rwOM3vmjz//vJmbjs5UhPdMEI5M6Nx17/wfbG3de5JMsSReBzL9WFgSZ2ZZ+4q3U4j+FLzmo115qv3pe/1XvwnI0ZAgLYJwxiMNFzvv23vsXqbKNWovn290r+Fl6aKVt/SqWr6+3M1tfHwuy78Xty1aLt6BJ02H5fPk/6q7rv1J6J6PlKxS7b4kQTaOTMV0nsHkwb+cevTrf1t/4puHeiT19qNHVBcQ6odfnFPEuwv9QzkdBkMCqhJrZURgyTUjentz0gIHyJf5ut0tYaUChfjXOCPhnv9GWGkiTr6tpIyTfo3/ofteVjzj5J/eZngJKe7eIc7opeTqTZxWDLau0VbBhkTcWeTOw8m+FxbXUhm7fMeHRgqbb/odKQ9e0aZAd88jUuvuKv3sCoWSNySqU+9Yie7vPhe83ufqrrGu53TK816D09558iu7T/E/LF/HjgxX3uMedwU8KW15Su2qmhAI1lgEWoEhbto1sVOcsIIsETJR1O5DvM8ce/WPJ3/2jb+vP/mtXk7qAkGPqC4w1A+90NSQvcVqfzOTyW82RJWEtbIqcLtIIQi858TOGwDcjpsl6IZhXFFE2v2/HGY5N0N1kYOWjWdq6tAlBnKtawRfwGChYUEmYc3I2/nmTzsvPnJY1qoBuFTi6rXvup2GNv16lCkOGBVQSpUuJwn/DtlVJHaN7xt8gl2jfhr4O9/g1atGWo14rlWJb/hq/7vTMF+qeu5EnZ2Yc5pbdWHI9Eg9icK1IygiN4gR4jxsKwiMRcHaKN9eeswcO/iXk4989R8bz377RI+kLhz0iOoCRP3wy0tIzN7iwJCiINsXg/soDLXTV3eL06WpffujBD4f5UOBcAltpyQI70k5Y9fdhV6O6O74U+OVGjNfiUjsHhN4ogKsTYgYubySlxf2v/CsXZzurIVYbbjtmsLgdfd9PCqO3Jdki/lIQEzuc3MhKuc9v6aH7Qw+wdM+7u88H0SFNSApvN779nDhO98KsWLDlZJSGph0c9zcGUvDiWkUQJOCtba7ERBjEYqVku0sFZrzjy/tfvoPjzzy3S93XvzuNOJeCfqFhB5RXaBoHtvTMibabXThRL5cHucwGOiQCgyDXIUdQQugrIvPwy9MAC5fkO4a4cJb6XJ+Y3NwiaPrUS0TlTtH/pyw8hbRPcacJt+ZsiRznU77sejQi/NIzn0ESN81929R66/+jKmM7Ix1NjCE7hgLF8DyeUIfmnRfHEG+2Sd42sfPM1GtBU77vj3c+/YFGt5r7DYRe0+qS+J0anjQRSKICcZaWMUgBpTEtox4Prd4/PuNPc//4fFHvvY98+pDiz3tvgsPPaK6gNE+uq/RWKrvy5WqC9l8rs8EakiIg0BA2pIbBAcXspKuNI3t5jacDFJqjldUR12GWM6fpeYrTa0v+ysuC5Q+j8BE6fhzCthyIVp8ZvHFR/fbqH1uUtkDAzS268EH476NH29lqwMJBwQi7wFbAMoZZL8BeTNf+NT7T/0ZWBuiWguv6Y3wRr/deVSpd+kjBt2xH+7c+D2GD5eSV1bxnzYRhJ1epZBBgNgWpHU4u3T8m/PHnv2TYz/914fNwcebMGuXg+xh7dAjqgsdc4fj+tz8Hp3NHyvUKn2s9YASzrEwuco/BYGBeP06+I5+t1jdTKu0CusMKikuXXSJKvWmUsOYelRe/QOpQLCrBmMnpkrKJrlalqem9+x5LFmaap1L+C+4eldm8Io7PouBzbcvSiZLOoRYC+ULv53GomuodgS6omLyNHjNp7ryANOc1RrkJ9PChPOFN/rNgmUviU4K+cEfpKN4l6lKbyu6AsmFDoksAtuxeVM/Hi4e+7uFR7/xxycOPv6MeeXxNqL2qX+2hwsEPaK6GLBwLGkuNY4URqoHlSHKBuEAmIuGtLJKIZEErHzpNcEvYzcd2DW0piXF52qqLl44Y02nEJXLR4FSYVKvBezDSz7qBysEJVaXAiTzS/Z78eFfzCNZ/c67vPn2kezENZ9rZvs3Rzqv4FUeVbcA3IdzfbXamQ4MfD1Dv5ZEtfLrWuONf6s7J7SiK7BLUt4/TsAgFSBJ2yrYlazbVG/SJshJFOWi+d166sA/1J/9/l9OP/RPr5j9e2Mk5+Yk93B+0SOqiwULx5KleP6wOXzkhUKpGnEuvy4JdTVRSnWSBIHOOAkj309iAVey7g1u18ics7m6iOEt4bJB7DL7yWeG4MlqOVekYInjNqR14kfNlx87LKsXqqWBmx+4Idxw9adaQWXQ6AwZa6FdKbz3nHyTtDfMCm6o5puZ8td91D9woX/yr/v+4douQE7RwpF5ejSpNJf3R1nBCoHY9Z2JNdAsCGyMvO208+25X8iRF/9k4bHv/rfZn371gG03Vvs59vAWokdUFxMmJyU+snvBRO09YbUvyhSK/QbUZ0lrUEDEznuy1kJEoNiFSbp9tqkc0uWKlKi6Xb/uzjRHlVKB+OemgSXAlfyHsByY6BeLr/ziBduc63RP7NmgMhCO7HrwvbZv4oFOUChFYBJroIm6Da2p6kfabJ1Wsrl845vj9Qz+mbz27cTrvW+H9HNKPyl3NC4HtZyTMtaRWKAYykRQNkJeieTi+ky2PvlwZ+blP5v+6Te+uvTMv56Q86Xf2MOao0dUFyGiyVfrSdR6sVTtn83li6Oiw74EOjSkSIhdHB4CzQCLhRXrZIFkeYFfjnCO0orjX1kZdjormXoiaZWZNSqvabY5M/doPLlnEebsp/9mrry9Wtlx62+1MrXrY53NCCko9jmXLn+6/wUKBIB9RdvlTVRpM7v/LFJvmNK8FEEsEGgFJQYq6SBjO8hLJ8kmjRPZ+tRXFh57+g+m9n7ve9Fzjyyg06vsu5jQI6qLFPHkgY7E0cFKvjxLQYZEZNBA8sRgThsgRSBiYQGQSpMuly9cc+ipd8LnP1x4NJUBWn4M3byWNZayjFhHiz9o7Pn55Gq0/wZueOf67MQ1n47zfRuNCpWQgNkNSHThWfde4InKST25m6vafHO83rMu9E//9d434B4kwFe2OkZ32y6B9fk8JgKSCKGNkZcIuWipXbKNp3n26Fdmfv6tP5v58VPPmAOPd5D0iiYuNvSI6iJG+/j+jpmf323r0y8UatWiDsOa0rrEELbGuvo/P28n9QouZ7iMk1c3kOXQ2nKeauVuPb0n9ULJ6ZknUZJNFn+w8Isf77er0IAbvPXd15v+jR+3+dqAAVjgvF0rFsLpuIh9ACQAACoNSURBVJHlsBbg5LC61Zxn8Dm+3uMXNVF5z3b55keCAADYlVr4gY4FG0uVo8V8e+7J1qsv/Ye5Z374d7M/+/qrpr0vAXpFExcjekR1kaM9d9Q2Xn12WiscyOTLs4HO1JTOVhMKQsuKrFYwSiBiVk6IuvzgPRN4AnAkwF1lOHda3OMryco1/P7/2zvz57iu685/z73vvV6wkpQoWnJsWfZ4ke04XjIe20nGk8iTTCZVU5ma1Pw2v80/NFWTxBPb8hLHsixZ1i5KJEWRokhxBUGQBEFsIva1G72/5Z4zP9z3uiFoASiuAO6H1QWgG939+qF5vn3uPed7rFAplYeKIxTi1bPlgSNDptWI3v8km/DII/TgN374l63igb+N/EIPFEgre2y2v8eDEEGlmZ/tG0K70Tc7zq3+BTf+3nYWqo4o2fO1vtOCYIeMBhDkJDEF05rPR6VX6pdGn5x8+4XXq1eOliR2S33bGSdUO4TGjWvLptkYUrq4UujuL1Cu8ECivHysoJisS3g2OGF9QLBBuXP5sGs2Z+N9tnq/uwjBLp8B7b0pe43dpM+W19JfhV3uo3XZFAHiwadEF5K16ejGxRPR2mrjpmZUfffPggce/fY/UN+nvh+Sn9MewVOEKElAygMr+/exvVR2oJ89mFQ01y9JbkGwNt5+/0fqTmHLRgQ2i8puYrF/y+xv54mRwMRRl0QjpjT73OLpV/9x9vA775qV801IuPHhHNsMJ1Q7iGjxvSgOo0m9pzCe1x5pTT1QqpeV0ixpoYVKfc7SQGyXTGzIzsqxkVZR2TBgXQDa84MAIG2gBLLMpLOM9v5Akz3Gh4Weu0x6AB13juyIrMu8DfwbQ3km6rbPigTIKaNy0qgZs3qwPjlaljjecJ+P4VNf68898vj/9vsPfDER7ZEisACxESjPDh+0R5aK3zphyo5jPff8nN4k73t3ZLOlMkEGQYRA6Zh6AABbhxUQpaM47CkxDEBpmw0LIycGhaRZ6jW1M82Z4SeXTr/628rJ58akNeaW+nYITqh2GGZ1Kq5JaVYtzl7N57tXC11dvaSCPhadEyLFQLrIb12mPUqHBEoqVJQGgGwuUuZGTekIekr3dAjt1ks7d2p9GMpu/7Dweq/Ior3d5OgEzOyI14vUut9NlwgJgEcMjZh8RLXZmelXkrFLS4i33vib/8oPHwk+89X/pfM9jzCgQBoMDSgPIvYo7KnNsrj1J88K5bozvO2wU36zwhC7mGf3m2w+i2xcffbq0uIfIYIIg5ihSMEIQZGGEoHPSdJtWkuqPP+KuXL9xzNnnnuldenwIlzp+Y7CCdVOZGFBmjeursWtaESJnikEOc7ngr0M6iaQ1mzgCSNQCiKMRATQXipQaDtRE2W1AmlozIK3DZvtWzo/raMdcLccx+8CHwzxHzjuNtkt2Su0zaM5DXichLW5uTfM6NkpxFtv/D3wZ//tS8EjX/zvrPwHjUApL2dLq4XSCcjZs3XO2bpT/jHHuj0g+6awopQW+bTfRyRQZAvxjQBQCkprQAxUksDT6ch4EXhKEHAk3Ry1+uLGUL48+/zKudd+Mn/4+Bkzd7oBdlV9Ow0nVDuYeHEirC3MTeTC0kh3d3dT6aAnF+R6fZMEihNSihCzIAKB/CD9HM/QSKCRpMuBlPrO2Z6ebNuE0K4STi/ZHo/9aj81t29M+5e2b6jNBMSDwJM4Uc3S0eblE9clam51bYke+N7ffUv2ffrvIqE9hhSRDmCEYQAoT2c7Melvrzu5WTB/38NtR9J3Spa1p7lqNtxeIIAmiFYwRBAWgBN4nMDThEQRYo5RQMxdUW15T1R+p3Xjys9qFw7/duXU70e5NRa7pb6diROqnU5jhWvvDa1IFF4tdPXNBkS5nK/3xUaKIZNCUASTRmISaMUgMmng4DSwWHNPWwKc7hNkt0i6VGX17IOk16UhCPiwzGsboZUCTAItcdKj4rfXzh8eMq361ir/enp0zx//p++bvgNPsPJ7oTwSZZ0UhAhKqXSpa/1eYMbOECq20zYAK1fQkr6HxNpFsQCkVJrRG3hk4Cl7bogANjGKZOLuqDZh5iZeSK6+/dOpC28eXhs8suJcJnY2Tqh2Cc258UarWpkotEoTKtclutjbS4WevtDYOee+JhAlIEqHLQIQ0amTd1YmjXQo3boP+2nQyTKpTkNmJ9hm+1rr77PdEFgxFjYgSUwX4ourV06cM9Vyc0uN1Ac+E/R85Qd/I/2f+oHooCipiwiTXfZjzooLPvocbWeZF8qEyg439IThMUGJAkRDSKdLfQziCD4SKEnAwnbCMQv3IF4Kqovn4vnJ36yeef2XS28/O2jmx1pgl0XtdJxQ7SKS1emkPDYwK0ky3LV3f8nP5fcD1G/AvtKaCNyugAMUWNlAyqTWOWfjfSHTfrXi1Qmy2RDH9NZ2ReBHB+HtgAhb9wph8aP6WPm9yyfM8lwNvIVtquBThb4//t7fc+9D30rIy9n5YNbhWykNw9zOSrNz2iE7q9v47BEgZAAyUGL9N2ybLrWXAYkAk8TQiuCRgJMYCoyc1nHBhNOF6vyzlbMHf7Jw+eTL4aUjc4iaWzjxjp2AE6pdSHNutJK0mtdVjpc8rVvFrq48A10KyodoWwZB1pXalg4jHYNhL5S6A6zH6lLndzrfd8rW09qubYsA0FqBjIEfN6fWBs8e4ZWpNbDZNKXq+tyfFIpf+ubfx137vmq075OyQz1YYLPWdQ3JG4XKnrvOLdsSElC676nWvZeE7PsCBBiTQIThaQ8wDBVHSY+PxSCsnW6ODj7TGnzzF0vHf3vRTA83YFwWtZtwQrVLCRcmwkp1elhKK+eCXHEppz3t6WCvkCowKcVCACkoUhCyxrZ2Q0rBtg/bSRTZoh8R2iXWoFTYBOt6g7Z1mAUAEBG0UmA2FCSt+Wj++mvx3OjqVsxpH/72n/fg4S/+fVTc8yXych4pDyxo71FRFrDbXhmdJdbOmdu+Z5DIZlAq7ZWywzwFTAJRAtuUTlAE+KSgwmYzH9WuqNL8c9WBIz9efvvl5yuXDi2Ky6J2JU6odjOlkoRTw9VmpXw93ypfC3r2QAeFPlG6yzB8rTURCAbWlU5AtmE4FSql7Xh7FuspaEnDq6TWRKDUuimLs5vG9PsOa6NkhYpge3q8pLFaaJZeq48NLPIWeqn6v/Dtveahx/5HXOx/jLSvE8lsk5SV+lSoaF0DdiZUbUeKeyxU2Xn4KD5uoCJBQYkPBR8QwAiDyYCV7amyBSUCbUxc4GhJVVZO8PLikyvvvvB0+fhTw7w6GUKcRu1WnFA5YFamo8ro+Rnh+JpS+ZVCLie+5/UIUDTCigikSEFEoFS2ESUglQqXpEGMFCgd+Jd9b0O7FaqsyXO7YsUEEAjpuFErVhcPrg2fnjFbcFHv++K3Py37H/ufSXHPI9C+sgt99r8fAdCUjmFp7/NJW+jvF6HK3OU/6vJxkCgQfEDSDzrEqbGsfU/4JFLguJpvVQf91dnnKwNv/HTp0vnD4dCrK4gam55fx87GCZWjTWv62lp1YXE4Hz40XOyjFjx0K08VPaVyJkpIROweDQRtjzuxS38q9anLRMp2yNjg1W6h2sZCZV8Zpdmkgmdare5w+Y3VSycmTLj5clTPV/70y/LQY/+QFPsfUMone/Y6RSqwkrRBqD64CLhtIQVFtmgECvB8DUUAiYHPplU04VS+vnoknr3409b5o8+WTjw9wrMXI5ibsKhy7FicUDneT20uqo1jTuKJYd9LZnyt48DzexTpLk2kPaXIeo5bJwFA0lH3tssqK5fohNasbN3+bLOq7YdKdda+Bg3fNOOu5uKbqxePD5tw86bf/i//+29i/+f/qyn09UP5doYldayqkJrRdgon7HVAZ9dqO0MAIAxPE8AMjiMEwlww8YpfXX7XW7jxdHjprX9duPjqO9WLb5UkdH1Rjg5OqBwfwjias1eqlbn3Rr3G2pVCV3+lq7uni0DdIiYnxiiIwNM2I7BCZds0bbWf7aPKfN2sK0Xm77Y9sRkVACGIUgg4NPna7NGVgeNDJmxu+rG/9/Hvfgf7P/c3Sb7PNvvCijtgi06IMqHKBNGey3TXqlMdt01REGgygAmhOEFOTKsQN8eDtaUXw8Hpn5bPvPBK6cxz7/H8dAyzaYLq2GU4oXJ8NPWSady4sqJMck2RmqGgkJDn93tKFRXgiY2eELGBNM2d7HC/VJyIOBUua2q7XTMDKxdWlJkU8hKZfHn66OrF4wMmbG7qTtH/1e99Bw8++iNT6OsmpYmRFh+ke39ZMQXWn6H26Pm0knIbCxUAwCQIwEkhaS3naqsn1MzIU+WBN361cmz4YjR/uA5ubPMX6LhTOKFybEpjbrRZXpyeMPW1qyj0V3u7u73A0/3MkmOB4jSbElC7YIKE0+IAAbKxFSrrm/k46CMu9xZK3Q6ZGQYKRRWboDT11urg8fNbEaq+r33v27T/0SeSXG83lAanxSd2P89y94Wqc347/z76rG9W9fd+0vcBBBCGZuYAXPPD+iVVnn6pceHQT1bPvvFG5dKhOYmGDLBpUurYxTihcmyN2ooJ37u0EkbNq55Kxrv9HBPpHHlBnxHyhFRqaiEgGChiQAQkgCbr48aKwGnVYBbyNoZJ+y+rFlwfOu8t2REIBExAkWL2y7PHSoPHzpqwuelkvr6v/eBbeODRJ5JcT5donYq6va1zLrJnySoqOhlqeu2tkc2Asj+ki5npuZbO/Of2Gd/4hEQQlf5NyFbuWTGyjyUCKKUgYIgYKCTQZCQgToKoNlYozxyOZy/9vHLp6O9W337marQ03tySq4dj1+OEynFT8MJ4q7o6fkNV1gYTCuZ6+vf2iqJuI1IkBUUEgA0obfUVBrTyIEiFKqtIaAsU7DwryQQqu2Rhu10Gty6k3106lXlpvxgBAbc4X1s5vjpw9F0TNjYXqsd/8C314Od+FAU9RSgNkHWl6JTsZwHfNk9nIgX77fovn4xsvxCS7iNacQEIJDotH89EKiuJ6Yik7eW29yFll3IBsau6yCo+AaU1RBJoSRAgQZGSUt60Bnlx/Ofh2VeeXLz46rvNSydLErnR8I6t44TKcfNUKlK7cbVSXSuPBa3uSSqYSs5XvUToIqUDZiJhgu8XYBKGIJ0tRJljdidwrg+AWfC0Axlt9mL7bezFStu9QbLDJCsueY4kX106vjLw5laF6tu0/9G/ivLdXSAPTNmsysyVAusGUdoYfjuFyuorr3sM+107syP7E1Q2zJBTE1myvdtZ7iUMMKBIQZNu25NIKlpaGB7H6AK3upLmDVqde7E5NPqLtcuHXi6feXmGF+cTZK0NDscWcULl+OSUZ+Pq9ZUbjdrYQD7vLeXyBVHk7YV4Re3llNI+YgZEWTcHnwEvnS6e1XoL2UBpsyo73ZXEfoIXMhAyYDKpsHXyrHtB9sxChAJiyVWXjq8MHDm1FaHq/+oPvqn2P/ZElOvust5+6VSPdc2ynRzy9gtVJoH2OZR1M08NRKwzBEMUg4nBqbURp6KcZVU+EciIXUGEnWTIDLAYEBgeCXJiuNuY1a5W9VQ0PfqbpVOv/rT01slz0eTxGpKmy6IcnwgnVI5bZEF4cbxZW1ka85qVka5iX93z/B6lqM+I+KQVGWYopeGxghJYf7d2ILQB2PYp2TBqg6OkbtsMkLETYNu2TPcYAvISc66yuGWh2vPV739TPfTYX31AqN6X49w5oco+AAD2hGfnXrJ9q/Y5Tx0j0iXOTNwIgN1otP1ztoeOIBAQAb5iyZk4zLUqw3555g+tobeeXBo4erAxdGheognjBho6bgUnVI7bQ2UxbkwMLuRYBnQuv1TsCrpJoV9rr2BYlE8+SAh2BpOA00wKZN+ESmzA6ywHdsratZBdLrznja/pAROQ58jkqvNHt7r0t+er3/8G7f/cE1GuuxtKQ2CFSqizB3Ynhcpi9/6yLNY+YCZS6+dh2X9KKD3360RJKesoAbbVfCLQYjgXh+WuuHo6mR/9WenMyz9bPPbUlWjuWh2cuCzKccs4oXLcVmqzI63WWnkiF1fGdOA3ckGQDzyvJzYmMFqRUXYII9LArNob9WLL2ElAYCixxRg2y9L2rdouArj35CVMcmvzR1YvHj2zFaHa+9Xvf50ffPSJKOjqziok7dKfFSoRae/N3RmhsufOzsGy55uQfk2/zwRKs3U5V6LSS3relV0qZDCYGT4EBYlb+bB6LV9dfDkePvbz2bNvHGoMvukm7jpuK06oHLcdU56N165fmIrD+kBQyE8X8vm8KOyJfa+QaKUVbEGFEhuaWdmlKCYGgaGFoQVpwFQQ+G0D13tJO/MRQY7DKLc2d2jl4lvnTNjYtI9qz+Pf/zI/8Jm/ioKuPoEmUeljZY9J7QW2OyRUac9WO3sTKIK1wsr+FkJQoqHSKkAFnWZV1uXQwECU/TChEHNBwlKuUTrNk5efbA0d/cXckX8dMLMjDZdFOW439/5/v2PHEs+/11wrLY77zbXxrt7+CuVyfcrz+jTEJwbZ2VYKhqyzhco+5WfrYlAg8gD47WzDLgl+UtLM4BNd0JYOAhCYZitfmX9tZfCti1tp+N375e9+Ltn7Rz+KCj17QB51+pHu1tJf1pRtv8+cGXW7ztJmriIERQHA6SwyIF0eBAQGGgkKykSFuHKjUJ3/Q+3CGz8vnz/6emnw0CKHzuXccWdwQuW4s5SXTG1scBZJPKDzxbWeYldegfYaw3nyc8qQBqef3m08tHOvhABR6ZJfVkTRLlP/pGR7XJ/kYp0ZlLIiGiSNRr668NLK4LEtef31f/E7B6I9f/TX3LXnAVKesntTCswMUtmSn32eOyFUdl8qK5AQKDBIAAXr10iiwUIg8gHSSNhA+xqJie3eIRl4iCWfNCt9XD8bz1z/XTh45MdLR54eaC2MNoRdsYTjzuGEynFXaM6OtlqVtQlVe2Akl2fyA7WPvKDHkNZEnv2MzwxhAIpAngchgpF0/0QBgLlFY9tbCfWwlYeKwCZCgVtrQWXhD6uDx0e24p7e++++2Sv7H/1r07XnYWRClUrSXcmo0v09ssXpVqxSNwogzWyhIKTBJDBiQJohEkJ7jAAhd8fNuVxl8fXmpTf/cfncW6+WTx+c47DhrCUcdxwnVI67Bq/OhPVRmvEwfS3f19NQftAtUN1aezk7k9EGU1EChoCFoTRBaYKRJC24uBVuKdRDhKEJ4CRGnluLfmnmmdKlE5NbmUfV94Vv5LH/sf+cdO/9LEh71vMwzR/vglCtf4ashg8ABAQmDYYCeT5iE0N5BKIYGi3kdCwqaVQKcWU4tzT9++r5w/8yd+hX70bTwxUYtxfluDs4oXLcZcbRmB4qJ2E47OniZN73TC4fHBBwF4MVaQVPKRALxDAobUqNJUHaDrzxAW+CW7kvbFk2WZPVgmlN+UvvPVu6cmp2KxN+6aFHtPfI1/6Sux/4kkD72R7V3RIqpPfPsqnsZ073B5mAOEkQBB5gQvhooVtFUjC1ZVVberV14+LPK6ePPLPy7ovj3KpvmkE6HLcTJ1SOe0K0MNGsLi6PF2L/es/eLg8e9jBJL6A0CZGGgk8KILHVgFq1y9U/ObdyXzsuHhBoxZIzzbFkduS5yrUzSxyFm2YWreIe3f35P/2h9O77mpAOJHWkyITqzpen2/vbx0gHwKf9VAzreq8VQeIQOY7QhVZcaJZv5OvLr9YGRv5p6cxzbzWunlqVKNxUlB2O240TKse9o74g1cnFVZLSNS+XLxd7uh9UfrAvYvgxQNoLAAI4TuCJSkXqVsL1rdzX1swpEoATycWN4eXrF15sjQ+uIok2FSoU93u9X/neD7hv/58IVJ7TYoq7KVS2hi997PRUZg4VgEALI5AEvUjqxbByOXxv5NfVwWO/XDx64bJZuByCNy1udDjuCE6oHPeYktSnrq5FlfpIvqdvNV/sKUgu6G8xF0VrRQBUxPCYbGB/X7TOhOvjBcze51aXDe2emVYEjiIucOvS6rvvvGYWRtbA8eZChYep9xvf/Qb3P/hdJl0UAq1f8ssW4+w1Gx6uXQix+Wv9uDOy/rGF7P5UdtFi4MUhd3O4FFRXj0XzY7+YP3Hw2dL5g5McTiTOAslxL3FC5bgviFenwrBeHxOVXO8u5MXT6tME6dHaUyAPWnupi4Idw8hIy9eJbK7QDvofDNRGEbjtUL4FTflQrNWQpxQQx6Yraby7dvnIYbP0XnVLM5XCAvZ+5z98nvr3/0UM6hVSqU6xFaB0r8hmOrapVlLTXoIG2vOi7KvoGMpmosO2KhECLfarffzO2bA/Z6+fIKnVhEcKHsfci9YiLU8+U7t4+J9nL7z5ZjR6soTYjeNw3HucUDnuG5LV6aRemZ5X5eWRnq4uXegq9rPSvS2QlyhNaWjtjL1vTxa2dWxp4tGuaiMATASjFTjrH7qJKbV2om1nuQxkXSk8w1F3XHujdOmVE2Z1obm1sRUlPPinf/kZb98jTzRZ9UP7ZHuZ2C75kQZDQ0igKAGBwUQAEUg8kOhUqDrilDmcg+yek7YGSdBix3lk+Vk2rDI7J/YUWLd6DYJvorBHmsPe6tTzq2de+JfVY89c4vmxFlxvlOM+wQmV4/6iUpHG1PVSHDYvd+07sKL9/D4m2q89308Mk/I8KCI7QZZsWYBhhtIaxFnWkS5vpUFa0pJsnfZkbZVsaa5zhTXP9ZKk1WMaz68eeeqcqVc29fnL6P/6nx/Q+x75Ly0K9kF5SluNAUSlHnwqFdoE1J6/pdoipSSt2CMDRWkWly7hEa0bk7JOpDJRAwTEDJW6gUA0AqWQ41YYVBcu0NLkPy+feulXlVMvT3Loqvoc9xdOqBz3JdHCjUYYtsa0eEu93T3dvuc9GEMXVFAgYgMTtaC1gtJAIgyozKvOtrAiLRRAOqxR25W7m4bS6rys4EGLQU5Qj5duPLt24eAVDhtbDur88OO9wf7P/i3nug7EohRzAk9pkPIgQmCynnpWqNLiClHWew8CIgNQAiIDgrGOEaIAWJspa4ik0Vbj9vgOm01pshOXWWloAudMo+RV594xM2d+MnvspZeag4cWnZms437ECZXjviVeeC+qzs6MekV/tLurp88r9DwcGhSIjfI8ghFGAoanPWsF1M6ksnzCxuxOJnUz+dSHQIAnjKIk5ZXRS0+Fw2+PI25tYYPKkhz4orf3s195wuvZ+2gE5bFJoLVOrZTS/SgCyHpEQKBSc1hKX5Wxs7lsTpS+SgWIn/5XznIpAbXnSnV6paxuCXxJpFuilXx9/vXmxSv/Z+Hs04fN2LkKYlfV57g/cULluL9plbhem1vIR90zXQ88qBLCg6Sph3xfs7KmtZo02JhUh6TtEJ7t6VAmVPTJSylg7w5fDHJRY35t+tpvktEzs4g3b/bNkP1foL2f+dKfS7Hv8Zi0D4K1jhLbhos0o9LpuJNs7y0TYTtI0uqiLdW31lN2d6pdZmFnRaVzvZgIhjSE7KP4HJnupD4VrM08Hw4efnLh9eOnzfylpis9d9zPOKFy3P9UKlKZWJkXs3al71P7qdDb8+lWzH2iAg3lw8QRlCK7r5OZ1lJquJpmI2yVasMDvx9bPGH54P6UAALkOIZXL402Zq4/HU+cX0a8ebNvG9/nfZ//xp9wcc93Yh3kSdssiNkOJBSy/x3VB4SKbJ2j4lRoNQQeIF4qbpnjhIGiBCr1RBQoMGmAPCgW5Dg0PXF1VK9M/rp07uD/W3jzqSHTHI1c6bnjfscJlWObUJLG1OWKp7801f1AD8PzH45F9xvRWoHgeQQbcDNLIluIkPUJvb//6uaxmRkjL7H4tdWTq+dee8EsTFRvqjJubUH2fP0vPqP3PvIXkQq6mYiglK1cFACk243FNiNKX4ct2gPAaaWjDyHf7k0JpXayCRTFICTtUfKSFlgoIeRM0uqOyiOYH/9Z6fQrvymffGGSW/UtL1s6HPcSJ1SObUX9vWLZRFPXex94wOig+LDS3h4v8L0osYJhQzsAsiXpDLv3g7SPajNEOt5761EASAzyEplcbemV8pFfHTWNtebG39uMPY9/by/3HfhRSwd7DSliImjtweaBNvvL+qjYWsZ3jpuQZkk+BF5a7SfQSEBIQMrAgJEoOySRGPBFUBTT6g7XBr3FkZ8tnHjpt9XzB2clcrOjHNsHJ1SObcY4mjNDdW14XOe7Iz+fe0iU3iekPUUawgQoAkNgVKfnKivbbvdEbVjqy1gvUusr/hQBxAkC06r75dlnSwNHLmxlsu9G9j3+3W7uP/Ajk+86wH6gY2EQ6fRY0n0mYru/hI7AEsTuSxGlE49tKTuBQRSDKIEhK1IxPCjlwTMGPZw0+pL6WdwY/vnsid89Vx86suQq+xzbDSdUjm1JfWakVi+Xr+e7eir5rr5Pkx/sI53zwoTJ8zQMJ7ZuTiso7cGkTuwfV06RCdfGjIqyirkkRpc0l2lx/NfloRPXTbT5eI+N0AOf9Yuf+eJ/TAo9j0VEHpQHNgzVHp6IdgOvXfpT66r8YPen0r0sAtty9XS5LyEF8XJgeKBE0CNJc4+pn+ep4X+af/sPL9SuHFsR5zTh2IY4oXJsW7g03TSt+rjK99QLPXs/xTrYH4v4UASt0wIDEbAQWOyYDmQLbB+STa1no1gpEXhipJDUxsrXzz5VH70wK3F005lJMwio99Gv/TEX93w9BOXI94mZ4WsvTfbs0p9t1LU9UUra3hvtvNBmUgkIBkIGhgiickjY9l0FUbO1lxunaXH8ydm3nnu1cvXNEsfNj3/RDsd9ihMqx7YmXp0Ja5XyeK64txr09z8WdHXti+LI89KxIBABt7Miuemm30ywFDHymtirr7w7P3TohWRmvPSJBgdSbHq/8J0Dau/Df5booBdKEzGgBEDmPGE91W0xRCqSGnZp0CKA2KbfdoEFKYgQVMIocNLsN/WBcOb6Py+cfOnl6tAhJ1KObY39n+BwbGduDFRXTr3wYnNy8Odd8dqVHLcizQZkGJoUPLJNsLeEABBOombtiizeWEOyFcf0D2F52dSXlyfIxHWPIGCGpzUgttrP7kWliVVaqpjtrYmkPn1iQJQAZJf8mKyDhc+CQtyM9kvjnJob+Ze5Ey++Whl4rcRR45Mdq8Nxn+CEyrEjiCdPV5ZPPv+7tZHzTxaSxmhAiFkAIwQNgmbe1JB2ffFEdlkPx3GzXlm7JouLDRjz8Q/20UiztDIrUaukwEzC1lMitXgisdmVzbA6PwPWEopJIMQADCTtDxMoKAEKYuI9FF0JZ678dPGd518wl18vIXKZlGP744TKsWMw104urbz9/G/V6txvvLAxQZCE0zREGe44VKR1dNnl/XLUuW799QoCT5JVU1kbFWNuutpvPdyszfsmnvUhiQaB0zEhmVC1j22DP2HmmG73sNIxILY8EL5hKYT161h478kbJ559sTL4xio7kXLsEJxQOXYU4fCJ5crZV/9NL0883W2qi3lELGlTrjIMXwCQgiE7WsNGf4FWCqQUWKwiKCiQiG3AJYbPEXq4viDJ0iJgbrrabz3h4mgz1yjP+EkSg20ZulEEVgxWYi2PoK1ciUDAdng822ut4BJYCJoIASfcx+GCzE386+KJ539vLh4rIXLVfY6dgxMqx05DFo//fqL67okni2uzB4vh2rJPhpVSqVDZbMWAQMqHgoJwx6xIGFDQUNAQtm4UBAOfmyZfXxxvLV6usdnC6PmPY/xs4pVmhlSrUUbCzEojhsCQgCkTKi91g7cyxRCQMBSLHaQIBSINxQbdHC70NFf/sHTyhafWBl6ZZdfM69hhOKFy7ERk7u2jk6WrJ3+sKvMvd0lY9TgSgSBJyyqUAMTGlrF7hIQTCBt4SsETZS0tiEBK2z2jJK5zpTQoAxeaaLU2Pt9NU1uePSfN2ljOU4kxxtbOp31eSgRKAM32e1tUoeBpjSQxSIhgSMGDSD5qNLpqSy+Wzr76k9aVN6ZdM69jJ+KEyrFDGefZsy+erVw5/3+xOnvaS2oN8pQkSkMRQYkBmyaYIzusSsEKldgsSthO2BUiKAYo4fl6uTTEhrc8KPHjWJy9MeqZaMAzcVNDoFU69FAATww8SeAJ2+dGe948oAkRERICdNxs9ibVU5WzF382c/jXg0mjEm98HodjJ+CEyrFzmZ42i++8dpHnrj+Zj0qXNJI4EQOBgSa7pCcSg2GLExTZoRnCnVHubBiawYHItcWpGxMmjm/ChfajqU+O1aVeuqSSVoNMIjZrskUcShhaDJSkjhTpBOBEBEYEnufDV8xBs3RubWzwx/PHjwyZZtOJlGPH4oTKsbNZvpasnDv4msxN/DpnWvMaMYMjKDLwNOxYexYYYyfmCglYrKURAVAs8IQNxa3LjRsjy5zcvBvFh7J8zcRrC6M5JLVAQcCSzoy3xRLtsfNA2l2loYMcQIBKQu5OWvPe8tQvl88eet20TjWAW1+OdDjuV5xQOXY8lYtvl5dPvvJ7rzz7cpEbiwEiFhOBWdqTcUUIhgQJjO1QIoBY4DHD46TZKi1f5uXrddxqIUUHaZWWxtGqzAaA4SRJG3pVWqduZ0/ZIkQFJoWEGUXfR75ZXQxWZ35fOXfkDR45VYHz73PscJxQOXYDsnbxzbny1dM/VqXpQ3lu1hViCAMiGiQaWnlgMBJiSOq6Dmb4EPimNbe2OjvMJrml/qmNNCcuLEh19bLmpKWVtUyyHn8CgcCkY+TtQqTAxCECDltd1eVD1Xdf/XHl/GszHLoKP8fOxwmVY7cgKwNHrlRHzv3Kr61cK4iJPdJgURDxAGjrREEM8sg6rxOQU2w8U71WnxpY4KR1S/1TG6lcORWbyvJFbjXKMDELANYKCVH6FTAkIA1oJOjSbHR1+ZoZH/5N6cQLo6ZZuy37ZQ7H/Y4TKsfu4b3BuHzu4DsyP/5sLqzPBiwsrADy0qwFdp8KgDEJPF9BcdTUYekirrxTRXj7nR6SannQ53BGCxsBQ5SGASHrrWIl0MrAlybyrfKCzE88W7lw7AyHjdtSfehwbAecUDl2FxOD9er1s89gZe6wHzaqAVg4dVgXYfhKA8wgEhAZmKS+aNaWzsOYO1KtUFmenqBW9VpAJgInYDGAUmiZxE7pBQNxDfm4Ggal6UOrZw7+vjxxrMSJ25dy7B6cUDl2G7I8dGwinBj+db65NlTgVkQcgRRBQ4HjBGAD31NIoob4FF1bGBsZTeLwjpR/l8cvlJO1hXO+CZsBAWCBpBZKSmuQiZEzjaQ7Lg82Ji8/3bzy5phETbfk59hVOKFy7D4WFkxl8MRpWpl4VteW5nMSskcCrTzrAsEMJBECMmzqlQvVkaF5jm5TWfpGJi9HZnX+QpA0KwGMKGaABZ724IHgJzGKSX3RLEz82+Lg8VMmbLolP8euwwmVY1dSGT9VXxo5/mJQmz1R4FZTJRHiKIbSHvJBDooT5MHN+tLCEC+N3M6y9I1Ia3lpwgtrC37SMp4YKCNQRqCNQRFJ5FdXji2ff+ugmRgoI7ljx+Fw3Lc4oXLsVmT5+smJoDb/u1yrNu0lsQGAROyEDU8EOgznonI0JCy3tSx9I63xy8teozzsJ1HTZxYPZIc+JkaCOJ6oT439rnrx7UkOm7e16tDh2C44oXLsXqanzcqFoXfDhak38iYq+56WmBlhGMKDMbrVuNYYv7rCcXhHBaI+/k7UKs2d9DheRhyLhsAThheHNamsvLw6ePKsW/Jz7GacUDl2NbPnTi+Uh8//0mssDOm4EWsAHhG0mKofrr2D0ddqiOob73a7kfry/FkJwyliSbQkyCOSfGvpam1x6JnW+Lk5icM7s0fmcGwDnFA5djnjXB0+NiTzIy/n4+pKniDECdCqj9dnJ9+VJL4jZekbWZ6cnArXylcDTbE2EYpcL9Hq+MsrV4+MmLDhqvwcuxonVA7H3NVmefzKy6isnCsmrVY+aUqQNM5Nnz0+HDcbd6QsfSPJ7Fg5XJk7nYvr9VxYjbz6yvG10csv8aXBNUSugMKxu3FC5XAAKI8MTMZzU09TeX5mL4Uts7ZwXuYvrsGEd0cklq8l4dLkuWKrPNMbVaaq4yO/Wr164bqJ7uz+mMOxHXBC5XAAwNRQo3rh0CvFyvyJfq6OtuamBjm5vSa0mxHWpkZz1YVTvWHp9aVzR04kc5dqd7As3uHYNuiNVzgcu5Vocbz10Ge/FO3tzi9NnX37aGNutCJ897aHEt+YT+15iMtzs+dXBl4Z47B+957c4biPcULlcKxDILPNldkrC4NvLid3e4RGqSQUJ7NTYyM3kupCBHGrfg6Hw+FwOBwOh8PhcDgcDofD4XA4HA6Hw+FwOBwOh8PhcDgcDofD4XA4HA6Hw+FwOBwOh8PhcDgcDofD8dH8f9Cv75Dgq8goAAAAAElFTkSuQmCC', '2025-10-02T22:38:04.066Z', '2025-10-18T20:13:30.358Z', 'NH/3613/JUL-2021');

-- Table: system_settings
DELETE FROM system_settings;
INSERT INTO system_settings (id, email_notifications, sms_notifications, auto_backup, audit_logging, backup_frequency, backup_time, last_backup_date, backup_retention_days, created_at, updated_at, timezone, timezone_offset) VALUES ('p4isf6r3g8jmglbn189', 0, 0, 1, 0, 'daily', '02:01', '2025-10-18', 30, '2025-10-10T20:51:07.642Z', '2025-10-18T20:30:47.047Z', 'Asia/Kolkata', '+05:30');

-- Table: room_types
DELETE FROM room_types;
INSERT INTO room_types (id, name, category, daily_cost, description, is_active, created_at, updated_at, total_beds, occupied_beds) VALUES ('4eb98c949d209fe99a1ee7d77c371563', 'General Ward', 'ward', 600, NULL, 1, '2025-10-11 07:31:56', '2025-10-17T00:10:06.940Z', 0, 0);
INSERT INTO room_types (id, name, category, daily_cost, description, is_active, created_at, updated_at, total_beds, occupied_beds) VALUES ('cfd1e0dbea069b96aad577efd48ec429', 'Nursing Room', 'ward', 800, NULL, 1, '2025-10-11 07:32:13', '2025-10-11 07:32:13', 0, 0);
INSERT INTO room_types (id, name, category, daily_cost, description, is_active, created_at, updated_at, total_beds, occupied_beds) VALUES ('7a2b98e9618270c88168deb03becc2ee', 'Private Room', 'room', 1400, NULL, 1, '2025-10-11 07:32:49', '2025-10-11 07:32:49', 0, 0);
INSERT INTO room_types (id, name, category, daily_cost, description, is_active, created_at, updated_at, total_beds, occupied_beds) VALUES ('a38a2157e8dc54c378874d8f6f2e9248', 'ICU', 'icu', 1600, NULL, 1, '2025-10-11 07:33:44', '2025-10-11T07:33:52.154Z', 0, 0);
INSERT INTO room_types (id, name, category, daily_cost, description, is_active, created_at, updated_at, total_beds, occupied_beds) VALUES ('0b92df5da24fe06047468e67d054e3ef', 'Casualty', 'emergency', 500, NULL, 1, '2025-10-11 07:41:10', '2025-10-18T11:18:06.982Z', 0, 3);

-- Table: rooms
DELETE FROM rooms;
INSERT INTO rooms (id, room_number, room_type_id, floor, building, capacity, is_occupied, is_active, notes, created_at, updated_at) VALUES ('483be5475165f87a64e19eceb89487eb', 'GW-01', '4eb98c949d209fe99a1ee7d77c371563', '', '', 1, 0, 1, '', '2025-10-11 07:35:27', '2025-10-11 07:35:27');
INSERT INTO rooms (id, room_number, room_type_id, floor, building, capacity, is_occupied, is_active, notes, created_at, updated_at) VALUES ('b4fe2a038d5fb8d347b84d8d80715477', 'GW-02', '4eb98c949d209fe99a1ee7d77c371563', '', '', 1, 0, 1, '', '2025-10-11 07:35:32', '2025-10-11 07:35:32');
INSERT INTO rooms (id, room_number, room_type_id, floor, building, capacity, is_occupied, is_active, notes, created_at, updated_at) VALUES ('b904221b1fdd0224eed4781dc454dedc', 'GW-03', '4eb98c949d209fe99a1ee7d77c371563', '', '', 1, 0, 1, '', '2025-10-11 07:35:38', '2025-10-11 07:35:38');
INSERT INTO rooms (id, room_number, room_type_id, floor, building, capacity, is_occupied, is_active, notes, created_at, updated_at) VALUES ('ab0cbb8b6aa62f9632002e5cad2cfb17', 'GW-04', '4eb98c949d209fe99a1ee7d77c371563', '', '', 1, 0, 1, '', '2025-10-11 07:35:41', '2025-10-11 07:35:41');
INSERT INTO rooms (id, room_number, room_type_id, floor, building, capacity, is_occupied, is_active, notes, created_at, updated_at) VALUES ('5db077d21d844e838752fdcc79b885ce', 'GW-05', '4eb98c949d209fe99a1ee7d77c371563', '', '', 1, 0, 1, '', '2025-10-11 07:35:45', '2025-10-11 07:35:45');
INSERT INTO rooms (id, room_number, room_type_id, floor, building, capacity, is_occupied, is_active, notes, created_at, updated_at) VALUES ('5f2bb3de2b1a45b4daf49c3405ea51c9', 'GW-06', '4eb98c949d209fe99a1ee7d77c371563', '', '', 1, 0, 1, '', '2025-10-11 07:35:49', '2025-10-11 07:35:49');
INSERT INTO rooms (id, room_number, room_type_id, floor, building, capacity, is_occupied, is_active, notes, created_at, updated_at) VALUES ('95e077aeebe917e3014ba8a09b284a5c', 'GW-07', '4eb98c949d209fe99a1ee7d77c371563', '', '', 1, 0, 1, '', '2025-10-11 07:35:52', '2025-10-11 07:35:52');
INSERT INTO rooms (id, room_number, room_type_id, floor, building, capacity, is_occupied, is_active, notes, created_at, updated_at) VALUES ('afb586ce35a57c125cc1f70341b027f5', 'GW-08', '4eb98c949d209fe99a1ee7d77c371563', '', '', 1, 0, 1, '', '2025-10-11 07:35:58', '2025-10-11 07:35:58');
INSERT INTO rooms (id, room_number, room_type_id, floor, building, capacity, is_occupied, is_active, notes, created_at, updated_at) VALUES ('9b4d9f5376a0fe12dd9cf6a8e978428a', 'GW-09', '4eb98c949d209fe99a1ee7d77c371563', '', '', 1, 0, 1, '', '2025-10-11 07:36:05', '2025-10-11 07:36:05');
INSERT INTO rooms (id, room_number, room_type_id, floor, building, capacity, is_occupied, is_active, notes, created_at, updated_at) VALUES ('4ce14690f7ca1f08ed2bec03393d88b7', 'GW-10', '4eb98c949d209fe99a1ee7d77c371563', '', '', 1, 0, 1, '', '2025-10-11 07:36:10', '2025-10-11 07:36:10');
INSERT INTO rooms (id, room_number, room_type_id, floor, building, capacity, is_occupied, is_active, notes, created_at, updated_at) VALUES ('d3ece5ea6614a8610675cae003f21499', 'GW-11', '4eb98c949d209fe99a1ee7d77c371563', '', '', 1, 0, 1, '', '2025-10-11 07:36:52', '2025-10-11 07:36:52');
INSERT INTO rooms (id, room_number, room_type_id, floor, building, capacity, is_occupied, is_active, notes, created_at, updated_at) VALUES ('cd44d1b5f0e550626796d70ec3846563', 'GW-12', '4eb98c949d209fe99a1ee7d77c371563', '', '', 1, 0, 1, '', '2025-10-11 07:36:56', '2025-10-11 07:36:56');
INSERT INTO rooms (id, room_number, room_type_id, floor, building, capacity, is_occupied, is_active, notes, created_at, updated_at) VALUES ('8081d3f4bcc3c52cb332bc2f95816728', 'GW-13', '4eb98c949d209fe99a1ee7d77c371563', '', '', 1, 0, 1, '', '2025-10-11 07:37:01', '2025-10-11 07:37:01');
INSERT INTO rooms (id, room_number, room_type_id, floor, building, capacity, is_occupied, is_active, notes, created_at, updated_at) VALUES ('11764f96a3e508c1dadf752c633867d0', 'GW-14', '4eb98c949d209fe99a1ee7d77c371563', '', '', 1, 0, 1, '', '2025-10-11 07:37:19', '2025-10-11 07:37:19');
INSERT INTO rooms (id, room_number, room_type_id, floor, building, capacity, is_occupied, is_active, notes, created_at, updated_at) VALUES ('bf061113334ffe0b131aabe1cac8fe3d', 'GW-15', '4eb98c949d209fe99a1ee7d77c371563', '', '', 1, 0, 1, '', '2025-10-11 07:37:23', '2025-10-11 07:37:23');
INSERT INTO rooms (id, room_number, room_type_id, floor, building, capacity, is_occupied, is_active, notes, created_at, updated_at) VALUES ('945081bbda427c9d826581c985c9e51e', 'GW-16', '4eb98c949d209fe99a1ee7d77c371563', '', '', 1, 0, 1, '', '2025-10-11 07:37:28', '2025-10-11 07:37:28');
INSERT INTO rooms (id, room_number, room_type_id, floor, building, capacity, is_occupied, is_active, notes, created_at, updated_at) VALUES ('99487f19be12e8d7a8c08c69604cbbb5', 'ICU-01', 'a38a2157e8dc54c378874d8f6f2e9248', '', '', 1, 0, 1, '', '2025-10-11 07:37:40', '2025-10-11 07:37:40');
INSERT INTO rooms (id, room_number, room_type_id, floor, building, capacity, is_occupied, is_active, notes, created_at, updated_at) VALUES ('cd1584a1deef149d2467dafaed54fd04', 'ICU-02', 'a38a2157e8dc54c378874d8f6f2e9248', '', '', 1, 0, 1, '', '2025-10-11 07:37:48', '2025-10-11 07:37:48');
INSERT INTO rooms (id, room_number, room_type_id, floor, building, capacity, is_occupied, is_active, notes, created_at, updated_at) VALUES ('451cefaa2fbb50362e14c38b451c56ea', 'ICU-03', 'a38a2157e8dc54c378874d8f6f2e9248', '', '', 1, 0, 1, '', '2025-10-11 07:37:51', '2025-10-11 07:37:51');
INSERT INTO rooms (id, room_number, room_type_id, floor, building, capacity, is_occupied, is_active, notes, created_at, updated_at) VALUES ('89a72ccb43fbc226edd09d7d2f7e3ea4', 'PR-01', '7a2b98e9618270c88168deb03becc2ee', '', '', 1, 0, 1, '', '2025-10-11 07:38:47', '2025-10-11 07:38:47');
INSERT INTO rooms (id, room_number, room_type_id, floor, building, capacity, is_occupied, is_active, notes, created_at, updated_at) VALUES ('e5098ffb90f1da3bad623e22471cfd1a', 'PR-02', '7a2b98e9618270c88168deb03becc2ee', '', '', 1, 0, 1, '', '2025-10-11 07:38:55', '2025-10-11 07:38:55');
INSERT INTO rooms (id, room_number, room_type_id, floor, building, capacity, is_occupied, is_active, notes, created_at, updated_at) VALUES ('b7da7485eb1429c8e8d7adb238701957', 'PR-03', '7a2b98e9618270c88168deb03becc2ee', '', '', 1, 0, 1, '', '2025-10-11 07:38:59', '2025-10-11 07:38:59');
INSERT INTO rooms (id, room_number, room_type_id, floor, building, capacity, is_occupied, is_active, notes, created_at, updated_at) VALUES ('61421b55f4581abb098724ccc1a35618', 'PR-04', '7a2b98e9618270c88168deb03becc2ee', '', '', 1, 0, 1, '', '2025-10-11 07:39:03', '2025-10-11 07:39:03');
INSERT INTO rooms (id, room_number, room_type_id, floor, building, capacity, is_occupied, is_active, notes, created_at, updated_at) VALUES ('81104814d61c33a69402b5510df626c1', 'PR-05', '7a2b98e9618270c88168deb03becc2ee', '', '', 1, 0, 1, '', '2025-10-11 07:39:06', '2025-10-11 07:39:06');
INSERT INTO rooms (id, room_number, room_type_id, floor, building, capacity, is_occupied, is_active, notes, created_at, updated_at) VALUES ('722a8ee234bd9d553c4ec434cd832277', 'NR-B-01', 'cfd1e0dbea069b96aad577efd48ec429', '', '', 1, 0, 1, '', '2025-10-11 07:39:17', '2025-10-11 07:39:17');
INSERT INTO rooms (id, room_number, room_type_id, floor, building, capacity, is_occupied, is_active, notes, created_at, updated_at) VALUES ('5cda2cc01777f3e95e8487e6cfafad38', 'NR-B-02', 'cfd1e0dbea069b96aad577efd48ec429', '', '', 1, 0, 1, '', '2025-10-11 07:39:26', '2025-10-11 07:39:26');
INSERT INTO rooms (id, room_number, room_type_id, floor, building, capacity, is_occupied, is_active, notes, created_at, updated_at) VALUES ('86c94657ade669686ff034e546602079', 'NR-F-01', 'cfd1e0dbea069b96aad577efd48ec429', '', '', 1, 0, 1, '', '2025-10-11 07:39:34', '2025-10-11 07:39:34');
INSERT INTO rooms (id, room_number, room_type_id, floor, building, capacity, is_occupied, is_active, notes, created_at, updated_at) VALUES ('de503184e12cda1fb978ce2aab0251e3', 'NR-F-02', 'cfd1e0dbea069b96aad577efd48ec429', '', '', 1, 0, 1, '', '2025-10-11 07:39:43', '2025-10-11 07:39:43');
INSERT INTO rooms (id, room_number, room_type_id, floor, building, capacity, is_occupied, is_active, notes, created_at, updated_at) VALUES ('7e0fe47060a107b297a4403432f74394', 'C-01', '0b92df5da24fe06047468e67d054e3ef', '', '', 1, 0, 1, '', '2025-10-11 07:41:20', '2025-10-11 07:41:20');
INSERT INTO rooms (id, room_number, room_type_id, floor, building, capacity, is_occupied, is_active, notes, created_at, updated_at) VALUES ('bcbc12be598ce343548cf7dea5497941', 'C-02', '0b92df5da24fe06047468e67d054e3ef', '', '', 1, 0, 1, '', '2025-10-11 07:41:24', '2025-10-11 07:41:24');

