-- Hospital Management System Database Backup
-- Created: 2025-09-07T12:42:27.715Z
-- Backup ID: BACKUP-2025-017

-- Table: users
DELETE FROM users;
INSERT INTO users (id, username, password, full_name, role, is_active, created_at, updated_at) VALUES ('admin-user-id', 'root', '$2b$10$9Rubi44BWNBKz.Xp7Bh3qeZOcoO/VE4/nSAvnrjjva9WAMe8d6ix6', 'Root', 'admin', 1, '2025-08-22T19:55:11.898Z', '2025-09-05T21:09:11.315Z');
INSERT INTO users (id, username, password, full_name, role, is_active, created_at, updated_at) VALUES ('86c432e393c2b19c1e0dd1a2ad86e8d4', 'mnnsi', '$2b$10$piILB5C0XxNZV3U8O536heSJuZZwc/23Ys35xRTPbhJEtbZzjxleK', 'Manan Singh', 'admin', 1, '2025-09-05 20:55:29', '2025-09-06T10:14:25.363Z');
INSERT INTO users (id, username, password, full_name, role, is_active, created_at, updated_at) VALUES ('931da3de7e99d4218a74b84a656c0a16', 'rajnish_m', '$2b$10$cTnzctM.3nNh9lEx7b9VTeTeq30BvNklNzMEEJLntxRsSS9oYwIU2', 'Rajnish Manikpuri', 'billing_staff', 1, '2025-09-05 21:41:02', '2025-09-05 21:41:02');
INSERT INTO users (id, username, password, full_name, role, is_active, created_at, updated_at) VALUES ('40359c619f53f5bce0f3724be640a09a', 'ankit_c', '$2b$10$xxaFruZCmxaMeqED1t5qS.rwTsd3FrQcv2PMICkc/xy9QNUjZf9IC', 'Ankit Chandrol', 'admin', 1, '2025-09-05 20:57:58', '2025-09-05 20:57:58');
INSERT INTO users (id, username, password, full_name, role, is_active, created_at, updated_at) VALUES ('26ed965629f0ee7e26f9b4fef81ec7c3', 'dr_gurumohan', '$2b$10$JcAqKDUp5sr65LfiRMAqBejGduVSLc4PsJCs0bYxTuHEUF9VCX.5S', 'Gurumohan Singh', 'doctor', 1, '2025-09-05 20:59:07', '2025-09-05 20:59:07');
INSERT INTO users (id, username, password, full_name, role, is_active, created_at, updated_at) VALUES ('c9e78ceb32b3e46bc59aa357dcca471b', 'sita_p', '$2b$10$gs13Hy34Vg23FMGN3j45Q.Z6Xa0ATFZJLKQ3yPuQW5Vwt6UVeO9Nq', 'Sitanshi Patel', 'billing_staff', 1, '2025-09-05 21:43:38', '2025-09-05 21:43:38');
INSERT INTO users (id, username, password, full_name, role, is_active, created_at, updated_at) VALUES ('a48f98c604b9411da332ae6cc26e8f11', 'sourav', '$2b$10$KcftF6pf7YGaphRUw3N4Kex9vENRXBxPfuv80EBFCwfvRIW/dNXM6', 'Sourav Patel', 'receptionist', 1, '2025-09-05 21:44:44', '2025-09-05 21:44:44');

-- Table: doctors
DELETE FROM doctors;
INSERT INTO doctors (id, user_id, name, specialization, qualification, consultation_fee, is_active, created_at, updated_at) VALUES ('8a5d3fa53165827b7afbadc2cdeaf97b', NULL, 'Dr. Gurumohan Singh', 'Surgery', 'MS', 310, 1, '2025-08-22 20:07:57', '2025-08-22 20:07:57');
INSERT INTO doctors (id, user_id, name, specialization, qualification, consultation_fee, is_active, created_at, updated_at) VALUES ('9b25e50ddf70456e460eec7c08cbc98a', NULL, 'Dr. Prakhar', 'Radiology', 'MS', 444, 1, '2025-08-22 20:08:18', '2025-08-22 20:08:18');
INSERT INTO doctors (id, user_id, name, specialization, qualification, consultation_fee, is_active, created_at, updated_at) VALUES ('febec9b9898c88d201dadd8ff4746433', NULL, 'Dr. Lily Susan', 'Anesthesiology', 'MS MD', 400, 0, '2025-09-06 10:35:10', '2025-09-06T10:35:40.521Z');

-- Table: patients
DELETE FROM patients;
INSERT INTO patients (id, patient_id, name, age, gender, phone, address, email, emergency_contact, is_active, created_at, updated_at) VALUES ('dfabcb5d90b5d3181662f3071f399bda', 'PAT-2025-001', 'John Doe', 35, 'male', '1234567890', '123 Main St', NULL, 'Jane Doe - 9876543210', 1, '2025-08-22 19:55:31', '2025-08-22 19:55:31');
INSERT INTO patients (id, patient_id, name, age, gender, phone, address, email, emergency_contact, is_active, created_at, updated_at) VALUES ('81c17bd3964e9370097e5717ac896b8e', 'PAT-2025-002', 'Manan', 24, 'male', '7441143536', 'full address nahi, just city/ village/ locality.', 'abc@xyz.com', '132443423424', 1, '2025-08-22 20:03:33', '2025-08-22 20:03:33');
INSERT INTO patients (id, patient_id, name, age, gender, phone, address, email, emergency_contact, is_active, created_at, updated_at) VALUES ('0728f70605672699f3525e3bae548d6b', 'PAT-2025-003', 'Manan S', 24, 'male', '7441143536', 'iosan idjs dsio', 'abc@xyz.com', '2432523543', 1, '2025-08-22 20:34:50', '2025-08-22 20:34:50');
INSERT INTO patients (id, patient_id, name, age, gender, phone, address, email, emergency_contact, is_active, created_at, updated_at) VALUES ('2a624c5dc6529d3893ada1a46507573d', 'PAT-2025-004', 'Ankit', 24, 'male', '2776188890', 'eqjwd diidj d', 'dcdisdi@did', 'e34343453', 1, '2025-08-23 08:44:43', '2025-08-23 08:44:43');
INSERT INTO patients (id, patient_id, name, age, gender, phone, address, email, emergency_contact, is_active, created_at, updated_at) VALUES ('3cae64d54afee015e3f202549cd5d852', 'PAT-2025-005', 'Goku', 100, 'male', '1357924680', 'CN-TV', 'goku@dbz.ani', '1234123412', 1, '2025-08-24 20:46:54', '2025-08-24 20:46:54');
INSERT INTO patients (id, patient_id, name, age, gender, phone, address, email, emergency_contact, is_active, created_at, updated_at) VALUES ('943d00ccd6bbebd287eab818d220ca67', 'PAT-2025-006', 'Vegeta', 101, 'male', '21341442422', '2ed', 'dfudsndn@wdfd', '23213233', 1, '2025-08-24 21:54:20', '2025-08-24 21:54:20');
INSERT INTO patients (id, patient_id, name, age, gender, phone, address, email, emergency_contact, is_active, created_at, updated_at) VALUES ('394d152a418054267667e6d197c2485f', 'PAT-2025-007', 'Baka', 18, 'other', '2343244324243', 'asdsa dssd sd sdsd sds d sdsdsdsd dsdssssssssssssss ddd', 'manansigh8989@gmail.com', '2333233233', 1, '2025-08-24 22:27:47', '2025-08-24 22:27:47');
INSERT INTO patients (id, patient_id, name, age, gender, phone, address, email, emergency_contact, is_active, created_at, updated_at) VALUES ('b2e6b51111f3ddeb2c341ff4059e9990', 'PAT-2025-008', 'Mann', 21, 'female', '1234343243432', 'dddfdf n ijdoi  iajddn, jij dii', 'sdfds@fdfdf', '2323 2323 2323', 1, '2025-08-25 09:28:18', '2025-08-25 09:28:18');
INSERT INTO patients (id, patient_id, name, age, gender, phone, address, email, emergency_contact, is_active, created_at, updated_at) VALUES ('527c3cbca2852a0b2c74da51ccb1cf11', 'PAT-2025-009', 'Saitama', 20, 'male', '30449491838', 'anfi fi fi idj dij ij di dndinnd ijddl e fninfunf', 'saitama@onepunch.man', '234233v4324234', 1, '2025-08-25 09:57:50', '2025-08-25 09:57:50');
INSERT INTO patients (id, patient_id, name, age, gender, phone, address, email, emergency_contact, is_active, created_at, updated_at) VALUES ('553e88102b23c6f7bd48ad7f03417a96', 'PAT-2025-010', 'MS', 21, 'male', '3224234 34234', 'fsddf', 'fgfsfddf@fdfd', '3432434', 1, '2025-08-25 12:02:26', '2025-08-25 12:02:26');
INSERT INTO patients (id, patient_id, name, age, gender, phone, address, email, emergency_contact, is_active, created_at, updated_at) VALUES ('147855b589b649a6529549417b8c3b7d', 'PAT-2025-011', 'sfsfd', 12, 'female', 're2343324', '', '', '', 1, '2025-08-26 11:52:39', '2025-08-26 11:52:39');
INSERT INTO patients (id, patient_id, name, age, gender, phone, address, email, emergency_contact, is_active, created_at, updated_at) VALUES ('a02be052a1eb8b53d2bd4963ae9e30aa', 'PAT-2025-012', 'Bakana', 23, 'female', '342332432434', 'fefdf', '', '45435435', 1, '2025-08-26 12:09:10', '2025-08-26 12:09:10');
INSERT INTO patients (id, patient_id, name, age, gender, phone, address, email, emergency_contact, is_active, created_at, updated_at) VALUES ('370ebf4bccacd9d107e17e86c16b8c22', 'PAT-2025-013', 'Rajnish Manikpuri', 25, 'other', '1111111111', '', '', '', 1, '2025-08-26 13:40:02', '2025-08-30T19:07:37.653Z');
INSERT INTO patients (id, patient_id, name, age, gender, phone, address, email, emergency_contact, is_active, created_at, updated_at) VALUES ('f5a63a74f5f3a4cd02a82c228cae7176', 'PAT-2025-014', 'dfsf', 23, 'female', '133232323', '', '', '', 1, '2025-08-26 20:05:12', '2025-08-26 20:05:12');
INSERT INTO patients (id, patient_id, name, age, gender, phone, address, email, emergency_contact, is_active, created_at, updated_at) VALUES ('ba50ec1ee71a4a3bddb346e8f6aa8fa6', 'PAT-2025-015', 'itachi', 26, 'male', '1231231231', 'scdsvdsvdsv', 'shadow@leaf', '21221212', 1, '2025-08-28 06:58:17', '2025-08-28T19:17:16.576Z');
INSERT INTO patients (id, patient_id, name, age, gender, phone, address, email, emergency_contact, is_active, created_at, updated_at) VALUES ('c4b735850d56a0d59a328f35e972e7d8', 'PAT-2025-016', 'bakano', 45, 'male', '42334234423', '', '', '', 1, '2025-08-28 19:18:26', '2025-08-28 19:18:26');
INSERT INTO patients (id, patient_id, name, age, gender, phone, address, email, emergency_contact, is_active, created_at, updated_at) VALUES ('99f9a4b60fb56c2db70c958a30636063', 'PAT-2025-017', 'Manan Badwal', 24, 'male', '1231112321', '', '', '', 1, '2025-08-31 11:00:19', '2025-08-31 11:00:19');
INSERT INTO patients (id, patient_id, name, age, gender, phone, address, email, emergency_contact, is_active, created_at, updated_at) VALUES ('7008ccd58e817294ae4402ce3c2cfd81', 'PAT-2025-018', 'Man2', 12, 'other', '34123412', '', '', '', 1, '2025-08-31 11:36:27', '2025-08-31 11:36:27');
INSERT INTO patients (id, patient_id, name, age, gender, phone, address, email, emergency_contact, is_active, created_at, updated_at) VALUES ('111b47095570f64589b62754ecb60558', 'PAT-2025-019', 'bak2', 42, 'female', '34224234324', '', '', '', 1, '2025-08-31 11:37:30', '2025-08-31 11:37:30');
INSERT INTO patients (id, patient_id, name, age, gender, phone, address, email, emergency_contact, is_active, created_at, updated_at) VALUES ('bf4d14d688dc259fffaffd8cbdd5f7ad', 'PAT-2025-020', 'Man3', 23, 'female', '434424324324', '', '', '', 1, '2025-08-31 12:14:07', '2025-08-31 12:14:07');
INSERT INTO patients (id, patient_id, name, age, gender, phone, address, email, emergency_contact, is_active, created_at, updated_at) VALUES ('6689022e9c52aedafb4ed02f9fde6748', 'PAT-2025-021', 'man5', 23, 'male', '34634366356', '', '', '', 1, '2025-08-31 12:26:28', '2025-08-31 12:26:28');
INSERT INTO patients (id, patient_id, name, age, gender, phone, address, email, emergency_contact, is_active, created_at, updated_at) VALUES ('fdd8de115ef81cf32bae39ee0f045e9a', 'PAT-2025-022', 'man7', 65, 'male', '454554554', '', '', '', 1, '2025-08-31 13:30:32', '2025-08-31 13:30:32');
INSERT INTO patients (id, patient_id, name, age, gender, phone, address, email, emergency_contact, is_active, created_at, updated_at) VALUES ('8e4a4b7f9896752fc6335dc0ae203ed0', 'PAT-2025-023', 'Manan Singh', 12, 'male', '24873294873894', '', '', '', 1, '2025-08-31 14:20:49', '2025-09-01T14:21:00.207Z');
INSERT INTO patients (id, patient_id, name, age, gender, phone, address, email, emergency_contact, is_active, created_at, updated_at) VALUES ('8e482369bd27098a426a158c95141c8d', 'PAT-2025-024', 'Manan23', 23, 'female', '23432432434', '', '', '', 1, '2025-08-31 14:21:49', '2025-08-31 14:21:49');
INSERT INTO patients (id, patient_id, name, age, gender, phone, address, email, emergency_contact, is_active, created_at, updated_at) VALUES ('5a680c6bdb19d4c6bc8b5e07cdc98ca1', 'PAT-2025-025', 'Shoeb Khan', 33, 'male', '8989079251', '', '', '', 1, '2025-09-01 18:24:10', '2025-09-01 18:24:10');
INSERT INTO patients (id, patient_id, name, age, gender, phone, address, email, emergency_contact, is_active, created_at, updated_at) VALUES ('acc2ec9fa9eb891ff459f92aa9a83026', 'PAT-2025-026', 'Rajesh Maravi', 34, 'male', '8817064911', '', '', '', 1, '2025-09-01 18:25:25', '2025-09-01 18:25:25');
INSERT INTO patients (id, patient_id, name, age, gender, phone, address, email, emergency_contact, is_active, created_at, updated_at) VALUES ('c36556301bc4cc3939a1113582c29068', 'PAT-2025-027', 'Narbad bai Dhurwey', 65, 'female', '8815709251', '', '', '', 1, '2025-09-01 18:29:31', '2025-09-01 18:29:31');
INSERT INTO patients (id, patient_id, name, age, gender, phone, address, email, emergency_contact, is_active, created_at, updated_at) VALUES ('5679dfc2e47babf82b35a807f6bba5d7', 'PAT-2025-028', 'Raju Yadav', 27, 'male', '7828124670', '', '', '', 1, '2025-09-01 18:30:47', '2025-09-01 18:30:47');
INSERT INTO patients (id, patient_id, name, age, gender, phone, address, email, emergency_contact, is_active, created_at, updated_at) VALUES ('060bd772fe3e53f6f9a21c4bf49b41df', 'PAT-2025-029', 'Besart Maravi', 46, 'male', '6269433481', '', '', '', 1, '2025-09-01 18:31:44', '2025-09-01 18:31:44');
INSERT INTO patients (id, patient_id, name, age, gender, phone, address, email, emergency_contact, is_active, created_at, updated_at) VALUES ('a5e395c12e0e18aa99f5eb8a03acad36', 'PAT-2025-030', 'Sargeeta Sahu', 35, 'female', '6265938199', '', '', '', 1, '2025-09-01 18:32:35', '2025-09-01 18:32:35');
INSERT INTO patients (id, patient_id, name, age, gender, phone, address, email, emergency_contact, is_active, created_at, updated_at) VALUES ('53a3cc1b3801e632d40fb466ab4e4083', 'PAT-2025-031', 'samiksha markam', 12, 'female', '2343423552', '', '', '', 1, '2025-09-01 18:34:50', '2025-09-01 18:34:50');
INSERT INTO patients (id, patient_id, name, age, gender, phone, address, email, emergency_contact, is_active, created_at, updated_at) VALUES ('f8cfe424f6436bcc8f440ca87621dcf2', 'PAT-2025-032', 'Dhamendra Yadav', 37, 'male', '34243242344', '', '', '', 1, '2025-09-01 18:35:41', '2025-09-01 18:35:41');
INSERT INTO patients (id, patient_id, name, age, gender, phone, address, email, emergency_contact, is_active, created_at, updated_at) VALUES ('d186bc723d504604059b28abadf3d8e5', 'PAT-2025-033', 'Marohar Singh', 65, 'male', '4234342343', '', '', '', 1, '2025-09-01 18:47:36', '2025-09-01 18:47:36');
INSERT INTO patients (id, patient_id, name, age, gender, phone, address, email, emergency_contact, is_active, created_at, updated_at) VALUES ('3c7e1ff1637ee78887d56c9abc9b5eb5', 'PAT-2025-034', 'Choukhay lal Warkhade', 65, 'male', '2343324343', '', '', '', 1, '2025-09-01 18:53:51', '2025-09-01 18:53:51');
INSERT INTO patients (id, patient_id, name, age, gender, phone, address, email, emergency_contact, is_active, created_at, updated_at) VALUES ('6dd47c5e3cdce44e85dadd50ac49c600', 'PAT-2025-035', 'Ashish Hardha', 43, 'male', '24334324324', '', '', '', 1, '2025-09-01 19:15:24', '2025-09-01T19:19:34.105Z');
INSERT INTO patients (id, patient_id, name, age, gender, phone, address, email, emergency_contact, is_active, created_at, updated_at) VALUES ('0ce3c4f0bdde4fbc310658075243c9fc', 'PAT-2025-036', 'Krishna Kumar Hardaha', 69, 'male', '3643489372', '', '', '', 1, '2025-09-01T19:17:28.243Z', '2025-09-01 19:17:28');
INSERT INTO patients (id, patient_id, name, age, gender, phone, address, email, emergency_contact, is_active, created_at, updated_at) VALUES ('597361c79623d673e9990e33daa157fa', 'PAT-2025-037', 'Phoolmati Uikey', 55, 'female', '2442443422', '', '', '', 1, '2025-09-02T00:50:09.011Z', '2025-09-01 19:20:09');
INSERT INTO patients (id, patient_id, name, age, gender, phone, address, email, emergency_contact, is_active, created_at, updated_at) VALUES ('3eca153d5b05de4cfc25d5f5b44c6e3a', 'PAT-2025-038', 'anan', 23, 'male', '442344', '', '', '', 1, '2025-09-02T01:28:16.416Z', '2025-09-01 19:58:16');
INSERT INTO patients (id, patient_id, name, age, gender, phone, address, email, emergency_contact, is_active, created_at, updated_at) VALUES ('b616784beaafe0430628da7542b6ba5a', 'PAT-2025-039', 'Mahin Solanki', 23, 'male', '3243434342', '', '', '', 1, '2025-09-02T11:29:33.282Z', '2025-09-02 05:59:33');
INSERT INTO patients (id, patient_id, name, age, gender, phone, address, email, emergency_contact, is_active, created_at, updated_at) VALUES ('a3ec4d043d10f8498fe2fe2ac7bd4f8d', 'PAT-2025-040', 'MananTest', 12, 'male', '2434242343', '', '', '', 1, '2025-09-02T11:48:50.392Z', '2025-09-02 06:18:50');
INSERT INTO patients (id, patient_id, name, age, gender, phone, address, email, emergency_contact, is_active, created_at, updated_at) VALUES ('22d525238cb5b2d6b5de06c957bb08b2', 'PAT-2025-041', 'ManTest', 12, 'female', 'ey3894937', '', '', '', 1, '2025-09-02T11:53:54.941Z', '2025-09-02 06:23:54');
INSERT INTO patients (id, patient_id, name, age, gender, phone, address, email, emergency_contact, is_active, created_at, updated_at) VALUES ('26d0cb0b5596088c80db389b24f22c0b', 'PAT-2025-042', 'Womentest', 12, 'female', '423525234', '', '', '', 1, '2025-09-02T11:55:30.649Z', '2025-09-02 06:25:30');
INSERT INTO patients (id, patient_id, name, age, gender, phone, address, email, emergency_contact, is_active, created_at, updated_at) VALUES ('22db7f2a9da62cf7ea461a73aeb6a331', 'PAT-2025-043', 'TESTTEEST', 23, 'male', '45354535544', '', '', '', 1, '2025-09-02T13:39:38.070Z', '2025-09-02 08:09:38');
INSERT INTO patients (id, patient_id, name, age, gender, phone, address, email, emergency_contact, is_active, created_at, updated_at) VALUES ('d381854beeeca1af89910c17dd506b2d', 'PAT-2025-044', 'manpls', 42, 'male', '43243432223', '', '', '', 1, '2025-09-02T13:49:29.581Z', '2025-09-02 08:19:29');
INSERT INTO patients (id, patient_id, name, age, gender, phone, address, email, emergency_contact, is_active, created_at, updated_at) VALUES ('b5f82d266401aa73d94831a87ad960ed', 'PAT-2025-045', 'plslpsl', 32, 'male', '3124224324', '', '', '', 1, '2025-09-02T13:57:34.390Z', '2025-09-02 08:27:34');
INSERT INTO patients (id, patient_id, name, age, gender, phone, address, email, emergency_contact, is_active, created_at, updated_at) VALUES ('a5c9c60492283a5f4435e56343ed745d', 'PAT-2025-046', 'correcttime?', 21, 'female', '13331323', '', '', '', 1, '2025-09-02T14:16:43.057Z', '2025-09-02 08:46:43');
INSERT INTO patients (id, patient_id, name, age, gender, phone, address, email, emergency_contact, is_active, created_at, updated_at) VALUES ('10695de3cb048c81db5fd51e45ac877f', 'PAT-2025-047', 'finaltimetest', 23, 'male', '23244324432', '', '', '', 1, '2025-09-02T14:22:10.715Z', '2025-09-02 08:52:10');
INSERT INTO patients (id, patient_id, name, age, gender, phone, address, email, emergency_contact, is_active, created_at, updated_at) VALUES ('e359dc35f2860628edb14ac376670777', 'PAT-2025-048', 'testoncemore', 23, 'male', '343224234324', '', '', '', 1, '2025-09-02T18:45:37.223Z', '2025-09-02 13:15:37');
INSERT INTO patients (id, patient_id, name, age, gender, phone, address, email, emergency_contact, is_active, created_at, updated_at) VALUES ('f1e4a881da91843c35bc4f60f8cd3628', 'PAT-2025-049', 'amnnk', 32, 'male', '42344324322', '', '', '', 1, '2025-09-02T23:57:22.503Z', '2025-09-02 18:27:22');
INSERT INTO patients (id, patient_id, name, age, gender, phone, address, email, emergency_contact, is_active, created_at, updated_at) VALUES ('7ef76d14a868b296f29070df5df65925', 'PAT-2025-050', 'ManS', 21, 'male', '234234324', '', '', '', 1, '2025-09-03T00:05:56.585Z', '2025-09-02 18:35:56');
INSERT INTO patients (id, patient_id, name, age, gender, phone, address, email, emergency_contact, is_active, created_at, updated_at) VALUES ('6433a23edac0278ff42daf73c3f66a67', 'PAT-2025-051', 'testdoctorharddeletion', 44, 'female', '234423442', '', '', '', 1, '2025-09-03T15:36:09.096Z', '2025-09-03 10:06:09');
INSERT INTO patients (id, patient_id, name, age, gender, phone, address, email, emergency_contact, is_active, created_at, updated_at) VALUES ('dea92b974cc822aa4cdfbf958848f560', 'PAT-2025-052', 'TestAdmit1', 21, 'male', '12312321', '', '', '', 1, '2025-09-04T03:13:03.718Z', '2025-09-03T21:44:40.703Z');
INSERT INTO patients (id, patient_id, name, age, gender, phone, address, email, emergency_contact, is_active, created_at, updated_at) VALUES ('f043628eef58f7878f1429ee0c75ecfd', 'PAT-2025-053', 'TestAdmit2', 22, 'male', '3432423424', '', '', '', 1, '2025-09-04T03:14:33.976Z', '2025-09-03 21:44:33');
INSERT INTO patients (id, patient_id, name, age, gender, phone, address, email, emergency_contact, is_active, created_at, updated_at) VALUES ('b4659b4a53fc8e7810a67d3b2c6bd371', 'PAT-2025-054', 'TestAdmit3', 34, 'male', '2342343242', '', '', '', 1, '2025-09-04T06:29:40.504Z', '2025-09-04 00:59:40');
INSERT INTO patients (id, patient_id, name, age, gender, phone, address, email, emergency_contact, is_active, created_at, updated_at) VALUES ('8cc3c42c2363dfe90ada2309036ca820', 'PAT-2025-055', 'TestAdmi4', 44, 'female', '3424234235', '', '', '', 1, '2025-09-04T11:11:34.451Z', '2025-09-04 05:41:34');
INSERT INTO patients (id, patient_id, name, age, gender, phone, address, email, emergency_contact, is_active, created_at, updated_at) VALUES ('6ca2988d9bbc6d50cd9797f4ada416c6', 'PAT-2025-056', 'maann', 21, 'male', '4341423232', '', '', '', 1, '2025-09-04T12:14:03.821Z', '2025-09-04 06:44:03');

-- Table: services
DELETE FROM services;
INSERT INTO services (id, name, category, price, description, is_active, created_at, updated_at) VALUES ('6bf366c647300623c59ac7ff7d2abc12', 'X-Ray', 'diagnostics', 500, '', 1, '2025-08-23 12:02:56', '2025-08-23 12:02:56');
INSERT INTO services (id, name, category, price, description, is_active, created_at, updated_at) VALUES ('f769e4c322d2efcf0b9f93744d06db9a', 'X-Ray - 2', 'diagnostics', 800, '', 1, '2025-08-23 12:03:16', '2025-08-23 12:03:16');
INSERT INTO services (id, name, category, price, description, is_active, created_at, updated_at) VALUES ('af99bc5b5f862a125a4a2c5ffe85da1f', 'Nebulization', 'procedures', 50, '', 1, '2025-08-23 12:05:44', '2025-08-23 12:05:44');
INSERT INTO services (id, name, category, price, description, is_active, created_at, updated_at) VALUES ('cc365cf80fb2bd8895d07a28a673f87a', 'Tapping', 'procedures', 1500, '', 1, '2025-08-23 12:06:30', '2025-08-23 12:06:30');
INSERT INTO services (id, name, category, price, description, is_active, created_at, updated_at) VALUES ('289a870c6421c0bb42b40bd456c80d5e', 'Enema', 'procedures', 100, '', 1, '2025-08-23 12:17:19', '2025-08-23 12:17:19');
INSERT INTO services (id, name, category, price, description, is_active, created_at, updated_at) VALUES ('5783d31298cf8d845f4385556e603cae', 'Catheterization', 'procedures', 500, '', 1, '2025-08-23 12:19:05', '2025-08-23 12:19:05');
INSERT INTO services (id, name, category, price, description, is_active, created_at, updated_at) VALUES ('6efba208b3ccf8a451962853194648e5', 'Medical Fitness', 'procedures', 1000, '', 1, '2025-08-23 12:19:21', '2025-08-23 12:19:21');
INSERT INTO services (id, name, category, price, description, is_active, created_at, updated_at) VALUES ('bea1600c95925a94db1688ee5de96a7d', 'Oxygen', 'procedures', 100, '', 1, '2025-08-23 12:19:58', '2025-08-23 12:19:58');
INSERT INTO services (id, name, category, price, description, is_active, created_at, updated_at) VALUES ('364073bd899d6990a5ad476e3ea5cdec', 'USG', 'diagnostics', 1000, '', 1, '2025-08-24 04:21:00', '2025-08-24 04:21:00');
INSERT INTO services (id, name, category, price, description, is_active, created_at, updated_at) VALUES ('b8195a3e807fb78e533b182aec15e976', 'ECG', 'diagnostics', 200, '', 1, '2025-08-24 20:44:51', '2025-08-24 20:44:51');
INSERT INTO services (id, name, category, price, description, is_active, created_at, updated_at) VALUES ('520c4710efb60e537a3352d7684b1a05', 'Ambulance', 'misc', 0, '', 1, '2025-08-24 20:53:38', '2025-08-24 20:53:38');

-- Table: pathology_orders
DELETE FROM pathology_orders;
INSERT INTO pathology_orders (id, order_id, patient_id, visit_id, doctor_id, status, ordered_date, collected_date, report_date, remarks, total_price, created_at, updated_at, receipt_number) VALUES ('db03d75f72383998a64a06cbbebb23bc', 'LAB-2025-001', '0728f70605672699f3525e3bae548d6b', NULL, NULL, 'ordered', '2025-08-23', NULL, NULL, '', 1600, '2025-08-23 03:10:01', '2025-08-23 03:10:01', NULL);
INSERT INTO pathology_orders (id, order_id, patient_id, visit_id, doctor_id, status, ordered_date, collected_date, report_date, remarks, total_price, created_at, updated_at, receipt_number) VALUES ('ce4d0b3b7f76e09e0abf5196d8d4acaf', 'LAB-2025-002', '0728f70605672699f3525e3bae548d6b', NULL, NULL, 'ordered', '2025-08-23', NULL, NULL, '', 700, '2025-08-23 03:12:10', '2025-08-23 03:12:10', NULL);
INSERT INTO pathology_orders (id, order_id, patient_id, visit_id, doctor_id, status, ordered_date, collected_date, report_date, remarks, total_price, created_at, updated_at, receipt_number) VALUES ('8c002d7d9fbac62b6781bc798cf92177', 'LAB-2025-003', '0728f70605672699f3525e3bae548d6b', NULL, NULL, 'ordered', '2025-08-23', NULL, NULL, '', 500, '2025-08-23 03:20:00', '2025-08-23 03:20:00', NULL);
INSERT INTO pathology_orders (id, order_id, patient_id, visit_id, doctor_id, status, ordered_date, collected_date, report_date, remarks, total_price, created_at, updated_at, receipt_number) VALUES ('8a634068ca0c5630e4f9378c9ff8a27d', 'LAB-2025-004', '3cae64d54afee015e3f202549cd5d852', NULL, '8a5d3fa53165827b7afbadc2cdeaf97b', 'ordered', '2025-08-25', NULL, NULL, '', 200, '2025-08-24 20:48:06', '2025-08-24 20:48:06', NULL);
INSERT INTO pathology_orders (id, order_id, patient_id, visit_id, doctor_id, status, ordered_date, collected_date, report_date, remarks, total_price, created_at, updated_at, receipt_number) VALUES ('10eec729a2533f180e1526b11aac113f', 'LAB-2025-005', '943d00ccd6bbebd287eab818d220ca67', NULL, NULL, 'ordered', '2025-08-25', NULL, NULL, '', 1000, '2025-08-24 21:56:41', '2025-08-24 21:56:41', NULL);
INSERT INTO pathology_orders (id, order_id, patient_id, visit_id, doctor_id, status, ordered_date, collected_date, report_date, remarks, total_price, created_at, updated_at, receipt_number) VALUES ('8ee8940daa8a201922115d5c590a6e50', 'LAB-2025-006', 'b2e6b51111f3ddeb2c341ff4059e9990', NULL, NULL, 'ordered', '2025-08-25', NULL, NULL, '', 750, '2025-08-25 09:30:21', '2025-08-25 09:30:21', NULL);
INSERT INTO pathology_orders (id, order_id, patient_id, visit_id, doctor_id, status, ordered_date, collected_date, report_date, remarks, total_price, created_at, updated_at, receipt_number) VALUES ('d3f4c076f41ff1c2bdc8cba30dd8e557', 'LAB-2025-007', 'b2e6b51111f3ddeb2c341ff4059e9990', NULL, NULL, 'ordered', '2025-08-25', NULL, NULL, '', 150, '2025-08-25 09:53:06', '2025-08-25 09:53:06', NULL);
INSERT INTO pathology_orders (id, order_id, patient_id, visit_id, doctor_id, status, ordered_date, collected_date, report_date, remarks, total_price, created_at, updated_at, receipt_number) VALUES ('5e2edbd4b8aa1a699adb0ac66af41312', 'LAB-2025-008', 'b2e6b51111f3ddeb2c341ff4059e9990', NULL, '8a5d3fa53165827b7afbadc2cdeaf97b', 'ordered', '2025-08-25', NULL, NULL, '', 560, '2025-08-25 09:54:07', '2025-08-25 09:54:07', NULL);
INSERT INTO pathology_orders (id, order_id, patient_id, visit_id, doctor_id, status, ordered_date, collected_date, report_date, remarks, total_price, created_at, updated_at, receipt_number) VALUES ('d6a3d5f2e4fa00205220dd4b0d85a7bd', 'LAB-2025-009', '553e88102b23c6f7bd48ad7f03417a96', NULL, '8a5d3fa53165827b7afbadc2cdeaf97b', 'ordered', '2025-08-25', NULL, NULL, '', 2600, '2025-08-25 12:04:13', '2025-08-25 12:04:13', NULL);
INSERT INTO pathology_orders (id, order_id, patient_id, visit_id, doctor_id, status, ordered_date, collected_date, report_date, remarks, total_price, created_at, updated_at, receipt_number) VALUES ('069f39ed2d3bf5d44bf7aee20e7827cf', 'LAB-2025-010', 'a02be052a1eb8b53d2bd4963ae9e30aa', NULL, NULL, 'ordered', '2025-08-26', NULL, NULL, '', 2150, '2025-08-26 13:23:59', '2025-08-26 13:23:59', NULL);
INSERT INTO pathology_orders (id, order_id, patient_id, visit_id, doctor_id, status, ordered_date, collected_date, report_date, remarks, total_price, created_at, updated_at, receipt_number) VALUES ('6f5c589b927182cbc75200d845995402', 'LAB-2025-011', 'ba50ec1ee71a4a3bddb346e8f6aa8fa6', NULL, NULL, 'ordered', '2025-08-29', NULL, NULL, '', 1600, '2025-08-28 19:17:41', '2025-08-28 19:17:41', NULL);
INSERT INTO pathology_orders (id, order_id, patient_id, visit_id, doctor_id, status, ordered_date, collected_date, report_date, remarks, total_price, created_at, updated_at, receipt_number) VALUES ('663f2bc9dcf023f5358b73e64d8815d8', 'LAB-2025-012', 'c4b735850d56a0d59a328f35e972e7d8', NULL, NULL, 'ordered', '2025-08-29', NULL, NULL, '', 850, '2025-08-28 19:25:27', '2025-08-28 19:25:27', NULL);
INSERT INTO pathology_orders (id, order_id, patient_id, visit_id, doctor_id, status, ordered_date, collected_date, report_date, remarks, total_price, created_at, updated_at, receipt_number) VALUES ('fbf058483126da6a23c09225d18fe54d', 'LAB-2025-013', '99f9a4b60fb56c2db70c958a30636063', NULL, NULL, 'ordered', '2025-08-31', NULL, NULL, '', 850, '2025-08-31 11:35:45', '2025-08-31 11:35:45', NULL);
INSERT INTO pathology_orders (id, order_id, patient_id, visit_id, doctor_id, status, ordered_date, collected_date, report_date, remarks, total_price, created_at, updated_at, receipt_number) VALUES ('9d003285bc73e5e79c18da85ce702de9', 'LAB-2025-014', '99f9a4b60fb56c2db70c958a30636063', NULL, NULL, 'ordered', '2025-08-31', NULL, NULL, '', 850, '2025-08-31 11:36:01', '2025-08-31 11:36:01', NULL);
INSERT INTO pathology_orders (id, order_id, patient_id, visit_id, doctor_id, status, ordered_date, collected_date, report_date, remarks, total_price, created_at, updated_at, receipt_number) VALUES ('ff5be0668fb16115dee00edf83c634a9', 'LAB-2025-015', '7008ccd58e817294ae4402ce3c2cfd81', NULL, NULL, 'ordered', '2025-08-31', NULL, NULL, '', 850, '2025-08-31 11:37:02', '2025-08-31 11:37:02', NULL);
INSERT INTO pathology_orders (id, order_id, patient_id, visit_id, doctor_id, status, ordered_date, collected_date, report_date, remarks, total_price, created_at, updated_at, receipt_number) VALUES ('97dce2300320052f289535e6c0dea394', 'LAB-2025-016', '111b47095570f64589b62754ecb60558', NULL, NULL, 'ordered', '2025-08-31', NULL, NULL, '', 750, '2025-08-31 11:37:38', '2025-08-31 11:37:38', NULL);
INSERT INTO pathology_orders (id, order_id, patient_id, visit_id, doctor_id, status, ordered_date, collected_date, report_date, remarks, total_price, created_at, updated_at, receipt_number) VALUES ('5b453e17b40e0099180862ca9b37ca8a', 'LAB-2025-017', '111b47095570f64589b62754ecb60558', NULL, NULL, 'ordered', '2025-08-31', NULL, NULL, '', 300, '2025-08-31 12:00:13', '2025-08-31 12:00:13', '0005');
INSERT INTO pathology_orders (id, order_id, patient_id, visit_id, doctor_id, status, ordered_date, collected_date, report_date, remarks, total_price, created_at, updated_at, receipt_number) VALUES ('65cb01fefe41cfe1288f28a4e514dc81', 'LAB-2025-018', '111b47095570f64589b62754ecb60558', NULL, NULL, 'ordered', '2025-08-31', NULL, NULL, '', 600, '2025-08-31 12:00:27', '2025-08-31 12:00:27', '0006');
INSERT INTO pathology_orders (id, order_id, patient_id, visit_id, doctor_id, status, ordered_date, collected_date, report_date, remarks, total_price, created_at, updated_at, receipt_number) VALUES ('c320b72d0543af654b0e07b0a4b1c99c', 'LAB-2025-019', '111b47095570f64589b62754ecb60558', NULL, NULL, 'ordered', '2025-08-31', NULL, NULL, '', 700, '2025-08-31 12:04:35', '2025-08-31 12:04:35', '250831-PAT-0007');
INSERT INTO pathology_orders (id, order_id, patient_id, visit_id, doctor_id, status, ordered_date, collected_date, report_date, remarks, total_price, created_at, updated_at, receipt_number) VALUES ('e934bf0898e89796f589d6cb311dc7e7', 'LAB-2025-020', 'bf4d14d688dc259fffaffd8cbdd5f7ad', NULL, NULL, 'ordered', '2025-08-31', NULL, NULL, '', 700, '2025-08-31 12:14:22', '2025-08-31 12:14:22', '250831-PAT-0008');
INSERT INTO pathology_orders (id, order_id, patient_id, visit_id, doctor_id, status, ordered_date, collected_date, report_date, remarks, total_price, created_at, updated_at, receipt_number) VALUES ('d5f49c102ec51b5f20138388988b3f0d', 'LAB-2025-021', 'bf4d14d688dc259fffaffd8cbdd5f7ad', NULL, NULL, 'ordered', '2025-08-31', NULL, NULL, '', 700, '2025-08-31 12:16:59', '2025-08-31 12:16:59', '250831-PAT-0009');
INSERT INTO pathology_orders (id, order_id, patient_id, visit_id, doctor_id, status, ordered_date, collected_date, report_date, remarks, total_price, created_at, updated_at, receipt_number) VALUES ('a9a88ead25c82c4e7e07570d984bbd61', 'LAB-2025-022', 'bf4d14d688dc259fffaffd8cbdd5f7ad', NULL, NULL, 'ordered', '2025-08-31', NULL, NULL, '', 850, '2025-08-31 12:23:45', '2025-08-31 12:23:45', '250831-PAT-0010');
INSERT INTO pathology_orders (id, order_id, patient_id, visit_id, doctor_id, status, ordered_date, collected_date, report_date, remarks, total_price, created_at, updated_at, receipt_number) VALUES ('ecaac171edb5e155ef4bbcfa7eba61db', 'LAB-2025-023', 'fdd8de115ef81cf32bae39ee0f045e9a', NULL, NULL, 'ordered', '2025-08-31', NULL, NULL, '', 600, '2025-08-31 13:31:17', '2025-08-31 13:31:17', '250831-PAT-0011');
INSERT INTO pathology_orders (id, order_id, patient_id, visit_id, doctor_id, status, ordered_date, collected_date, report_date, remarks, total_price, created_at, updated_at, receipt_number) VALUES ('e08d61905f85b57b11e4c57e48b3bb37', 'LAB-2025-024', 'fdd8de115ef81cf32bae39ee0f045e9a', NULL, '8a5d3fa53165827b7afbadc2cdeaf97b', 'completed', '2025-08-31', NULL, NULL, '', 150, '2025-08-31 17:28:33', '2025-09-02T19:50:03.454Z', '250831-PAT-0012');
INSERT INTO pathology_orders (id, order_id, patient_id, visit_id, doctor_id, status, ordered_date, collected_date, report_date, remarks, total_price, created_at, updated_at, receipt_number) VALUES ('19e76d7f691e22ed4a8b7b852bd5d3de', 'LAB-2025-025', '22db7f2a9da62cf7ea461a73aeb6a331', NULL, NULL, 'processing', '2025-09-02', NULL, NULL, '', 1000, '2025-09-02 08:13:47', '2025-09-02T19:49:58.429Z', '250902-PAT-0001');
INSERT INTO pathology_orders (id, order_id, patient_id, visit_id, doctor_id, status, ordered_date, collected_date, report_date, remarks, total_price, created_at, updated_at, receipt_number) VALUES ('5d5b90b8b8d926580977ede797bc4d4b', 'LAB-2025-026', '7ef76d14a868b296f29070df5df65925', NULL, NULL, 'collected', '2025-09-03', NULL, NULL, '', 700, '2025-09-02 19:27:12', '2025-09-02T19:49:52.043Z', '250903-PAT-0001');
INSERT INTO pathology_orders (id, order_id, patient_id, visit_id, doctor_id, status, ordered_date, collected_date, report_date, remarks, total_price, created_at, updated_at, receipt_number) VALUES ('cd3b9defc1388e88b7ee6c53c706eda3', 'LAB-2025-027', '6433a23edac0278ff42daf73c3f66a67', NULL, NULL, 'completed', '2025-09-03', NULL, NULL, '', 850, '2025-09-03 10:06:31', '2025-09-03T10:11:46.040Z', '250903-PAT-0002');
INSERT INTO pathology_orders (id, order_id, patient_id, visit_id, doctor_id, status, ordered_date, collected_date, report_date, remarks, total_price, created_at, updated_at, receipt_number) VALUES ('a879e4b9687aa8365bc76c1f50f17266', 'LAB-2025-028', '8cc3c42c2363dfe90ada2309036ca820', NULL, '8a5d3fa53165827b7afbadc2cdeaf97b', 'ordered', '2025-09-07', NULL, NULL, '', 1350, '2025-09-07 12:38:35', '2025-09-07 12:38:35', '250907-PAT-0001');

-- Table: pathology_tests
DELETE FROM pathology_tests;
INSERT INTO pathology_tests (id, order_id, test_name, test_category, status, results, normal_range, price, created_at, updated_at) VALUES ('60a179342d74d05a360ff600af503579', 'db03d75f72383998a64a06cbbebb23bc', 'Bilirubin', 'Biochemistry', 'ordered', NULL, NULL, 150, '2025-08-23 03:10:01', '2025-08-23 03:10:01');
INSERT INTO pathology_tests (id, order_id, test_name, test_category, status, results, normal_range, price, created_at, updated_at) VALUES ('0407ddf13171dcbda92f092ce14e0622', 'db03d75f72383998a64a06cbbebb23bc', 'Uric Acid', 'Biochemistry', 'ordered', NULL, NULL, 200, '2025-08-23 03:10:01', '2025-08-23 03:10:01');
INSERT INTO pathology_tests (id, order_id, test_name, test_category, status, results, normal_range, price, created_at, updated_at) VALUES ('562593932db85a59612c9d96b729e495', 'db03d75f72383998a64a06cbbebb23bc', 'Lipid Profile', 'Biochemistry', 'ordered', NULL, NULL, 600, '2025-08-23 03:10:01', '2025-08-23 03:10:01');
INSERT INTO pathology_tests (id, order_id, test_name, test_category, status, results, normal_range, price, created_at, updated_at) VALUES ('e33265453a63af3a565844410637e5a2', 'db03d75f72383998a64a06cbbebb23bc', 'RFT (Renal Function Test)', 'Biochemistry', 'ordered', NULL, NULL, 350, '2025-08-23 03:10:01', '2025-08-23 03:10:01');
INSERT INTO pathology_tests (id, order_id, test_name, test_category, status, results, normal_range, price, created_at, updated_at) VALUES ('72d6748cbb23277d7ea0e010668a7856', 'db03d75f72383998a64a06cbbebb23bc', 'CBC (Complete Blood Count)', 'Hematology', 'ordered', NULL, NULL, 300, '2025-08-23 03:10:01', '2025-08-23 03:10:01');
INSERT INTO pathology_tests (id, order_id, test_name, test_category, status, results, normal_range, price, created_at, updated_at) VALUES ('2290504a5e3332ddfffa9a65c1254c5b', 'ce4d0b3b7f76e09e0abf5196d8d4acaf', 'Amylase', 'Biochemistry', 'ordered', NULL, NULL, 700, '2025-08-23 03:12:10', '2025-08-23 03:12:10');
INSERT INTO pathology_tests (id, order_id, test_name, test_category, status, results, normal_range, price, created_at, updated_at) VALUES ('dc31e0cdebccd8be085c5248ac85b936', '8c002d7d9fbac62b6781bc798cf92177', 'Folic Acid', 'Biochemistry', 'ordered', NULL, NULL, 500, '2025-08-23 03:20:00', '2025-08-23 03:20:00');
INSERT INTO pathology_tests (id, order_id, test_name, test_category, status, results, normal_range, price, created_at, updated_at) VALUES ('8332775bda27387c64b9d2233adb3f6f', '8a634068ca0c5630e4f9378c9ff8a27d', 'Serum Calcium', 'Biochemistry', 'ordered', NULL, NULL, 200, '2025-08-24 20:48:06', '2025-08-24 20:48:06');
INSERT INTO pathology_tests (id, order_id, test_name, test_category, status, results, normal_range, price, created_at, updated_at) VALUES ('bb108406464dec19ac42268589ee7e8d', '10eec729a2533f180e1526b11aac113f', 'Amylase', 'Biochemistry', 'ordered', NULL, NULL, 700, '2025-08-24 21:56:41', '2025-08-24 21:56:41');
INSERT INTO pathology_tests (id, order_id, test_name, test_category, status, results, normal_range, price, created_at, updated_at) VALUES ('da21e4af04b0d501e1a251aa2afed884', '10eec729a2533f180e1526b11aac113f', 'Blood Urea', 'Biochemistry', 'ordered', NULL, NULL, 150, '2025-08-24 21:56:41', '2025-08-24 21:56:41');
INSERT INTO pathology_tests (id, order_id, test_name, test_category, status, results, normal_range, price, created_at, updated_at) VALUES ('f39961737c9a87faf428cb9a02084a74', '10eec729a2533f180e1526b11aac113f', 'Bilirubin', 'Biochemistry', 'ordered', NULL, NULL, 150, '2025-08-24 21:56:41', '2025-08-24 21:56:41');
INSERT INTO pathology_tests (id, order_id, test_name, test_category, status, results, normal_range, price, created_at, updated_at) VALUES ('474927d6549fe9c675f25ab832e4c86e', '8ee8940daa8a201922115d5c590a6e50', 'Bilirubin', 'Biochemistry', 'ordered', NULL, NULL, 150, '2025-08-25 09:30:21', '2025-08-25 09:30:21');
INSERT INTO pathology_tests (id, order_id, test_name, test_category, status, results, normal_range, price, created_at, updated_at) VALUES ('e11b84f3d1b7ab321f27973a8ea0406c', '8ee8940daa8a201922115d5c590a6e50', 'Blood Urea', 'Biochemistry', 'ordered', NULL, NULL, 150, '2025-08-25 09:30:21', '2025-08-25 09:30:21');
INSERT INTO pathology_tests (id, order_id, test_name, test_category, status, results, normal_range, price, created_at, updated_at) VALUES ('f3da90e38ceade09f43e265c94fafc1a', '8ee8940daa8a201922115d5c590a6e50', 'HbA1c', 'Biochemistry', 'ordered', NULL, NULL, 450, '2025-08-25 09:30:21', '2025-08-25 09:30:21');
INSERT INTO pathology_tests (id, order_id, test_name, test_category, status, results, normal_range, price, created_at, updated_at) VALUES ('27fae6d5a02a4d56c02ca05f777f9646', 'd3f4c076f41ff1c2bdc8cba30dd8e557', 'Bilirubin', 'Biochemistry', 'ordered', NULL, NULL, 150, '2025-08-25 09:53:06', '2025-08-25 09:53:06');
INSERT INTO pathology_tests (id, order_id, test_name, test_category, status, results, normal_range, price, created_at, updated_at) VALUES ('28b3b289e9a3df6addd58c5842be1042', '5e2edbd4b8aa1a699adb0ac66af41312', 'VDRL (Venereal Disease Research Laboratory)', 'Microbiology', 'ordered', NULL, NULL, 200, '2025-08-25 09:54:07', '2025-08-25 09:54:07');
INSERT INTO pathology_tests (id, order_id, test_name, test_category, status, results, normal_range, price, created_at, updated_at) VALUES ('4af0f727a6d884a8804c6cb1a0f48f6e', '5e2edbd4b8aa1a699adb0ac66af41312', 'Widal Test', 'Microbiology', 'ordered', NULL, NULL, 80, '2025-08-25 09:54:07', '2025-08-25 09:54:07');
INSERT INTO pathology_tests (id, order_id, test_name, test_category, status, results, normal_range, price, created_at, updated_at) VALUES ('00474c73e8b503753377c56d65684d17', '5e2edbd4b8aa1a699adb0ac66af41312', 'PS for MP Test (Peripheral Smear for Malaria Parasite)', 'Microbiology', 'ordered', NULL, NULL, 80, '2025-08-25 09:54:07', '2025-08-25 09:54:07');
INSERT INTO pathology_tests (id, order_id, test_name, test_category, status, results, normal_range, price, created_at, updated_at) VALUES ('ed5711cc5fdd456f78847f1069e5bc92', '5e2edbd4b8aa1a699adb0ac66af41312', 'MT (Mantoux Test)', 'Microbiology', 'ordered', NULL, NULL, 200, '2025-08-25 09:54:07', '2025-08-25 09:54:07');
INSERT INTO pathology_tests (id, order_id, test_name, test_category, status, results, normal_range, price, created_at, updated_at) VALUES ('ad7a8a3a0770988409235235700955e5', 'd6a3d5f2e4fa00205220dd4b0d85a7bd', 'CA125', 'Endocrinology', 'ordered', NULL, NULL, 1400, '2025-08-25 12:04:13', '2025-08-25 12:04:13');
INSERT INTO pathology_tests (id, order_id, test_name, test_category, status, results, normal_range, price, created_at, updated_at) VALUES ('3837cc58e17e496fab7d78ac417c572b', 'd6a3d5f2e4fa00205220dd4b0d85a7bd', 'FSH (Follicle-Stimulating Hormone)', 'Endocrinology', 'ordered', NULL, NULL, 450, '2025-08-25 12:04:13', '2025-08-25 12:04:13');
INSERT INTO pathology_tests (id, order_id, test_name, test_category, status, results, normal_range, price, created_at, updated_at) VALUES ('defdee0ddbe271c9c73e01fe37ac553d', 'd6a3d5f2e4fa00205220dd4b0d85a7bd', 'LH (Luteinizing Hormone)', 'Endocrinology', 'ordered', NULL, NULL, 450, '2025-08-25 12:04:13', '2025-08-25 12:04:13');
INSERT INTO pathology_tests (id, order_id, test_name, test_category, status, results, normal_range, price, created_at, updated_at) VALUES ('a189f771206f37a863d7c3cffe618126', 'd6a3d5f2e4fa00205220dd4b0d85a7bd', 'CBC (Complete Blood Count)', 'Hematology', 'ordered', NULL, NULL, 300, '2025-08-25 12:04:13', '2025-08-25 12:04:13');
INSERT INTO pathology_tests (id, order_id, test_name, test_category, status, results, normal_range, price, created_at, updated_at) VALUES ('7f03f7f260e27ccc7613728ba0393c73', '069f39ed2d3bf5d44bf7aee20e7827cf', 'Amylase', 'Biochemistry', 'ordered', NULL, NULL, 700, '2025-08-26 13:23:59', '2025-08-26 13:23:59');
INSERT INTO pathology_tests (id, order_id, test_name, test_category, status, results, normal_range, price, created_at, updated_at) VALUES ('c052c1ddfb896870836b56f8b91a2c32', '069f39ed2d3bf5d44bf7aee20e7827cf', 'Bilirubin', 'Biochemistry', 'ordered', NULL, NULL, 150, '2025-08-26 13:23:59', '2025-08-26 13:23:59');
INSERT INTO pathology_tests (id, order_id, test_name, test_category, status, results, normal_range, price, created_at, updated_at) VALUES ('5c87e32573d5f7f3e8a954462584c7b1', '069f39ed2d3bf5d44bf7aee20e7827cf', 'Folic Acid', 'Biochemistry', 'ordered', NULL, NULL, 500, '2025-08-26 13:23:59', '2025-08-26 13:23:59');
INSERT INTO pathology_tests (id, order_id, test_name, test_category, status, results, normal_range, price, created_at, updated_at) VALUES ('ad39f922ebd61b0366d9840697c39a98', '069f39ed2d3bf5d44bf7aee20e7827cf', 'G6PD', 'Biochemistry', 'ordered', NULL, NULL, 800, '2025-08-26 13:23:59', '2025-08-26 13:23:59');
INSERT INTO pathology_tests (id, order_id, test_name, test_category, status, results, normal_range, price, created_at, updated_at) VALUES ('1a1f786af20d971c7e6a7a25b2c6ac38', '6f5c589b927182cbc75200d845995402', 'Amylase', 'Biochemistry', 'ordered', NULL, NULL, 700, '2025-08-28 19:17:41', '2025-08-28 19:17:41');
INSERT INTO pathology_tests (id, order_id, test_name, test_category, status, results, normal_range, price, created_at, updated_at) VALUES ('5a9f83546b52d853c08de8f260623653', '6f5c589b927182cbc75200d845995402', 'Bilirubin', 'Biochemistry', 'ordered', NULL, NULL, 150, '2025-08-28 19:17:41', '2025-08-28 19:17:41');
INSERT INTO pathology_tests (id, order_id, test_name, test_category, status, results, normal_range, price, created_at, updated_at) VALUES ('2717d36eddc007bbe7c0dfae867d77df', '6f5c589b927182cbc75200d845995402', 'Blood Urea', 'Biochemistry', 'ordered', NULL, NULL, 150, '2025-08-28 19:17:41', '2025-08-28 19:17:41');
INSERT INTO pathology_tests (id, order_id, test_name, test_category, status, results, normal_range, price, created_at, updated_at) VALUES ('7ebab828cc825e27ff3ac6061be7c00a', '6f5c589b927182cbc75200d845995402', 'CRP (C-Reactive Protein)', 'Biochemistry', 'ordered', NULL, NULL, 600, '2025-08-28 19:17:41', '2025-08-28 19:17:41');
INSERT INTO pathology_tests (id, order_id, test_name, test_category, status, results, normal_range, price, created_at, updated_at) VALUES ('b65dae8f4645910792a7cd58df49eea4', '663f2bc9dcf023f5358b73e64d8815d8', 'Amylase', 'Biochemistry', 'ordered', NULL, NULL, 700, '2025-08-28 19:25:27', '2025-08-28 19:25:27');
INSERT INTO pathology_tests (id, order_id, test_name, test_category, status, results, normal_range, price, created_at, updated_at) VALUES ('bd822dff2dd338cce588d2a674eb6679', '663f2bc9dcf023f5358b73e64d8815d8', 'Bilirubin', 'Biochemistry', 'ordered', NULL, NULL, 150, '2025-08-28 19:25:27', '2025-08-28 19:25:27');
INSERT INTO pathology_tests (id, order_id, test_name, test_category, status, results, normal_range, price, created_at, updated_at) VALUES ('355406d33373d6e7d6838dabe33f1bf4', 'fbf058483126da6a23c09225d18fe54d', 'Amylase', 'Biochemistry', 'ordered', NULL, NULL, 700, '2025-08-31 11:35:45', '2025-08-31 11:35:45');
INSERT INTO pathology_tests (id, order_id, test_name, test_category, status, results, normal_range, price, created_at, updated_at) VALUES ('364bd9315e3194c285a5a9d01999efdd', 'fbf058483126da6a23c09225d18fe54d', 'Bilirubin', 'Biochemistry', 'ordered', NULL, NULL, 150, '2025-08-31 11:35:45', '2025-08-31 11:35:45');
INSERT INTO pathology_tests (id, order_id, test_name, test_category, status, results, normal_range, price, created_at, updated_at) VALUES ('2b6e2e3b4613f2f241f19a9f9b191376', '9d003285bc73e5e79c18da85ce702de9', 'Amylase', 'Biochemistry', 'ordered', NULL, NULL, 700, '2025-08-31 11:36:01', '2025-08-31 11:36:01');
INSERT INTO pathology_tests (id, order_id, test_name, test_category, status, results, normal_range, price, created_at, updated_at) VALUES ('d3a8e9707bdd357dde7c7c6e22344f52', '9d003285bc73e5e79c18da85ce702de9', 'Blood Urea', 'Biochemistry', 'ordered', NULL, NULL, 150, '2025-08-31 11:36:01', '2025-08-31 11:36:01');
INSERT INTO pathology_tests (id, order_id, test_name, test_category, status, results, normal_range, price, created_at, updated_at) VALUES ('a0222144ad2b4a488d4255abf08746c5', 'ff5be0668fb16115dee00edf83c634a9', 'Amylase', 'Biochemistry', 'ordered', NULL, NULL, 700, '2025-08-31 11:37:02', '2025-08-31 11:37:02');
INSERT INTO pathology_tests (id, order_id, test_name, test_category, status, results, normal_range, price, created_at, updated_at) VALUES ('38d5ff836ab567c05dd527ae9924a5e1', 'ff5be0668fb16115dee00edf83c634a9', 'Bilirubin', 'Biochemistry', 'ordered', NULL, NULL, 150, '2025-08-31 11:37:02', '2025-08-31 11:37:02');
INSERT INTO pathology_tests (id, order_id, test_name, test_category, status, results, normal_range, price, created_at, updated_at) VALUES ('01c0887b02df17790d745e80a1122308', '97dce2300320052f289535e6c0dea394', 'Blood Urea', 'Biochemistry', 'ordered', NULL, NULL, 150, '2025-08-31 11:37:38', '2025-08-31 11:37:38');
INSERT INTO pathology_tests (id, order_id, test_name, test_category, status, results, normal_range, price, created_at, updated_at) VALUES ('3849cbef003ab43938473275f321b596', '97dce2300320052f289535e6c0dea394', 'CRP (C-Reactive Protein)', 'Biochemistry', 'ordered', NULL, NULL, 600, '2025-08-31 11:37:38', '2025-08-31 11:37:38');
INSERT INTO pathology_tests (id, order_id, test_name, test_category, status, results, normal_range, price, created_at, updated_at) VALUES ('0b1e1ba442f284cba96dfacb12c64e3f', '5b453e17b40e0099180862ca9b37ca8a', 'Bilirubin', 'Biochemistry', 'ordered', NULL, NULL, 150, '2025-08-31 12:00:13', '2025-08-31 12:00:13');
INSERT INTO pathology_tests (id, order_id, test_name, test_category, status, results, normal_range, price, created_at, updated_at) VALUES ('0c9ca9dcc590199c26b064ddc84ed236', '5b453e17b40e0099180862ca9b37ca8a', 'Blood Urea', 'Biochemistry', 'ordered', NULL, NULL, 150, '2025-08-31 12:00:13', '2025-08-31 12:00:13');
INSERT INTO pathology_tests (id, order_id, test_name, test_category, status, results, normal_range, price, created_at, updated_at) VALUES ('8723dae65fe4b297ad04d0dd4d927a6a', '65cb01fefe41cfe1288f28a4e514dc81', 'CRP (C-Reactive Protein)', 'Biochemistry', 'ordered', NULL, NULL, 600, '2025-08-31 12:00:27', '2025-08-31 12:00:27');
INSERT INTO pathology_tests (id, order_id, test_name, test_category, status, results, normal_range, price, created_at, updated_at) VALUES ('f8656d7127afc4b4286a636edf082961', 'c320b72d0543af654b0e07b0a4b1c99c', 'Amylase', 'Biochemistry', 'ordered', NULL, NULL, 700, '2025-08-31 12:04:35', '2025-08-31 12:04:35');
INSERT INTO pathology_tests (id, order_id, test_name, test_category, status, results, normal_range, price, created_at, updated_at) VALUES ('fc41d5d7ed2449e0f6a431b28e55d474', 'e934bf0898e89796f589d6cb311dc7e7', 'Amylase', 'Biochemistry', 'ordered', NULL, NULL, 700, '2025-08-31 12:14:22', '2025-08-31 12:14:22');
INSERT INTO pathology_tests (id, order_id, test_name, test_category, status, results, normal_range, price, created_at, updated_at) VALUES ('e8b3401c83c9abbd9461ea94ee006001', 'd5f49c102ec51b5f20138388988b3f0d', 'Amylase', 'Biochemistry', 'ordered', NULL, NULL, 700, '2025-08-31 12:16:59', '2025-08-31 12:16:59');
INSERT INTO pathology_tests (id, order_id, test_name, test_category, status, results, normal_range, price, created_at, updated_at) VALUES ('4617dbd0df183dccb47cbe23c6307d96', 'a9a88ead25c82c4e7e07570d984bbd61', 'Amylase', 'Biochemistry', 'ordered', NULL, NULL, 700, '2025-08-31 12:23:45', '2025-08-31 12:23:45');
INSERT INTO pathology_tests (id, order_id, test_name, test_category, status, results, normal_range, price, created_at, updated_at) VALUES ('ba828b5874274f6ff9738f5db0095955', 'a9a88ead25c82c4e7e07570d984bbd61', 'Blood Urea', 'Biochemistry', 'ordered', NULL, NULL, 150, '2025-08-31 12:23:45', '2025-08-31 12:23:45');
INSERT INTO pathology_tests (id, order_id, test_name, test_category, status, results, normal_range, price, created_at, updated_at) VALUES ('8cbaf40b5b4b7f9ad6c462fb061af2ef', 'ecaac171edb5e155ef4bbcfa7eba61db', 'CRP (C-Reactive Protein)', 'Biochemistry', 'ordered', NULL, NULL, 600, '2025-08-31 13:31:17', '2025-08-31 13:31:17');
INSERT INTO pathology_tests (id, order_id, test_name, test_category, status, results, normal_range, price, created_at, updated_at) VALUES ('6b01e304072dac1f53e757cc9ffa034c', 'e08d61905f85b57b11e4c57e48b3bb37', 'Bilirubin', 'Biochemistry', 'ordered', NULL, NULL, 150, '2025-08-31 17:28:33', '2025-08-31 17:28:33');
INSERT INTO pathology_tests (id, order_id, test_name, test_category, status, results, normal_range, price, created_at, updated_at) VALUES ('eb6cbfdd22b8fc76c343c3ccfaf8a1c3', '19e76d7f691e22ed4a8b7b852bd5d3de', 'Amylase', 'Biochemistry', 'ordered', NULL, NULL, 700, '2025-09-02 08:13:47', '2025-09-02 08:13:47');
INSERT INTO pathology_tests (id, order_id, test_name, test_category, status, results, normal_range, price, created_at, updated_at) VALUES ('a1ed9ea780fb2807701b307da8b76822', '19e76d7f691e22ed4a8b7b852bd5d3de', 'Bilirubin', 'Biochemistry', 'ordered', NULL, NULL, 150, '2025-09-02 08:13:47', '2025-09-02 08:13:47');
INSERT INTO pathology_tests (id, order_id, test_name, test_category, status, results, normal_range, price, created_at, updated_at) VALUES ('7f6c75c074e81c6c35c8d31e67759689', '19e76d7f691e22ed4a8b7b852bd5d3de', 'Blood Urea', 'Biochemistry', 'ordered', NULL, NULL, 150, '2025-09-02 08:13:47', '2025-09-02 08:13:47');
INSERT INTO pathology_tests (id, order_id, test_name, test_category, status, results, normal_range, price, created_at, updated_at) VALUES ('27b080416865162d9417cd304250c68e', '5d5b90b8b8d926580977ede797bc4d4b', 'Amylase', 'Biochemistry', 'ordered', NULL, NULL, 700, '2025-09-02 19:27:12', '2025-09-02 19:27:12');
INSERT INTO pathology_tests (id, order_id, test_name, test_category, status, results, normal_range, price, created_at, updated_at) VALUES ('bc57526e13e41154b13cc1f20f7a7b5c', 'cd3b9defc1388e88b7ee6c53c706eda3', 'Amylase', 'Biochemistry', 'ordered', NULL, NULL, 700, '2025-09-03 10:06:31', '2025-09-03 10:06:31');
INSERT INTO pathology_tests (id, order_id, test_name, test_category, status, results, normal_range, price, created_at, updated_at) VALUES ('1c77bee19340656b1b1edb06f3ab0fbb', 'cd3b9defc1388e88b7ee6c53c706eda3', 'Bilirubin', 'Biochemistry', 'ordered', NULL, NULL, 150, '2025-09-03 10:06:31', '2025-09-03 10:06:31');
INSERT INTO pathology_tests (id, order_id, test_name, test_category, status, results, normal_range, price, created_at, updated_at) VALUES ('9f267802be66ddcf32255e6e8bcaa23c', 'a879e4b9687aa8365bc76c1f50f17266', 'Amylase', 'Biochemistry', 'ordered', NULL, NULL, 700, '2025-09-07 12:38:35', '2025-09-07 12:38:35');
INSERT INTO pathology_tests (id, order_id, test_name, test_category, status, results, normal_range, price, created_at, updated_at) VALUES ('ce6a5c39dbb0c838ccc780c13f478b10', 'a879e4b9687aa8365bc76c1f50f17266', 'Bilirubin', 'Biochemistry', 'ordered', NULL, NULL, 150, '2025-09-07 12:38:35', '2025-09-07 12:38:35');
INSERT INTO pathology_tests (id, order_id, test_name, test_category, status, results, normal_range, price, created_at, updated_at) VALUES ('08d67832f0ef10dfd23d530349f82e24', 'a879e4b9687aa8365bc76c1f50f17266', 'LFT (Liver Function Test)', 'Biochemistry', 'ordered', NULL, NULL, 500, '2025-09-07 12:38:35', '2025-09-07 12:38:35');

-- Table: patient_services
DELETE FROM patient_services;
INSERT INTO patient_services (id, service_id, patient_id, visit_id, doctor_id, service_type, service_name, status, scheduled_date, scheduled_time, completed_date, notes, price, created_at, updated_at, receipt_number) VALUES ('be026a11c15cc6eaacf3be1fbbc38403', 'SRV-1755892537315', 'dfabcb5d90b5d3181662f3071f399bda', NULL, NULL, 'opd', 'OPD Consultation', 'scheduled', '2025-08-22', '10:30', NULL, 'Regular checkup', 500, '2025-08-22 19:55:37', '2025-08-22 19:55:37', NULL);
INSERT INTO patient_services (id, service_id, patient_id, visit_id, doctor_id, service_type, service_name, status, scheduled_date, scheduled_time, completed_date, notes, price, created_at, updated_at, receipt_number) VALUES ('e6ef03be1eb9b065bd5948506a9369f5', 'SRV-1755892860694', 'dfabcb5d90b5d3181662f3071f399bda', NULL, NULL, 'opd', 'OPD Consultation', 'scheduled', '2025-08-22', '14:30', NULL, 'Follow-up consultation', 500, '2025-08-22 20:01:00', '2025-08-22 20:01:00', NULL);
INSERT INTO patient_services (id, service_id, patient_id, visit_id, doctor_id, service_type, service_name, status, scheduled_date, scheduled_time, completed_date, notes, price, created_at, updated_at, receipt_number) VALUES ('520ca4591e3813908467f8f0c269f771', 'SRV-1755893224778', '81c17bd3964e9370097e5717ac896b8e', NULL, NULL, 'opd', 'OPD Consultation', 'scheduled', '2025-08-22', '09:00', NULL, '', 500, '2025-08-22 20:07:04', '2025-08-22 20:07:04', NULL);
INSERT INTO patient_services (id, service_id, patient_id, visit_id, doctor_id, service_type, service_name, status, scheduled_date, scheduled_time, completed_date, notes, price, created_at, updated_at, receipt_number) VALUES ('87b5518b852dfc454ca12f60d87e08fc', 'SRV-1755893576912', '81c17bd3964e9370097e5717ac896b8e', NULL, '9b25e50ddf70456e460eec7c08cbc98a', 'opd', 'OPD Consultation', 'scheduled', '2025-08-23', '14:00', NULL, 'dsfds gsdfd', 444, '2025-08-22 20:12:56', '2025-08-22 20:12:56', NULL);
INSERT INTO patient_services (id, service_id, patient_id, visit_id, doctor_id, service_type, service_name, status, scheduled_date, scheduled_time, completed_date, notes, price, created_at, updated_at, receipt_number) VALUES ('6129b2722a8304ea392d38979be11cc7', 'SRV-1755893659810', '81c17bd3964e9370097e5717ac896b8e', NULL, '8a5d3fa53165827b7afbadc2cdeaf97b', 'opd', 'OPD Consultation', 'scheduled', '2025-08-23', '09:00', NULL, 'ddssd wdsd', 310, '2025-08-22 20:14:19', '2025-08-22 20:14:19', NULL);
INSERT INTO patient_services (id, service_id, patient_id, visit_id, doctor_id, service_type, service_name, status, scheduled_date, scheduled_time, completed_date, notes, price, created_at, updated_at, receipt_number) VALUES ('8c2494904f1704ca63cf64dbe8fdbf05', 'SRV-1755894736680', '81c17bd3964e9370097e5717ac896b8e', NULL, '8a5d3fa53165827b7afbadc2cdeaf97b', 'opd', 'OPD Consultation', 'scheduled', '2025-08-23', '02:01', NULL, '', 310, '2025-08-22 20:32:16', '2025-08-22 20:32:16', NULL);
INSERT INTO patient_services (id, service_id, patient_id, visit_id, doctor_id, service_type, service_name, status, scheduled_date, scheduled_time, completed_date, notes, price, created_at, updated_at, receipt_number) VALUES ('8f02bf8f6474a708545a9fedd17d8748', 'SRV-1755894928621', '0728f70605672699f3525e3bae548d6b', NULL, '8a5d3fa53165827b7afbadc2cdeaf97b', 'opd', 'OPD Consultation', 'scheduled', '2025-08-23', '02:05', NULL, 'ef f dfdf f fdfd', 310, '2025-08-22 20:35:28', '2025-08-22 20:35:28', NULL);
INSERT INTO patient_services (id, service_id, patient_id, visit_id, doctor_id, service_type, service_name, status, scheduled_date, scheduled_time, completed_date, notes, price, created_at, updated_at, receipt_number) VALUES ('0a4149ab8c31c0b9ff5466aca168e370', 'SRV-1755920219349', '81c17bd3964e9370097e5717ac896b8e', NULL, '8a5d3fa53165827b7afbadc2cdeaf97b', 'opd', 'OPD Consultation', 'scheduled', '2025-08-23', '09:06', NULL, '', 310, '2025-08-23 03:36:59', '2025-08-23 03:36:59', NULL);
INSERT INTO patient_services (id, service_id, patient_id, visit_id, doctor_id, service_type, service_name, status, scheduled_date, scheduled_time, completed_date, notes, price, created_at, updated_at, receipt_number) VALUES ('8af4672daedba7a6ef88ee1be9438c13', 'SRV-1755973318840', '2a624c5dc6529d3893ada1a46507573d', NULL, '8a5d3fa53165827b7afbadc2cdeaf97b', 'ca96a723238e50b118b796cbba5cf067', 'ECG', 'scheduled', '2025-08-23', '23:51', NULL, '', 200, '2025-08-23 18:21:58', '2025-08-23 18:21:58', NULL);
INSERT INTO patient_services (id, service_id, patient_id, visit_id, doctor_id, service_type, service_name, status, scheduled_date, scheduled_time, completed_date, notes, price, created_at, updated_at, receipt_number) VALUES ('a5bb211ca7962d5fe55614ce7d8c5aa6', 'SRV-1755973387026', '2a624c5dc6529d3893ada1a46507573d', NULL, '8a5d3fa53165827b7afbadc2cdeaf97b', 'f769e4c322d2efcf0b9f93744d06db9a', 'X-Ray - 2', 'scheduled', '2025-08-23', '23:52', NULL, '', 800, '2025-08-23 18:23:07', '2025-08-23 18:23:07', NULL);
INSERT INTO patient_services (id, service_id, patient_id, visit_id, doctor_id, service_type, service_name, status, scheduled_date, scheduled_time, completed_date, notes, price, created_at, updated_at, receipt_number) VALUES ('afa6c083b2b7bc123dc2926df3579f2a', 'SRV-1755973448216', '2a624c5dc6529d3893ada1a46507573d', NULL, '8a5d3fa53165827b7afbadc2cdeaf97b', 'opd', 'OPD Consultation', 'scheduled', '2025-08-23', '23:54', NULL, '', 310, '2025-08-23 18:24:08', '2025-08-23 18:24:08', NULL);
INSERT INTO patient_services (id, service_id, patient_id, visit_id, doctor_id, service_type, service_name, status, scheduled_date, scheduled_time, completed_date, notes, price, created_at, updated_at, receipt_number) VALUES ('3445b1ca293870a3373bebfdb6b8d13f', 'SRV-1755974531940', '2a624c5dc6529d3893ada1a46507573d', NULL, '8a5d3fa53165827b7afbadc2cdeaf97b', '7484e44f79f24b10728be0cb8a87e650', 'Ambulance', 'scheduled', '2025-08-24', '00:10', NULL, '', 1000, '2025-08-23 18:42:11', '2025-08-23 18:42:11', NULL);
INSERT INTO patient_services (id, service_id, patient_id, visit_id, doctor_id, service_type, service_name, status, scheduled_date, scheduled_time, completed_date, notes, price, created_at, updated_at, receipt_number) VALUES ('3d140bf1e86978ba7209b16cf93f970e', 'SRV-1755974551610', '2a624c5dc6529d3893ada1a46507573d', NULL, NULL, 'f88a2ea9d16c25e41e60ddff7d1d8cd7', 'USG', 'scheduled', '2025-08-24', '00:12', NULL, '', 1000, '2025-08-23 18:42:31', '2025-08-23 18:42:31', NULL);
INSERT INTO patient_services (id, service_id, patient_id, visit_id, doctor_id, service_type, service_name, status, scheduled_date, scheduled_time, completed_date, notes, price, created_at, updated_at, receipt_number) VALUES ('bde99809b88d7344a884a5440a33e543', 'SRV-1755974760007', '2a624c5dc6529d3893ada1a46507573d', NULL, '8a5d3fa53165827b7afbadc2cdeaf97b', '7484e44f79f24b10728be0cb8a87e650', 'Ambulance', 'scheduled', '2025-08-24', '00:12', NULL, '', 10000, '2025-08-23 18:46:00', '2025-08-23 18:46:00', NULL);
INSERT INTO patient_services (id, service_id, patient_id, visit_id, doctor_id, service_type, service_name, status, scheduled_date, scheduled_time, completed_date, notes, price, created_at, updated_at, receipt_number) VALUES ('845500120291e524f09eb1dcecded216', 'SRV-1755975225628', '2a624c5dc6529d3893ada1a46507573d', NULL, NULL, 'bcf6bf714dca3304c73097a32c12a82e', 'Blood Donation', 'scheduled', '2025-08-24', '00:23', NULL, '', 300, '2025-08-23 18:53:45', '2025-08-23 18:53:45', NULL);
INSERT INTO patient_services (id, service_id, patient_id, visit_id, doctor_id, service_type, service_name, status, scheduled_date, scheduled_time, completed_date, notes, price, created_at, updated_at, receipt_number) VALUES ('ff151234af8e83f4495ede270a9e77ef', 'SRV-1755975248994', '2a624c5dc6529d3893ada1a46507573d', NULL, NULL, '7484e44f79f24b10728be0cb8a87e650', 'Ambulance', 'scheduled', '2025-08-24', '00:23', NULL, '', 200, '2025-08-23 18:54:08', '2025-08-23 18:54:08', NULL);
INSERT INTO patient_services (id, service_id, patient_id, visit_id, doctor_id, service_type, service_name, status, scheduled_date, scheduled_time, completed_date, notes, price, created_at, updated_at, receipt_number) VALUES ('031231ee4c33a1617fd0436421e92f19', 'SRV-1755975413949', '2a624c5dc6529d3893ada1a46507573d', NULL, NULL, '7484e44f79f24b10728be0cb8a87e650', 'Ambulance', 'scheduled', '2025-08-24', '00:26', NULL, '', 0, '2025-08-23 18:56:53', '2025-08-23 18:56:53', NULL);
INSERT INTO patient_services (id, service_id, patient_id, visit_id, doctor_id, service_type, service_name, status, scheduled_date, scheduled_time, completed_date, notes, price, created_at, updated_at, receipt_number) VALUES ('00f6b5a1fbc9ccaaacdff482fd733caa', 'SRV-1756009467017', '2a624c5dc6529d3893ada1a46507573d', NULL, '8a5d3fa53165827b7afbadc2cdeaf97b', '7484e44f79f24b10728be0cb8a87e650', 'Ambulance', 'scheduled', '2025-08-24', '09:53', NULL, '', 0, '2025-08-24 04:24:27', '2025-08-24 04:24:27', NULL);
INSERT INTO patient_services (id, service_id, patient_id, visit_id, doctor_id, service_type, service_name, status, scheduled_date, scheduled_time, completed_date, notes, price, created_at, updated_at, receipt_number) VALUES ('575c9ddd4c6d673cd62db28732f8d932', 'SRV-1756009599433', '2a624c5dc6529d3893ada1a46507573d', NULL, NULL, '6bf366c647300623c59ac7ff7d2abc12', 'X-Ray', 'scheduled', '2025-08-24', '09:56', NULL, '', 500, '2025-08-24 04:26:39', '2025-08-24 04:26:39', NULL);
INSERT INTO patient_services (id, service_id, patient_id, visit_id, doctor_id, service_type, service_name, status, scheduled_date, scheduled_time, completed_date, notes, price, created_at, updated_at, receipt_number) VALUES ('7b70366ce83da1e46e404f5b3f579bc3', 'SRV-1756009616407', '2a624c5dc6529d3893ada1a46507573d', NULL, NULL, '7484e44f79f24b10728be0cb8a87e650', 'Ambulance', 'scheduled', '2025-08-24', '09:56', NULL, '', 2000, '2025-08-24 04:26:56', '2025-08-24 04:26:56', NULL);
INSERT INTO patient_services (id, service_id, patient_id, visit_id, doctor_id, service_type, service_name, status, scheduled_date, scheduled_time, completed_date, notes, price, created_at, updated_at, receipt_number) VALUES ('5ceba962b306e2fa3e9462747956f314', 'SRV-1756009658477', '2a624c5dc6529d3893ada1a46507573d', NULL, '8a5d3fa53165827b7afbadc2cdeaf97b', '7484e44f79f24b10728be0cb8a87e650', 'Ambulance', 'scheduled', '2025-08-24', '09:56', NULL, '', 1, '2025-08-24 04:27:38', '2025-08-24 04:27:38', NULL);
INSERT INTO patient_services (id, service_id, patient_id, visit_id, doctor_id, service_type, service_name, status, scheduled_date, scheduled_time, completed_date, notes, price, created_at, updated_at, receipt_number) VALUES ('de1a566c3718d49e6fd132e93dab6b9c', 'SRV-1756068453989', '3cae64d54afee015e3f202549cd5d852', NULL, '8a5d3fa53165827b7afbadc2cdeaf97b', 'opd', 'OPD Consultation', 'scheduled', '2025-08-25', '02:17', NULL, '', 310, '2025-08-24 20:47:33', '2025-08-24 20:47:33', NULL);
INSERT INTO patient_services (id, service_id, patient_id, visit_id, doctor_id, service_type, service_name, status, scheduled_date, scheduled_time, completed_date, notes, price, created_at, updated_at, receipt_number) VALUES ('0033ee45284aabfb25be1b9a3b876e7c', 'SRV-1756068510436', '3cae64d54afee015e3f202549cd5d852', NULL, '8a5d3fa53165827b7afbadc2cdeaf97b', 'af99bc5b5f862a125a4a2c5ffe85da1f', 'Nebulization', 'scheduled', '2025-08-25', '02:18', NULL, '', 50, '2025-08-24 20:48:30', '2025-08-24 20:48:30', NULL);
INSERT INTO patient_services (id, service_id, patient_id, visit_id, doctor_id, service_type, service_name, status, scheduled_date, scheduled_time, completed_date, notes, price, created_at, updated_at, receipt_number) VALUES ('5add020425be3054b4c3a45858ce49b0', 'SRV-1756068625686', '3cae64d54afee015e3f202549cd5d852', NULL, '8a5d3fa53165827b7afbadc2cdeaf97b', 'bea1600c95925a94db1688ee5de96a7d', 'Oxygen', 'scheduled', '2025-08-25', '02:20', NULL, '', 100, '2025-08-24 20:50:25', '2025-08-24 20:50:25', NULL);
INSERT INTO patient_services (id, service_id, patient_id, visit_id, doctor_id, service_type, service_name, status, scheduled_date, scheduled_time, completed_date, notes, price, created_at, updated_at, receipt_number) VALUES ('160a3f69372cf8b1ac747168f3c62470', 'SRV-1756068676902', '3cae64d54afee015e3f202549cd5d852', NULL, '8a5d3fa53165827b7afbadc2cdeaf97b', 'cc365cf80fb2bd8895d07a28a673f87a', 'Tapping', 'scheduled', '2025-08-25', '02:21', NULL, '', 1500, '2025-08-24 20:51:16', '2025-08-24 20:51:16', NULL);
INSERT INTO patient_services (id, service_id, patient_id, visit_id, doctor_id, service_type, service_name, status, scheduled_date, scheduled_time, completed_date, notes, price, created_at, updated_at, receipt_number) VALUES ('49b57140c26e02aea0038535dbe65efa', 'SRV-1756068687808', '3cae64d54afee015e3f202549cd5d852', NULL, '8a5d3fa53165827b7afbadc2cdeaf97b', 'f769e4c322d2efcf0b9f93744d06db9a', 'X-Ray - 2', 'scheduled', '2025-08-25', '02:21', NULL, '', 800, '2025-08-24 20:51:27', '2025-08-24 20:51:27', NULL);
INSERT INTO patient_services (id, service_id, patient_id, visit_id, doctor_id, service_type, service_name, status, scheduled_date, scheduled_time, completed_date, notes, price, created_at, updated_at, receipt_number) VALUES ('38cd8e9e92d500930712282819433cb5', 'SRV-1756068837524', '3cae64d54afee015e3f202549cd5d852', NULL, '8a5d3fa53165827b7afbadc2cdeaf97b', '520c4710efb60e537a3352d7684b1a05', 'Ambulance', 'scheduled', '2025-08-25', '02:23', NULL, '', 10000, '2025-08-24 20:53:57', '2025-08-24 20:53:57', NULL);
INSERT INTO patient_services (id, service_id, patient_id, visit_id, doctor_id, service_type, service_name, status, scheduled_date, scheduled_time, completed_date, notes, price, created_at, updated_at, receipt_number) VALUES ('5d329df91f02936eaa96dbf369f22418', 'SRV-1756072485026', '943d00ccd6bbebd287eab818d220ca67', NULL, '8a5d3fa53165827b7afbadc2cdeaf97b', 'opd', 'OPD Consultation', 'scheduled', '2025-08-25', '03:24', NULL, '', 310, '2025-08-24 21:54:45', '2025-08-24 21:54:45', NULL);
INSERT INTO patient_services (id, service_id, patient_id, visit_id, doctor_id, service_type, service_name, status, scheduled_date, scheduled_time, completed_date, notes, price, created_at, updated_at, receipt_number) VALUES ('d692e345305c7aa74faeea2abb1a0334', 'SRV-1756072572784', '943d00ccd6bbebd287eab818d220ca67', NULL, '8a5d3fa53165827b7afbadc2cdeaf97b', 'opd', 'OPD Consultation', 'scheduled', '2025-08-25', '03:26', NULL, '', 310, '2025-08-24 21:56:12', '2025-08-24 21:56:12', NULL);
INSERT INTO patient_services (id, service_id, patient_id, visit_id, doctor_id, service_type, service_name, status, scheduled_date, scheduled_time, completed_date, notes, price, created_at, updated_at, receipt_number) VALUES ('0a376ded47181c2066394c5c91398d9e', 'SRV-1756072670006', '943d00ccd6bbebd287eab818d220ca67', NULL, '8a5d3fa53165827b7afbadc2cdeaf97b', 'f769e4c322d2efcf0b9f93744d06db9a', 'X-Ray - 2', 'scheduled', '2025-08-25', '03:27', NULL, '', 800, '2025-08-24 21:57:50', '2025-08-24 21:57:50', NULL);
INSERT INTO patient_services (id, service_id, patient_id, visit_id, doctor_id, service_type, service_name, status, scheduled_date, scheduled_time, completed_date, notes, price, created_at, updated_at, receipt_number) VALUES ('b3b78b5aaeb86845bd931d13dda7ac39', 'SRV-1756074607880', '394d152a418054267667e6d197c2485f', NULL, '8a5d3fa53165827b7afbadc2cdeaf97b', 'opd', 'OPD Consultation', 'scheduled', '2025-08-25', '04:00', NULL, '', 310, '2025-08-24 22:30:07', '2025-08-24 22:30:07', NULL);
INSERT INTO patient_services (id, service_id, patient_id, visit_id, doctor_id, service_type, service_name, status, scheduled_date, scheduled_time, completed_date, notes, price, created_at, updated_at, receipt_number) VALUES ('1305cc7af19ea6fb0a5adf867ce54a3b', 'SRV-1756114159532', 'b2e6b51111f3ddeb2c341ff4059e9990', NULL, '8a5d3fa53165827b7afbadc2cdeaf97b', 'b8195a3e807fb78e533b182aec15e976', 'ECG', 'scheduled', '2025-08-25', '14:59', NULL, '', 200, '2025-08-25 09:29:19', '2025-08-25 09:29:19', NULL);
INSERT INTO patient_services (id, service_id, patient_id, visit_id, doctor_id, service_type, service_name, status, scheduled_date, scheduled_time, completed_date, notes, price, created_at, updated_at, receipt_number) VALUES ('b2bf22232c5e76f1c27f6ddadbd6189a', 'SRV-1756114172634', 'b2e6b51111f3ddeb2c341ff4059e9990', NULL, '8a5d3fa53165827b7afbadc2cdeaf97b', 'cc365cf80fb2bd8895d07a28a673f87a', 'Tapping', 'scheduled', '2025-08-25', '14:59', NULL, '', 1500, '2025-08-25 09:29:32', '2025-08-25 09:29:32', NULL);
INSERT INTO patient_services (id, service_id, patient_id, visit_id, doctor_id, service_type, service_name, status, scheduled_date, scheduled_time, completed_date, notes, price, created_at, updated_at, receipt_number) VALUES ('a330771b2640d48b58128a839459dc79', 'SRV-1756215148130', 'a02be052a1eb8b53d2bd4963ae9e30aa', NULL, NULL, 'opd', 'OPD Consultation', 'scheduled', '2025-08-26', '19:02', NULL, '', 500, '2025-08-26 13:32:28', '2025-08-26 13:32:28', NULL);
INSERT INTO patient_services (id, service_id, patient_id, visit_id, doctor_id, service_type, service_name, status, scheduled_date, scheduled_time, completed_date, notes, price, created_at, updated_at, receipt_number) VALUES ('6053f282242aab95b14fe09765decb26', 'SRV-1756408648993', 'ba50ec1ee71a4a3bddb346e8f6aa8fa6', NULL, '8a5d3fa53165827b7afbadc2cdeaf97b', 'opd', 'OPD Consultation', 'scheduled', '2025-08-29', '00:47', NULL, '', 310, '2025-08-28 19:17:28', '2025-08-28 19:17:28', NULL);
INSERT INTO patient_services (id, service_id, patient_id, visit_id, doctor_id, service_type, service_name, status, scheduled_date, scheduled_time, completed_date, notes, price, created_at, updated_at, receipt_number) VALUES ('e9e963dddbe2a0c234504dffee465079', 'SRV-1756408954789', 'c4b735850d56a0d59a328f35e972e7d8', NULL, '8a5d3fa53165827b7afbadc2cdeaf97b', 'opd', 'OPD Consultation', 'scheduled', '2025-08-29', '00:52', NULL, '', 310, '2025-08-28 19:22:34', '2025-08-28 19:22:34', NULL);
INSERT INTO patient_services (id, service_id, patient_id, visit_id, doctor_id, service_type, service_name, status, scheduled_date, scheduled_time, completed_date, notes, price, created_at, updated_at, receipt_number) VALUES ('fab880999dadf51f610c58e9709ac7c5', 'SRV-1756408970188', 'c4b735850d56a0d59a328f35e972e7d8', NULL, '8a5d3fa53165827b7afbadc2cdeaf97b', '364073bd899d6990a5ad476e3ea5cdec', 'USG', 'scheduled', '2025-08-29', '00:52', NULL, '', 1000, '2025-08-28 19:22:50', '2025-08-28 19:22:50', NULL);
INSERT INTO patient_services (id, service_id, patient_id, visit_id, doctor_id, service_type, service_name, status, scheduled_date, scheduled_time, completed_date, notes, price, created_at, updated_at, receipt_number) VALUES ('a56ecf9f2f6289d520f5e3e098cba779', 'SRV-1756409298014', 'c4b735850d56a0d59a328f35e972e7d8', NULL, NULL, 'bea1600c95925a94db1688ee5de96a7d', 'Oxygen', 'scheduled', '2025-08-29', '00:58', NULL, '', 100, '2025-08-28 19:28:18', '2025-08-28 19:28:18', NULL);
INSERT INTO patient_services (id, service_id, patient_id, visit_id, doctor_id, service_type, service_name, status, scheduled_date, scheduled_time, completed_date, notes, price, created_at, updated_at, receipt_number) VALUES ('9883226dea4a6698e9d2518e16bd384e', 'SRV-1756409326686', 'c4b735850d56a0d59a328f35e972e7d8', NULL, '9b25e50ddf70456e460eec7c08cbc98a', 'opd', 'OPD Consultation', 'scheduled', '2025-08-29', '00:58', NULL, '', 444, '2025-08-28 19:28:46', '2025-08-28 19:28:46', NULL);
INSERT INTO patient_services (id, service_id, patient_id, visit_id, doctor_id, service_type, service_name, status, scheduled_date, scheduled_time, completed_date, notes, price, created_at, updated_at, receipt_number) VALUES ('7e3d48498d32c0f48802d7e011bd4c04', 'SRV-1756409642284', 'c4b735850d56a0d59a328f35e972e7d8', NULL, NULL, '520c4710efb60e537a3352d7684b1a05', 'Ambulance', 'scheduled', '2025-08-29', '01:03', NULL, '', 5000, '2025-08-28 19:34:02', '2025-08-28 19:34:02', NULL);
INSERT INTO patient_services (id, service_id, patient_id, visit_id, doctor_id, service_type, service_name, status, scheduled_date, scheduled_time, completed_date, notes, price, created_at, updated_at, receipt_number) VALUES ('22984ffc4eb0464ca900f9a1043e25e1', 'SRV-1756581056958', '370ebf4bccacd9d107e17e86c16b8c22', NULL, '8a5d3fa53165827b7afbadc2cdeaf97b', 'opd', 'OPD Consultation', 'scheduled', '2025-08-31', '00:40', NULL, '', 310, '2025-08-30 19:10:56', '2025-08-30 19:10:56', NULL);
INSERT INTO patient_services (id, service_id, patient_id, visit_id, doctor_id, service_type, service_name, status, scheduled_date, scheduled_time, completed_date, notes, price, created_at, updated_at, receipt_number) VALUES ('5aaaf14cf4295b901f48844507008648', 'SRV-1756638038772', '99f9a4b60fb56c2db70c958a30636063', NULL, '8a5d3fa53165827b7afbadc2cdeaf97b', 'opd', 'OPD Consultation', 'scheduled', '2025-08-31', '16:30', NULL, '', 310, '2025-08-31 11:00:38', '2025-08-31 11:00:38', NULL);
INSERT INTO patient_services (id, service_id, patient_id, visit_id, doctor_id, service_type, service_name, status, scheduled_date, scheduled_time, completed_date, notes, price, created_at, updated_at, receipt_number) VALUES ('57319044160392af30753e6691384cc3', 'SRV-1756638070640', '99f9a4b60fb56c2db70c958a30636063', NULL, '8a5d3fa53165827b7afbadc2cdeaf97b', 'opd', 'OPD Consultation', 'scheduled', '2025-08-31', '16:31', NULL, '', 310, '2025-08-31 11:01:10', '2025-08-31 11:01:10', NULL);
INSERT INTO patient_services (id, service_id, patient_id, visit_id, doctor_id, service_type, service_name, status, scheduled_date, scheduled_time, completed_date, notes, price, created_at, updated_at, receipt_number) VALUES ('c5e9534f0b7759891f67bab9486f8d5f', 'SRV-1756638099892', '99f9a4b60fb56c2db70c958a30636063', NULL, '9b25e50ddf70456e460eec7c08cbc98a', 'opd', 'OPD Consultation', 'scheduled', '2025-08-31', '16:31', NULL, '', 444, '2025-08-31 11:01:39', '2025-08-31 11:01:39', NULL);
INSERT INTO patient_services (id, service_id, patient_id, visit_id, doctor_id, service_type, service_name, status, scheduled_date, scheduled_time, completed_date, notes, price, created_at, updated_at, receipt_number) VALUES ('2a300570fc4b7f71131ce7948f2c3f9e', 'SRV-1756640283184', '7008ccd58e817294ae4402ce3c2cfd81', NULL, '9b25e50ddf70456e460eec7c08cbc98a', 'opd', 'OPD Consultation', 'scheduled', '2025-08-31', '17:08', NULL, '', 444, '2025-08-31 11:38:03', '2025-08-31 11:38:03', NULL);
INSERT INTO patient_services (id, service_id, patient_id, visit_id, doctor_id, service_type, service_name, status, scheduled_date, scheduled_time, completed_date, notes, price, created_at, updated_at, receipt_number) VALUES ('dc6eb2feb93c124f2fb79d48b2d5fba3', 'SRV-1756643050516', 'bf4d14d688dc259fffaffd8cbdd5f7ad', NULL, '8a5d3fa53165827b7afbadc2cdeaf97b', 'opd', 'OPD Consultation', 'scheduled', '2025-08-31', '17:54', NULL, '', 310, '2025-08-31 12:24:10', '2025-08-31 12:24:10', 'OPD-20250831-0006');
INSERT INTO patient_services (id, service_id, patient_id, visit_id, doctor_id, service_type, service_name, status, scheduled_date, scheduled_time, completed_date, notes, price, created_at, updated_at, receipt_number) VALUES ('69fbe157f3f468e1daf5ca1fbf916c0d', 'SRV-1756643061780', 'bf4d14d688dc259fffaffd8cbdd5f7ad', NULL, '8a5d3fa53165827b7afbadc2cdeaf97b', 'opd', 'OPD Consultation', 'scheduled', '2025-08-31', '17:54', NULL, '', 310, '2025-08-31 12:24:21', '2025-08-31 12:24:21', 'OPD-20250831-0007');
INSERT INTO patient_services (id, service_id, patient_id, visit_id, doctor_id, service_type, service_name, status, scheduled_date, scheduled_time, completed_date, notes, price, created_at, updated_at, receipt_number) VALUES ('b04967d5be6c05034a93e36f46c45492', 'SRV-1756643165197', 'bf4d14d688dc259fffaffd8cbdd5f7ad', NULL, '8a5d3fa53165827b7afbadc2cdeaf97b', '289a870c6421c0bb42b40bd456c80d5e', 'Enema', 'scheduled', '2025-08-31', '17:55', NULL, '', 100, '2025-08-31 12:26:05', '2025-08-31 12:26:05', 'SERVICE-20250831-0001');
INSERT INTO patient_services (id, service_id, patient_id, visit_id, doctor_id, service_type, service_name, status, scheduled_date, scheduled_time, completed_date, notes, price, created_at, updated_at, receipt_number) VALUES ('96d8d07e99e19f4ae2ae5119f72d1244', 'SRV-1756643197669', '6689022e9c52aedafb4ed02f9fde6748', NULL, '8a5d3fa53165827b7afbadc2cdeaf97b', '364073bd899d6990a5ad476e3ea5cdec', 'USG', 'scheduled', '2025-08-31', '17:56', NULL, '', 1000, '2025-08-31 12:26:37', '2025-08-31 12:26:37', 'SERVICE-20250831-0002');
INSERT INTO patient_services (id, service_id, patient_id, visit_id, doctor_id, service_type, service_name, status, scheduled_date, scheduled_time, completed_date, notes, price, created_at, updated_at, receipt_number) VALUES ('cfbb04ccf80f4862916958387d1435e4', 'SRV-1756647041296', 'fdd8de115ef81cf32bae39ee0f045e9a', NULL, '8a5d3fa53165827b7afbadc2cdeaf97b', 'opd', 'OPD Consultation', 'scheduled', '2025-08-31', '19:00', NULL, '', 310, '2025-08-31 13:30:41', '2025-08-31 13:30:41', '250831-OPD-0008');
INSERT INTO patient_services (id, service_id, patient_id, visit_id, doctor_id, service_type, service_name, status, scheduled_date, scheduled_time, completed_date, notes, price, created_at, updated_at, receipt_number) VALUES ('f1e21948d7daec137885c66cda0f9fa1', 'SRV-1756647056112', 'fdd8de115ef81cf32bae39ee0f045e9a', NULL, '9b25e50ddf70456e460eec7c08cbc98a', 'opd', 'OPD Consultation', 'scheduled', '2025-08-31', '19:00', NULL, '', 444, '2025-08-31 13:30:56', '2025-08-31 13:30:56', '250831-OPD-0009');
INSERT INTO patient_services (id, service_id, patient_id, visit_id, doctor_id, service_type, service_name, status, scheduled_date, scheduled_time, completed_date, notes, price, created_at, updated_at, receipt_number) VALUES ('5e32fbd8cfd5dcab6392be2b7058e8d2', 'SRV-1756647216032', 'fdd8de115ef81cf32bae39ee0f045e9a', NULL, '8a5d3fa53165827b7afbadc2cdeaf97b', 'af99bc5b5f862a125a4a2c5ffe85da1f', 'Nebulization', 'scheduled', '2025-08-31', '19:03', NULL, '', 50, '2025-08-31 13:33:36', '2025-08-31 13:33:36', '250831-SER-0003');
INSERT INTO patient_services (id, service_id, patient_id, visit_id, doctor_id, service_type, service_name, status, scheduled_date, scheduled_time, completed_date, notes, price, created_at, updated_at, receipt_number) VALUES ('99b4adcbaaab4635eb572aee7f8b552e', 'SRV-1756661414408', '8e4a4b7f9896752fc6335dc0ae203ed0', NULL, '8a5d3fa53165827b7afbadc2cdeaf97b', 'opd', 'OPD Consultation', 'scheduled', '2025-08-31', '23:00', NULL, '', 310, '2025-08-31 17:30:14', '2025-08-31 17:30:14', '250831-OPD-0010');
INSERT INTO patient_services (id, service_id, patient_id, visit_id, doctor_id, service_type, service_name, status, scheduled_date, scheduled_time, completed_date, notes, price, created_at, updated_at, receipt_number) VALUES ('0ef31e9171389e5637ac1a1e72a0ee1d', 'SRV-1756750640473', '8e482369bd27098a426a158c95141c8d', NULL, '8a5d3fa53165827b7afbadc2cdeaf97b', 'opd', 'OPD Consultation', 'scheduled', '2025-09-01', '23:47', NULL, '', 310, '2025-09-01 18:17:20', '2025-09-01 18:17:20', '250901-OPD-0001');
INSERT INTO patient_services (id, service_id, patient_id, visit_id, doctor_id, service_type, service_name, status, scheduled_date, scheduled_time, completed_date, notes, price, created_at, updated_at, receipt_number) VALUES ('0bcb30990bf887eb0e9103f9ae8a5c11', 'SRV-1756751067598', '5a680c6bdb19d4c6bc8b5e07cdc98ca1', NULL, '8a5d3fa53165827b7afbadc2cdeaf97b', 'opd', 'OPD Consultation', 'scheduled', '2025-09-01', '23:54', NULL, '', 310, '2025-09-01 18:24:27', '2025-09-01 18:24:27', '250901-OPD-0002');
INSERT INTO patient_services (id, service_id, patient_id, visit_id, doctor_id, service_type, service_name, status, scheduled_date, scheduled_time, completed_date, notes, price, created_at, updated_at, receipt_number) VALUES ('affc09d3f0194ee07858251f9fe6ee9b', 'SRV-1756751131687', 'acc2ec9fa9eb891ff459f92aa9a83026', NULL, '8a5d3fa53165827b7afbadc2cdeaf97b', 'opd', 'OPD Consultation', 'scheduled', '2025-09-01', '23:55', NULL, '', 310, '2025-09-01 18:25:31', '2025-09-01 18:25:31', '250901-OPD-0003');
INSERT INTO patient_services (id, service_id, patient_id, visit_id, doctor_id, service_type, service_name, status, scheduled_date, scheduled_time, completed_date, notes, price, created_at, updated_at, receipt_number) VALUES ('94d17c7a02a7e65f715f5296f90e840e', 'SRV-1756751386987', 'c36556301bc4cc3939a1113582c29068', NULL, '8a5d3fa53165827b7afbadc2cdeaf97b', 'opd', 'OPD Consultation', 'scheduled', '2025-09-01', '23:59', NULL, '', 310, '2025-09-01 18:29:47', '2025-09-01 18:29:47', '250901-OPD-0004');
INSERT INTO patient_services (id, service_id, patient_id, visit_id, doctor_id, service_type, service_name, status, scheduled_date, scheduled_time, completed_date, notes, price, created_at, updated_at, receipt_number) VALUES ('1e931589f46ac946e17c175c15166143', 'SRV-1756751405835', 'c36556301bc4cc3939a1113582c29068', NULL, '8a5d3fa53165827b7afbadc2cdeaf97b', 'opd', 'OPD Consultation', 'scheduled', '2025-09-01', '23:59', NULL, '', 310, '2025-09-01 18:30:06', '2025-09-01 18:30:06', '250901-OPD-0005');
INSERT INTO patient_services (id, service_id, patient_id, visit_id, doctor_id, service_type, service_name, status, scheduled_date, scheduled_time, completed_date, notes, price, created_at, updated_at, receipt_number) VALUES ('24db166348d968495a010fb326176d28', 'SRV-1756751456459', '5679dfc2e47babf82b35a807f6bba5d7', NULL, '8a5d3fa53165827b7afbadc2cdeaf97b', 'opd', 'OPD Consultation', 'scheduled', '2025-09-02', '00:00', NULL, '', 310, '2025-09-01 18:30:56', '2025-09-01 18:30:56', '250902-OPD-0001');
INSERT INTO patient_services (id, service_id, patient_id, visit_id, doctor_id, service_type, service_name, status, scheduled_date, scheduled_time, completed_date, notes, price, created_at, updated_at, receipt_number) VALUES ('6cbf555abb183fe6b90af60d9f6b3acd', 'SRV-1756751513155', '060bd772fe3e53f6f9a21c4bf49b41df', NULL, '8a5d3fa53165827b7afbadc2cdeaf97b', 'opd', 'OPD Consultation', 'scheduled', '2025-09-02', '00:01', NULL, '', 310, '2025-09-01 18:31:53', '2025-09-01 18:31:53', '250902-OPD-0002');
INSERT INTO patient_services (id, service_id, patient_id, visit_id, doctor_id, service_type, service_name, status, scheduled_date, scheduled_time, completed_date, notes, price, created_at, updated_at, receipt_number) VALUES ('f4538cd6fdf90b5f5e83443ed8cfe959', 'SRV-1756751591155', 'a5e395c12e0e18aa99f5eb8a03acad36', NULL, '8a5d3fa53165827b7afbadc2cdeaf97b', 'opd', 'OPD Consultation', 'scheduled', '2025-09-02', '22:02', NULL, '', 310, '2025-09-01 18:33:11', '2025-09-01 18:33:11', '250902-OPD-0003');
INSERT INTO patient_services (id, service_id, patient_id, visit_id, doctor_id, service_type, service_name, status, scheduled_date, scheduled_time, completed_date, notes, price, created_at, updated_at, receipt_number) VALUES ('41701604f4e5b05fe9122718d5643b94', 'SRV-1756751695115', '53a3cc1b3801e632d40fb466ab4e4083', NULL, '8a5d3fa53165827b7afbadc2cdeaf97b', 'opd', 'OPD Consultation', 'scheduled', '2025-09-02', '00:04', NULL, '', 310, '2025-09-01 18:34:55', '2025-09-01 18:34:55', '250902-OPD-0004');
INSERT INTO patient_services (id, service_id, patient_id, visit_id, doctor_id, service_type, service_name, status, scheduled_date, scheduled_time, completed_date, notes, price, created_at, updated_at, receipt_number) VALUES ('6748faeb7cd7b5e5bafafddb6da7448b', 'SRV-1756751763178', 'f8cfe424f6436bcc8f440ca87621dcf2', NULL, '8a5d3fa53165827b7afbadc2cdeaf97b', 'opd', 'OPD Consultation', 'scheduled', '2025-09-01', '10:05', NULL, '', 310, '2025-09-01 18:36:03', '2025-09-01 18:36:03', '250901-OPD-0006');
INSERT INTO patient_services (id, service_id, patient_id, visit_id, doctor_id, service_type, service_name, status, scheduled_date, scheduled_time, completed_date, notes, price, created_at, updated_at, receipt_number) VALUES ('88ca8e4293dcebc44cfc37bfcaf96f6a', 'SRV-1756752471197', 'd186bc723d504604059b28abadf3d8e5', NULL, '8a5d3fa53165827b7afbadc2cdeaf97b', 'opd', 'OPD Consultation', 'scheduled', '2025-09-02', '00:17', NULL, '', 310, '2025-09-01 18:47:51', '2025-09-01 18:47:51', '250902-OPD-0005');
INSERT INTO patient_services (id, service_id, patient_id, visit_id, doctor_id, service_type, service_name, status, scheduled_date, scheduled_time, completed_date, notes, price, created_at, updated_at, receipt_number) VALUES ('891eaff54d3a1ee8442ed1be4602b80a', 'SRV-1756752533480', 'd186bc723d504604059b28abadf3d8e5', NULL, '8a5d3fa53165827b7afbadc2cdeaf97b', 'opd', 'OPD Consultation', 'scheduled', '2025-09-02', '00:18', NULL, '', 310, '2025-09-01 18:48:53', '2025-09-01 18:48:53', '250902-OPD-0006');
INSERT INTO patient_services (id, service_id, patient_id, visit_id, doctor_id, service_type, service_name, status, scheduled_date, scheduled_time, completed_date, notes, price, created_at, updated_at, receipt_number) VALUES ('3096b9e3d5f26d38b00e9b10197fe10f', 'SRV-1756752720402', 'd186bc723d504604059b28abadf3d8e5', NULL, '8a5d3fa53165827b7afbadc2cdeaf97b', 'opd', 'OPD Consultation', 'scheduled', '2025-09-02', '00:21', NULL, '', 310, '2025-09-01 18:52:00', '2025-09-01 18:52:00', '250902-OPD-0007');
INSERT INTO patient_services (id, service_id, patient_id, visit_id, doctor_id, service_type, service_name, status, scheduled_date, scheduled_time, completed_date, notes, price, created_at, updated_at, receipt_number) VALUES ('19a6103895d083a45ee34ef81f2c6781', 'SRV-1756752847146', '3c7e1ff1637ee78887d56c9abc9b5eb5', NULL, '8a5d3fa53165827b7afbadc2cdeaf97b', 'opd', 'OPD Consultation', 'scheduled', '2025-09-02', '00:24', NULL, '', 310, '2025-09-01 18:54:07', '2025-09-01 18:54:07', '250902-OPD-0008');
INSERT INTO patient_services (id, service_id, patient_id, visit_id, doctor_id, service_type, service_name, status, scheduled_date, scheduled_time, completed_date, notes, price, created_at, updated_at, receipt_number) VALUES ('7e0d42894a0f2687b7ee4969876f1afa', 'SRV-1756752984633', '3c7e1ff1637ee78887d56c9abc9b5eb5', NULL, '8a5d3fa53165827b7afbadc2cdeaf97b', 'opd', 'OPD Consultation', 'scheduled', '2025-09-02', '00:26', NULL, '', 310, '2025-09-01 18:56:24', '2025-09-01 18:56:24', '250902-OPD-0009');
INSERT INTO patient_services (id, service_id, patient_id, visit_id, doctor_id, service_type, service_name, status, scheduled_date, scheduled_time, completed_date, notes, price, created_at, updated_at, receipt_number) VALUES ('c503bc33b812ceda7129ef2b9a1a440c', 'SRV-1756754443325', '597361c79623d673e9990e33daa157fa', NULL, '8a5d3fa53165827b7afbadc2cdeaf97b', 'opd', 'OPD Consultation', 'scheduled', '2025-09-02', '00:50', NULL, '', 310, '2025-09-01 19:20:43', '2025-09-01 19:20:43', '250902-OPD-0010');
INSERT INTO patient_services (id, service_id, patient_id, visit_id, doctor_id, service_type, service_name, status, scheduled_date, scheduled_time, completed_date, notes, price, created_at, updated_at, receipt_number) VALUES ('c2740a328b1252734c1eaf96519fda93', 'SRV-1756756716478', '3eca153d5b05de4cfc25d5f5b44c6e3a', NULL, NULL, 'opd', 'OPD Consultation', 'scheduled', '2025-09-02', '01:28', NULL, '', 500, '2025-09-01 19:58:36', '2025-09-01 19:58:36', '250902-OPD-0011');
INSERT INTO patient_services (id, service_id, patient_id, visit_id, doctor_id, service_type, service_name, status, scheduled_date, scheduled_time, completed_date, notes, price, created_at, updated_at, receipt_number) VALUES ('339cf70232e1da869ea4c6f9c836d7a8', 'SRV-1756792659188', '3eca153d5b05de4cfc25d5f5b44c6e3a', NULL, '8a5d3fa53165827b7afbadc2cdeaf97b', 'opd', 'OPD Consultation', 'scheduled', '2025-09-02', '11:27', NULL, '', 310, '2025-09-02 05:57:39', '2025-09-02 05:57:39', '250902-OPD-0012');
INSERT INTO patient_services (id, service_id, patient_id, visit_id, doctor_id, service_type, service_name, status, scheduled_date, scheduled_time, completed_date, notes, price, created_at, updated_at, receipt_number) VALUES ('8922622d850d152efe2955ab8138779c', 'SRV-1756792786427', 'b616784beaafe0430628da7542b6ba5a', NULL, '8a5d3fa53165827b7afbadc2cdeaf97b', 'opd', 'OPD Consultation', 'scheduled', '2025-09-02', '11:29', NULL, '', 310, '2025-09-02 05:59:47', '2025-09-02 05:59:47', '250902-OPD-0013');
INSERT INTO patient_services (id, service_id, patient_id, visit_id, doctor_id, service_type, service_name, status, scheduled_date, scheduled_time, completed_date, notes, price, created_at, updated_at, receipt_number) VALUES ('9ba6ea5b88cdcddf89fa78715def75c3', 'SRV-1756792871355', 'b616784beaafe0430628da7542b6ba5a', NULL, NULL, 'opd', 'OPD Consultation', 'scheduled', '2025-09-02', '11:31', NULL, '', 500, '2025-09-02 06:01:11', '2025-09-02 06:01:11', '250902-OPD-0014');
INSERT INTO patient_services (id, service_id, patient_id, visit_id, doctor_id, service_type, service_name, status, scheduled_date, scheduled_time, completed_date, notes, price, created_at, updated_at, receipt_number) VALUES ('d9ea8ea855bf72ad4576be5cbcf52ef3', 'SRV-1756800819088', '22db7f2a9da62cf7ea461a73aeb6a331', NULL, '8a5d3fa53165827b7afbadc2cdeaf97b', 'opd', 'OPD Consultation', 'scheduled', '2025-09-02', '13:43', NULL, '', 310, '2025-09-02 08:13:39', '2025-09-02 08:13:39', '250902-OPD-0015');
INSERT INTO patient_services (id, service_id, patient_id, visit_id, doctor_id, service_type, service_name, status, scheduled_date, scheduled_time, completed_date, notes, price, created_at, updated_at, receipt_number) VALUES ('a30e1b78f7456149060084a6336bbde3', 'SRV-1756800841864', '22db7f2a9da62cf7ea461a73aeb6a331', NULL, NULL, 'af99bc5b5f862a125a4a2c5ffe85da1f', 'Nebulization', 'scheduled', '2025-09-02', '13:43', NULL, '', 50, '2025-09-02 08:14:02', '2025-09-02 08:14:02', '250902-SER-0001');
INSERT INTO patient_services (id, service_id, patient_id, visit_id, doctor_id, service_type, service_name, status, scheduled_date, scheduled_time, completed_date, notes, price, created_at, updated_at, receipt_number) VALUES ('a6b3a7d22b007fdf4737e46bac94ff49', 'SRV-1756825742714', 'e359dc35f2860628edb14ac376670777', NULL, '8a5d3fa53165827b7afbadc2cdeaf97b', 'opd', 'OPD Consultation', 'scheduled', '2025-09-02', '20:38', NULL, '', 310, '2025-09-02 15:09:02', '2025-09-02 15:09:02', '250902-OPD-0016');
INSERT INTO patient_services (id, service_id, patient_id, visit_id, doctor_id, service_type, service_name, status, scheduled_date, scheduled_time, completed_date, notes, price, created_at, updated_at, receipt_number) VALUES ('5a4501a5347c542eb422c47f1c07e8f8', 'SRV-1756825835891', 'e359dc35f2860628edb14ac376670777', NULL, '8a5d3fa53165827b7afbadc2cdeaf97b', 'af99bc5b5f862a125a4a2c5ffe85da1f', 'Nebulization', 'scheduled', '2025-09-02', '20:40', NULL, '', 50, '2025-09-02 15:10:35', '2025-09-02 15:10:35', '250902-SER-0002');
INSERT INTO patient_services (id, service_id, patient_id, visit_id, doctor_id, service_type, service_name, status, scheduled_date, scheduled_time, completed_date, notes, price, created_at, updated_at, receipt_number) VALUES ('f88bfef99c62ee703f9080fa4388d5a1', 'SRV-1756837669860', 'f1e4a881da91843c35bc4f60f8cd3628', NULL, '9b25e50ddf70456e460eec7c08cbc98a', 'opd', 'OPD Consultation', 'scheduled', '2025-09-02', '23:57', NULL, '', 444, '2025-09-02 18:27:49', '2025-09-02 18:27:49', '250902-OPD-0017');
INSERT INTO patient_services (id, service_id, patient_id, visit_id, doctor_id, service_type, service_name, status, scheduled_date, scheduled_time, completed_date, notes, price, created_at, updated_at, receipt_number) VALUES ('8e337b3e57be4e50fb644953afc50aa0', 'SRV-1756837851571', 'f1e4a881da91843c35bc4f60f8cd3628', NULL, '8a5d3fa53165827b7afbadc2cdeaf97b', 'opd', 'OPD Consultation', 'scheduled', '2025-09-03', '00:00', NULL, '', 310, '2025-09-02 18:30:51', '2025-09-02 18:30:51', '250903-OPD-0001');
INSERT INTO patient_services (id, service_id, patient_id, visit_id, doctor_id, service_type, service_name, status, scheduled_date, scheduled_time, completed_date, notes, price, created_at, updated_at, receipt_number) VALUES ('9a9df4572a2ca2384e00b4ad7d9f6967', 'SRV-1756838166970', '7ef76d14a868b296f29070df5df65925', NULL, '8a5d3fa53165827b7afbadc2cdeaf97b', 'opd', 'OPD Consultation', 'scheduled', '2025-09-03', '00:06', NULL, '', 310, '2025-09-02 18:36:07', '2025-09-02 18:36:07', '250903-OPD-0002');
INSERT INTO patient_services (id, service_id, patient_id, visit_id, doctor_id, service_type, service_name, status, scheduled_date, scheduled_time, completed_date, notes, price, created_at, updated_at, receipt_number) VALUES ('7fbb3c528096c699d66312bdee218e00', 'SRV-1756838639624', '7ef76d14a868b296f29070df5df65925', NULL, '8a5d3fa53165827b7afbadc2cdeaf97b', 'af99bc5b5f862a125a4a2c5ffe85da1f', 'Nebulization', 'scheduled', '2025-09-03', '00:13', NULL, '', 50, '2025-09-02 18:43:59', '2025-09-02 18:43:59', '250903-SER-0001');
INSERT INTO patient_services (id, service_id, patient_id, visit_id, doctor_id, service_type, service_name, status, scheduled_date, scheduled_time, completed_date, notes, price, created_at, updated_at, receipt_number) VALUES ('c54c036e1ed82b7c51c1144f232678a1', 'SRV-1756893985171', '6433a23edac0278ff42daf73c3f66a67', NULL, NULL, 'opd', 'OPD Consultation', 'scheduled', '2025-09-03', '15:36', NULL, 'TBD', 5000, '2025-09-03 10:06:24', '2025-09-03 10:06:24', '250903-OPD-0003');
INSERT INTO patient_services (id, service_id, patient_id, visit_id, doctor_id, service_type, service_name, status, scheduled_date, scheduled_time, completed_date, notes, price, created_at, updated_at, receipt_number) VALUES ('101135679135dcf485bcbce61d1d6ccd', 'SRV-1756894005153', '6433a23edac0278ff42daf73c3f66a67', NULL, NULL, '520c4710efb60e537a3352d7684b1a05', 'Ambulance', 'scheduled', '2025-09-03', '15:36', NULL, '', 1000, '2025-09-03 10:06:44', '2025-09-03 10:06:44', '250903-SER-0002');
INSERT INTO patient_services (id, service_id, patient_id, visit_id, doctor_id, service_type, service_name, status, scheduled_date, scheduled_time, completed_date, notes, price, created_at, updated_at, receipt_number) VALUES ('9a39f495c0ca3e2fbb3d41b641807b3d', 'SRV-1756967819857', '8cc3c42c2363dfe90ada2309036ca820', NULL, '9b25e50ddf70456e460eec7c08cbc98a', 'opd', 'OPD Consultation', 'scheduled', '2025-09-04', '12:06', NULL, '', 444, '2025-09-04 06:37:00', '2025-09-04 06:37:00', '250904-OPD-0001');

-- Table: admissions
DELETE FROM admissions;
INSERT INTO admissions (id, admission_id, patient_id, doctor_id, room_number, ward_type, admission_date, discharge_date, status, reason, diagnosis, notes, daily_cost, total_cost, initial_deposit, created_at, updated_at, additional_payments, current_room_id, current_ward_type, current_room_number, lastPaymentDate, total_discount, lastDiscountDate, lastDiscountAmount, lastDiscountReason, lastPaymentAmount, last_payment_date, last_discount_date, last_discount_amount, last_discount_reason, last_payment_amount) VALUES ('804ac350c062c370f2eeb689d9e88ec0', 'ADM-2025-001', '0728f70605672699f3525e3bae548d6b', '8a5d3fa53165827b7afbadc2cdeaf97b', NULL, 'icu', '2025-08-23', '2025-08-23T04:10:18.296Z', 'discharged', 'emergency', '', '', 1200, 0, 3500, '2025-08-23 03:25:41', '2025-08-23T04:10:18.312Z', 0, NULL, NULL, NULL, NULL, 0, NULL, 0, NULL, 0, NULL, NULL, 0, NULL, 0);
INSERT INTO admissions (id, admission_id, patient_id, doctor_id, room_number, ward_type, admission_date, discharge_date, status, reason, diagnosis, notes, daily_cost, total_cost, initial_deposit, created_at, updated_at, additional_payments, current_room_id, current_ward_type, current_room_number, lastPaymentDate, total_discount, lastDiscountDate, lastDiscountAmount, lastDiscountReason, lastPaymentAmount, last_payment_date, last_discount_date, last_discount_amount, last_discount_reason, last_payment_amount) VALUES ('cad8ab63092c6b598a1aa2611c3aa514', 'ADM-2025-002', '81c17bd3964e9370097e5717ac896b8e', '9b25e50ddf70456e460eec7c08cbc98a', NULL, 'private', '2025-08-23', '2025-08-23T03:34:39.687Z', 'discharged', 'cdfdf', '', '', 1000, 0, 3000, '2025-08-23 03:28:48', '2025-08-23T03:34:39.568Z', 0, NULL, NULL, NULL, NULL, 0, NULL, 0, NULL, 0, NULL, NULL, 0, NULL, 0);
INSERT INTO admissions (id, admission_id, patient_id, doctor_id, room_number, ward_type, admission_date, discharge_date, status, reason, diagnosis, notes, daily_cost, total_cost, initial_deposit, created_at, updated_at, additional_payments, current_room_id, current_ward_type, current_room_number, lastPaymentDate, total_discount, lastDiscountDate, lastDiscountAmount, lastDiscountReason, lastPaymentAmount, last_payment_date, last_discount_date, last_discount_amount, last_discount_reason, last_payment_amount) VALUES ('9e1d80b25dedca4f6cedc47eaf8cc9f2', 'ADM-2025-003', '81c17bd3964e9370097e5717ac896b8e', '8a5d3fa53165827b7afbadc2cdeaf97b', NULL, 'icu', '2025-08-23', '2025-08-23T03:45:39.048Z', 'discharged', 'efw', '', '', 1200, 0, 3000, '2025-08-23 03:44:47', '2025-08-23T03:45:38.982Z', 0, NULL, NULL, NULL, NULL, 0, NULL, 0, NULL, 0, NULL, NULL, 0, NULL, 0);
INSERT INTO admissions (id, admission_id, patient_id, doctor_id, room_number, ward_type, admission_date, discharge_date, status, reason, diagnosis, notes, daily_cost, total_cost, initial_deposit, created_at, updated_at, additional_payments, current_room_id, current_ward_type, current_room_number, lastPaymentDate, total_discount, lastDiscountDate, lastDiscountAmount, lastDiscountReason, lastPaymentAmount, last_payment_date, last_discount_date, last_discount_amount, last_discount_reason, last_payment_amount) VALUES ('cf165a5a10aef16618f35ca3577375d5', 'ADM-2025-004', '0728f70605672699f3525e3bae548d6b', '9b25e50ddf70456e460eec7c08cbc98a', 'GW', 'general', '2025-08-23', '2025-08-23T08:43:11.610Z', 'discharged', '', '', '', 1000, 0, 2000, '2025-08-23 04:10:50', '2025-08-23T08:43:11.881Z', 0, NULL, NULL, NULL, NULL, 0, NULL, 0, NULL, 0, NULL, NULL, 0, NULL, 0);
INSERT INTO admissions (id, admission_id, patient_id, doctor_id, room_number, ward_type, admission_date, discharge_date, status, reason, diagnosis, notes, daily_cost, total_cost, initial_deposit, created_at, updated_at, additional_payments, current_room_id, current_ward_type, current_room_number, lastPaymentDate, total_discount, lastDiscountDate, lastDiscountAmount, lastDiscountReason, lastPaymentAmount, last_payment_date, last_discount_date, last_discount_amount, last_discount_reason, last_payment_amount) VALUES ('c64261b9e8d9d20daf8fbcddfe6d016b', 'ADM-2025-005', '2a624c5dc6529d3893ada1a46507573d', '8a5d3fa53165827b7afbadc2cdeaf97b', NULL, 'private', '2025-08-23', '2025-08-23T09:28:40.272Z', 'discharged', '', '', '', 1400, 0, 3500, '2025-08-23 09:21:54', '2025-08-23T09:28:40.542Z', 0, NULL, NULL, NULL, NULL, 0, NULL, 0, NULL, 0, NULL, NULL, 0, NULL, 0);
INSERT INTO admissions (id, admission_id, patient_id, doctor_id, room_number, ward_type, admission_date, discharge_date, status, reason, diagnosis, notes, daily_cost, total_cost, initial_deposit, created_at, updated_at, additional_payments, current_room_id, current_ward_type, current_room_number, lastPaymentDate, total_discount, lastDiscountDate, lastDiscountAmount, lastDiscountReason, lastPaymentAmount, last_payment_date, last_discount_date, last_discount_amount, last_discount_reason, last_payment_amount) VALUES ('85f90b7214005abb11306159d837d158', 'ADM-2025-006', '2a624c5dc6529d3893ada1a46507573d', '8a5d3fa53165827b7afbadc2cdeaf97b', NULL, 'AC Room', '2025-08-23', '2025-08-23T12:56:25.020Z', 'discharged', '', '', '', 200, 0, 0, '2025-08-23 12:56:03', '2025-08-23T12:56:25.633Z', 0, NULL, NULL, NULL, NULL, 0, NULL, 0, NULL, 0, NULL, NULL, 0, NULL, 0);
INSERT INTO admissions (id, admission_id, patient_id, doctor_id, room_number, ward_type, admission_date, discharge_date, status, reason, diagnosis, notes, daily_cost, total_cost, initial_deposit, created_at, updated_at, additional_payments, current_room_id, current_ward_type, current_room_number, lastPaymentDate, total_discount, lastDiscountDate, lastDiscountAmount, lastDiscountReason, lastPaymentAmount, last_payment_date, last_discount_date, last_discount_amount, last_discount_reason, last_payment_amount) VALUES ('237a17b0ba527016334f881e1f47d88d', 'ADM-2025-007', '2a624c5dc6529d3893ada1a46507573d', '8a5d3fa53165827b7afbadc2cdeaf97b', NULL, 'General Ward', '2025-08-24', '2025-08-23T18:59:40.772Z', 'discharged', '', '', '', 600, 0, 0, '2025-08-23 18:59:36', '2025-08-23T18:59:40.167Z', 0, NULL, NULL, NULL, NULL, 0, NULL, 0, NULL, 0, NULL, NULL, 0, NULL, 0);
INSERT INTO admissions (id, admission_id, patient_id, doctor_id, room_number, ward_type, admission_date, discharge_date, status, reason, diagnosis, notes, daily_cost, total_cost, initial_deposit, created_at, updated_at, additional_payments, current_room_id, current_ward_type, current_room_number, lastPaymentDate, total_discount, lastDiscountDate, lastDiscountAmount, lastDiscountReason, lastPaymentAmount, last_payment_date, last_discount_date, last_discount_amount, last_discount_reason, last_payment_amount) VALUES ('a9da5101aac9e59eb5db3a2f40bc44ac', 'ADM-2025-008', '2a624c5dc6529d3893ada1a46507573d', '8a5d3fa53165827b7afbadc2cdeaf97b', NULL, 'Private Room', '2025-08-24', '2025-08-24T16:54:47.993Z', 'discharged', '', '', '', 1400, 0, 0, '2025-08-24 16:53:09', '2025-08-24T16:54:48.197Z', 0, NULL, NULL, NULL, NULL, 0, NULL, 0, NULL, 0, NULL, NULL, 0, NULL, 0);
INSERT INTO admissions (id, admission_id, patient_id, doctor_id, room_number, ward_type, admission_date, discharge_date, status, reason, diagnosis, notes, daily_cost, total_cost, initial_deposit, created_at, updated_at, additional_payments, current_room_id, current_ward_type, current_room_number, lastPaymentDate, total_discount, lastDiscountDate, lastDiscountAmount, lastDiscountReason, lastPaymentAmount, last_payment_date, last_discount_date, last_discount_amount, last_discount_reason, last_payment_amount) VALUES ('f1618a836f8537a005bcb57cf8d3bf0a', 'ADM-2025-009', '2a624c5dc6529d3893ada1a46507573d', '8a5d3fa53165827b7afbadc2cdeaf97b', NULL, 'ICU', '2025-08-24', '2025-08-24T16:56:45.777Z', 'discharged', '', '', '', 1600, 0, 0, '2025-08-24 16:56:09', '2025-08-24T16:56:45.967Z', 0, NULL, NULL, NULL, NULL, 0, NULL, 0, NULL, 0, NULL, NULL, 0, NULL, 0);
INSERT INTO admissions (id, admission_id, patient_id, doctor_id, room_number, ward_type, admission_date, discharge_date, status, reason, diagnosis, notes, daily_cost, total_cost, initial_deposit, created_at, updated_at, additional_payments, current_room_id, current_ward_type, current_room_number, lastPaymentDate, total_discount, lastDiscountDate, lastDiscountAmount, lastDiscountReason, lastPaymentAmount, last_payment_date, last_discount_date, last_discount_amount, last_discount_reason, last_payment_amount) VALUES ('418013de119e3719183da22034ae43ab', 'ADM-2025-010', '3cae64d54afee015e3f202549cd5d852', '8a5d3fa53165827b7afbadc2cdeaf97b', '', 'Private Room', '2025-08-25', '2025-08-24T20:55:24.439Z', 'discharged', '', '', '', 1400, 0, 3500, '2025-08-24 20:49:33', '2025-08-24T20:55:23.971Z', 0, NULL, NULL, NULL, NULL, 0, NULL, 0, NULL, 0, NULL, NULL, 0, NULL, 0);
INSERT INTO admissions (id, admission_id, patient_id, doctor_id, room_number, ward_type, admission_date, discharge_date, status, reason, diagnosis, notes, daily_cost, total_cost, initial_deposit, created_at, updated_at, additional_payments, current_room_id, current_ward_type, current_room_number, lastPaymentDate, total_discount, lastDiscountDate, lastDiscountAmount, lastDiscountReason, lastPaymentAmount, last_payment_date, last_discount_date, last_discount_amount, last_discount_reason, last_payment_amount) VALUES ('226ddcc381ee1705e61ebadf83652509', 'ADM-2025-011', '3cae64d54afee015e3f202549cd5d852', '8a5d3fa53165827b7afbadc2cdeaf97b', 'PR-2', 'Private Room', '2025-08-25', '2025-08-24T21:15:49.979Z', 'discharged', '', '', '', 1400, 0, 3500, '2025-08-24 20:56:02', '2025-08-24T21:15:49.524Z', 0, NULL, NULL, NULL, NULL, 0, NULL, 0, NULL, 0, NULL, NULL, 0, NULL, 0);
INSERT INTO admissions (id, admission_id, patient_id, doctor_id, room_number, ward_type, admission_date, discharge_date, status, reason, diagnosis, notes, daily_cost, total_cost, initial_deposit, created_at, updated_at, additional_payments, current_room_id, current_ward_type, current_room_number, lastPaymentDate, total_discount, lastDiscountDate, lastDiscountAmount, lastDiscountReason, lastPaymentAmount, last_payment_date, last_discount_date, last_discount_amount, last_discount_reason, last_payment_amount) VALUES ('391a683eec8eb993352b3f817bb6e2f0', 'ADM-2025-012', '943d00ccd6bbebd287eab818d220ca67', '8a5d3fa53165827b7afbadc2cdeaf97b', 'C-1', 'Casualty', '2025-08-25', '2025-08-24T21:57:10.953Z', 'discharged', '', '', '', 1200, 0, 1200, '2025-08-24 21:55:34', '2025-08-24T21:57:10.475Z', 0, NULL, NULL, NULL, NULL, 0, NULL, 0, NULL, 0, NULL, NULL, 0, NULL, 0);
INSERT INTO admissions (id, admission_id, patient_id, doctor_id, room_number, ward_type, admission_date, discharge_date, status, reason, diagnosis, notes, daily_cost, total_cost, initial_deposit, created_at, updated_at, additional_payments, current_room_id, current_ward_type, current_room_number, lastPaymentDate, total_discount, lastDiscountDate, lastDiscountAmount, lastDiscountReason, lastPaymentAmount, last_payment_date, last_discount_date, last_discount_amount, last_discount_reason, last_payment_amount) VALUES ('b9cb11d1703abf7b825f91499ff41f85', 'ADM-2025-013', '943d00ccd6bbebd287eab818d220ca67', '8a5d3fa53165827b7afbadc2cdeaf97b', '12', 'AC Room', '2025-08-25', '2025-08-24T22:15:49.917Z', 'discharged', '', '', '', 600, 0, 0, '2025-08-24 22:01:43', '2025-08-24T22:15:49.443Z', 0, NULL, NULL, NULL, NULL, 0, NULL, 0, NULL, 0, NULL, NULL, 0, NULL, 0);
INSERT INTO admissions (id, admission_id, patient_id, doctor_id, room_number, ward_type, admission_date, discharge_date, status, reason, diagnosis, notes, daily_cost, total_cost, initial_deposit, created_at, updated_at, additional_payments, current_room_id, current_ward_type, current_room_number, lastPaymentDate, total_discount, lastDiscountDate, lastDiscountAmount, lastDiscountReason, lastPaymentAmount, last_payment_date, last_discount_date, last_discount_amount, last_discount_reason, last_payment_amount) VALUES ('37b4b2f2793723fbde0e01f67fb8dabc', 'ADM-2025-014', '943d00ccd6bbebd287eab818d220ca67', '8a5d3fa53165827b7afbadc2cdeaf97b', 'sd', 'General Ward', '2025-08-25', '2025-09-03T21:31:06.048Z', 'discharged', '', '', '', 1600, 0, 0, '2025-08-24 22:16:19', '2025-09-03T21:31:06.048Z', 0, NULL, NULL, NULL, NULL, 0, NULL, 0, NULL, 0, NULL, NULL, 0, NULL, 0);
INSERT INTO admissions (id, admission_id, patient_id, doctor_id, room_number, ward_type, admission_date, discharge_date, status, reason, diagnosis, notes, daily_cost, total_cost, initial_deposit, created_at, updated_at, additional_payments, current_room_id, current_ward_type, current_room_number, lastPaymentDate, total_discount, lastDiscountDate, lastDiscountAmount, lastDiscountReason, lastPaymentAmount, last_payment_date, last_discount_date, last_discount_amount, last_discount_reason, last_payment_amount) VALUES ('1d81babe81b84a8f5b442a8b7220be0e', 'ADM-2025-015', '394d152a418054267667e6d197c2485f', '8a5d3fa53165827b7afbadc2cdeaf97b', 'GW-12', 'General Ward', '2025-08-25', '2025-08-25T09:25:29.520Z', 'discharged', '', '', '', 600, 0, 2000, '2025-08-25 09:25:17', '2025-08-25T09:26:26.876Z', 1090, NULL, NULL, NULL, NULL, 0, NULL, 0, NULL, 0, NULL, NULL, 0, NULL, 0);
INSERT INTO admissions (id, admission_id, patient_id, doctor_id, room_number, ward_type, admission_date, discharge_date, status, reason, diagnosis, notes, daily_cost, total_cost, initial_deposit, created_at, updated_at, additional_payments, current_room_id, current_ward_type, current_room_number, lastPaymentDate, total_discount, lastDiscountDate, lastDiscountAmount, lastDiscountReason, lastPaymentAmount, last_payment_date, last_discount_date, last_discount_amount, last_discount_reason, last_payment_amount) VALUES ('3def0a9d55271f8d204d773397a2b054', 'ADM-2025-016', 'b2e6b51111f3ddeb2c341ff4059e9990', '8a5d3fa53165827b7afbadc2cdeaf97b', 'C1', 'Casualty', '2025-08-25', '2025-08-25T09:43:14.618Z', 'discharged', '', '', '', 1600, 0, 3500, '2025-08-25 09:28:50', '2025-08-25T09:43:14.067Z', 0, NULL, NULL, NULL, NULL, 0, NULL, 0, NULL, 0, NULL, NULL, 0, NULL, 0);
INSERT INTO admissions (id, admission_id, patient_id, doctor_id, room_number, ward_type, admission_date, discharge_date, status, reason, diagnosis, notes, daily_cost, total_cost, initial_deposit, created_at, updated_at, additional_payments, current_room_id, current_ward_type, current_room_number, lastPaymentDate, total_discount, lastDiscountDate, lastDiscountAmount, lastDiscountReason, lastPaymentAmount, last_payment_date, last_discount_date, last_discount_amount, last_discount_reason, last_payment_amount) VALUES ('e2c151ed25385588e5777d9100fafba2', 'ADM-2025-017', 'b2e6b51111f3ddeb2c341ff4059e9990', '8a5d3fa53165827b7afbadc2cdeaf97b', 'NR-F-1', 'Nursing Room', '2025-08-25', '2025-08-25T09:56:41.268Z', 'discharged', '', '', '', 800, 0, 0, '2025-08-25 09:43:30', '2025-08-25T09:56:40.889Z', 1960, NULL, NULL, NULL, NULL, 0, NULL, 0, NULL, 0, NULL, NULL, 0, NULL, 0);
INSERT INTO admissions (id, admission_id, patient_id, doctor_id, room_number, ward_type, admission_date, discharge_date, status, reason, diagnosis, notes, daily_cost, total_cost, initial_deposit, created_at, updated_at, additional_payments, current_room_id, current_ward_type, current_room_number, lastPaymentDate, total_discount, lastDiscountDate, lastDiscountAmount, lastDiscountReason, lastPaymentAmount, last_payment_date, last_discount_date, last_discount_amount, last_discount_reason, last_payment_amount) VALUES ('d98db9fedf6d1ab731634b5a6a5720e3', 'ADM-2025-018', 'b2e6b51111f3ddeb2c341ff4059e9990', '8a5d3fa53165827b7afbadc2cdeaf97b', 'NR-F-1', 'Nursing Room', '2025-08-25', '2025-08-25T09:56:40.907Z', 'discharged', '', '', '', 800, 0, 0, '2025-08-25 09:56:40', '2025-08-25 09:56:40', 1960, NULL, NULL, NULL, NULL, 0, NULL, 0, NULL, 0, NULL, NULL, 0, NULL, 0);
INSERT INTO admissions (id, admission_id, patient_id, doctor_id, room_number, ward_type, admission_date, discharge_date, status, reason, diagnosis, notes, daily_cost, total_cost, initial_deposit, created_at, updated_at, additional_payments, current_room_id, current_ward_type, current_room_number, lastPaymentDate, total_discount, lastDiscountDate, lastDiscountAmount, lastDiscountReason, lastPaymentAmount, last_payment_date, last_discount_date, last_discount_amount, last_discount_reason, last_payment_amount) VALUES ('820107d57a7dc43d6150db28b57cfb96', 'ADM-2025-019', '527c3cbca2852a0b2c74da51ccb1cf11', '8a5d3fa53165827b7afbadc2cdeaf97b', 'PR-3', 'Private Room', '2025-08-25', '2025-08-25T09:59:09.930Z', 'discharged', 'dfdsfvz', '', '', 1400, 0, 3000, '2025-08-25 09:58:21', '2025-08-25T09:59:09.565Z', 0, NULL, NULL, NULL, NULL, 0, NULL, 0, NULL, 0, NULL, NULL, 0, NULL, 0);
INSERT INTO admissions (id, admission_id, patient_id, doctor_id, room_number, ward_type, admission_date, discharge_date, status, reason, diagnosis, notes, daily_cost, total_cost, initial_deposit, created_at, updated_at, additional_payments, current_room_id, current_ward_type, current_room_number, lastPaymentDate, total_discount, lastDiscountDate, lastDiscountAmount, lastDiscountReason, lastPaymentAmount, last_payment_date, last_discount_date, last_discount_amount, last_discount_reason, last_payment_amount) VALUES ('a2687fc12890252975625e5b5fb338d6', 'ADM-2025-020', '527c3cbca2852a0b2c74da51ccb1cf11', '8a5d3fa53165827b7afbadc2cdeaf97b', 'PR-3', 'Private Room', '2025-08-25', '2025-08-25T09:59:09.549Z', 'discharged', 'dfdsfvz', '', '', 1400, 0, 3000, '2025-08-25 09:59:09', '2025-08-25 09:59:09', 0, NULL, NULL, NULL, NULL, 0, NULL, 0, NULL, 0, NULL, NULL, 0, NULL, 0);
INSERT INTO admissions (id, admission_id, patient_id, doctor_id, room_number, ward_type, admission_date, discharge_date, status, reason, diagnosis, notes, daily_cost, total_cost, initial_deposit, created_at, updated_at, additional_payments, current_room_id, current_ward_type, current_room_number, lastPaymentDate, total_discount, lastDiscountDate, lastDiscountAmount, lastDiscountReason, lastPaymentAmount, last_payment_date, last_discount_date, last_discount_amount, last_discount_reason, last_payment_amount) VALUES ('d6c6904e813e2f1c1295144f822839cd', 'ADM-2025-021', '527c3cbca2852a0b2c74da51ccb1cf11', '8a5d3fa53165827b7afbadc2cdeaf97b', 'C-2', 'Casualty', '2025-08-25', NULL, 'transferred', '', '', 'Transferred to General Ward (GW-09)', 1200, 0, 0, '2025-08-25 09:59:38', '2025-08-25T09:59:49.482Z', 0, NULL, NULL, NULL, NULL, 0, NULL, 0, NULL, 0, NULL, NULL, 0, NULL, 0);
INSERT INTO admissions (id, admission_id, patient_id, doctor_id, room_number, ward_type, admission_date, discharge_date, status, reason, diagnosis, notes, daily_cost, total_cost, initial_deposit, created_at, updated_at, additional_payments, current_room_id, current_ward_type, current_room_number, lastPaymentDate, total_discount, lastDiscountDate, lastDiscountAmount, lastDiscountReason, lastPaymentAmount, last_payment_date, last_discount_date, last_discount_amount, last_discount_reason, last_payment_amount) VALUES ('8f8eb3aa70d8ca0516a60c3a05924a2c', 'ADM-2025-022', '527c3cbca2852a0b2c74da51ccb1cf11', '8a5d3fa53165827b7afbadc2cdeaf97b', 'GW-09', 'General Ward', '2025-08-25', NULL, 'transferred', '', '', 'Transferred to General Ward (GW-09)', 1200, 0, 0, '2025-08-25 09:59:49', '2025-08-25T10:03:52.602Z', 0, NULL, NULL, NULL, NULL, 0, NULL, 0, NULL, 0, NULL, NULL, 0, NULL, 0);
INSERT INTO admissions (id, admission_id, patient_id, doctor_id, room_number, ward_type, admission_date, discharge_date, status, reason, diagnosis, notes, daily_cost, total_cost, initial_deposit, created_at, updated_at, additional_payments, current_room_id, current_ward_type, current_room_number, lastPaymentDate, total_discount, lastDiscountDate, lastDiscountAmount, lastDiscountReason, lastPaymentAmount, last_payment_date, last_discount_date, last_discount_amount, last_discount_reason, last_payment_amount) VALUES ('6a6d38d0dad4245dea5df21a1dd5e08c', 'ADM-2025-023', '527c3cbca2852a0b2c74da51ccb1cf11', '8a5d3fa53165827b7afbadc2cdeaf97b', 'GW-09', 'General Ward', '2025-08-25', '2025-09-03T21:31:29.996Z', 'discharged', '', '', 'Room transferred from General Ward (GW-09) to General Ward (GW-09)', 1200, 0, 0, '2025-08-25 10:03:52', '2025-09-03T21:31:29.996Z', 0, NULL, NULL, NULL, NULL, 0, NULL, 0, NULL, 0, NULL, NULL, 0, NULL, 0);
INSERT INTO admissions (id, admission_id, patient_id, doctor_id, room_number, ward_type, admission_date, discharge_date, status, reason, diagnosis, notes, daily_cost, total_cost, initial_deposit, created_at, updated_at, additional_payments, current_room_id, current_ward_type, current_room_number, lastPaymentDate, total_discount, lastDiscountDate, lastDiscountAmount, lastDiscountReason, lastPaymentAmount, last_payment_date, last_discount_date, last_discount_amount, last_discount_reason, last_payment_amount) VALUES ('ed293a892939e40b3eaf99da9e3fa8d4', 'ADM-2025-024', '553e88102b23c6f7bd48ad7f03417a96', '8a5d3fa53165827b7afbadc2cdeaf97b', 'GW-05', 'General Ward', '2025-08-25', NULL, 'room updated', '', '', 'Transferred to Casualty (C-2)', 600, 0, 2000, '2025-08-25 12:03:26', '2025-08-25T12:04:59.182Z', 1100, NULL, NULL, NULL, NULL, 0, NULL, 0, NULL, 0, NULL, NULL, 0, NULL, 0);
INSERT INTO admissions (id, admission_id, patient_id, doctor_id, room_number, ward_type, admission_date, discharge_date, status, reason, diagnosis, notes, daily_cost, total_cost, initial_deposit, created_at, updated_at, additional_payments, current_room_id, current_ward_type, current_room_number, lastPaymentDate, total_discount, lastDiscountDate, lastDiscountAmount, lastDiscountReason, lastPaymentAmount, last_payment_date, last_discount_date, last_discount_amount, last_discount_reason, last_payment_amount) VALUES ('603647e257da5f45c2973bfed782432f', 'ADM-2025-025', '553e88102b23c6f7bd48ad7f03417a96', '8a5d3fa53165827b7afbadc2cdeaf97b', 'C-2', 'Casualty', '2025-08-25', '2025-08-25T12:05:24.038Z', 'discharged', '', '', 'Room transferred from General Ward (GW-05) to Casualty (C-2)', 600, 0, 2000, '2025-08-25 12:04:58', '2025-08-25T12:05:24.190Z', 1100, NULL, NULL, NULL, NULL, 0, NULL, 0, NULL, 0, NULL, NULL, 0, NULL, 0);
INSERT INTO admissions (id, admission_id, patient_id, doctor_id, room_number, ward_type, admission_date, discharge_date, status, reason, diagnosis, notes, daily_cost, total_cost, initial_deposit, created_at, updated_at, additional_payments, current_room_id, current_ward_type, current_room_number, lastPaymentDate, total_discount, lastDiscountDate, lastDiscountAmount, lastDiscountReason, lastPaymentAmount, last_payment_date, last_discount_date, last_discount_amount, last_discount_reason, last_payment_amount) VALUES ('b2f8593e9a158359ba8e6ef72431538d', 'ADM-2025-026', '553e88102b23c6f7bd48ad7f03417a96', '8a5d3fa53165827b7afbadc2cdeaf97b', 'C-2', 'Casualty', '2025-08-25', '2025-08-25T12:05:23.626Z', 'discharged', '', '', 'Room transferred from General Ward (GW-05) to Casualty (C-2)', 600, 0, 2000, '2025-08-25 12:05:23', '2025-08-25 12:05:23', 1100, NULL, NULL, NULL, NULL, 0, NULL, 0, NULL, 0, NULL, NULL, 0, NULL, 0);
INSERT INTO admissions (id, admission_id, patient_id, doctor_id, room_number, ward_type, admission_date, discharge_date, status, reason, diagnosis, notes, daily_cost, total_cost, initial_deposit, created_at, updated_at, additional_payments, current_room_id, current_ward_type, current_room_number, lastPaymentDate, total_discount, lastDiscountDate, lastDiscountAmount, lastDiscountReason, lastPaymentAmount, last_payment_date, last_discount_date, last_discount_amount, last_discount_reason, last_payment_amount) VALUES ('2ce68146f7e16856abbd0df57c3903e3', 'ADM-2025-027', 'a02be052a1eb8b53d2bd4963ae9e30aa', '8a5d3fa53165827b7afbadc2cdeaf97b', 'GW-07', 'General Ward', '2025-08-26', '2025-08-26T13:26:37.015Z', 'discharged', '', '', '', 600, 0, 2000, '2025-08-26 13:18:21', '2025-08-26T13:26:37.018Z', 0, NULL, NULL, NULL, NULL, 0, NULL, 0, NULL, 0, NULL, NULL, 0, NULL, 0);
INSERT INTO admissions (id, admission_id, patient_id, doctor_id, room_number, ward_type, admission_date, discharge_date, status, reason, diagnosis, notes, daily_cost, total_cost, initial_deposit, created_at, updated_at, additional_payments, current_room_id, current_ward_type, current_room_number, lastPaymentDate, total_discount, lastDiscountDate, lastDiscountAmount, lastDiscountReason, lastPaymentAmount, last_payment_date, last_discount_date, last_discount_amount, last_discount_reason, last_payment_amount) VALUES ('8fe307183396f3a401919b8a9f03d0cc', 'ADM-2025-028', 'a02be052a1eb8b53d2bd4963ae9e30aa', '8a5d3fa53165827b7afbadc2cdeaf97b', 'GW-07', 'General Ward', '2025-08-26', '2025-08-26T13:26:36.992Z', 'discharged', '', '', '', 600, 0, 2000, '2025-08-26 13:26:36', '2025-08-26 13:26:36', 0, NULL, NULL, NULL, NULL, 0, NULL, 0, NULL, 0, NULL, NULL, 0, NULL, 0);
INSERT INTO admissions (id, admission_id, patient_id, doctor_id, room_number, ward_type, admission_date, discharge_date, status, reason, diagnosis, notes, daily_cost, total_cost, initial_deposit, created_at, updated_at, additional_payments, current_room_id, current_ward_type, current_room_number, lastPaymentDate, total_discount, lastDiscountDate, lastDiscountAmount, lastDiscountReason, lastPaymentAmount, last_payment_date, last_discount_date, last_discount_amount, last_discount_reason, last_payment_amount) VALUES ('1eaa988ab39a90a1ec98263326d84dad', 'ADM-2025-029', 'f5a63a74f5f3a4cd02a82c228cae7176', '8a5d3fa53165827b7afbadc2cdeaf97b', 'C-2', 'Casualty', '2025-08-27', '2025-08-27T06:55:58.026Z', 'discharged', '', '', '', 1200, 0, 0, '2025-08-27 06:44:03', '2025-08-27T06:55:58.022Z', 0, NULL, NULL, NULL, NULL, 0, NULL, 0, NULL, 0, NULL, NULL, 0, NULL, 0);
INSERT INTO admissions (id, admission_id, patient_id, doctor_id, room_number, ward_type, admission_date, discharge_date, status, reason, diagnosis, notes, daily_cost, total_cost, initial_deposit, created_at, updated_at, additional_payments, current_room_id, current_ward_type, current_room_number, lastPaymentDate, total_discount, lastDiscountDate, lastDiscountAmount, lastDiscountReason, lastPaymentAmount, last_payment_date, last_discount_date, last_discount_amount, last_discount_reason, last_payment_amount) VALUES ('4673f973d1a85fe0ece41f744a9e464d', 'ADM-2025-030', 'f5a63a74f5f3a4cd02a82c228cae7176', '8a5d3fa53165827b7afbadc2cdeaf97b', 'C-2', 'Casualty', '2025-08-27', '2025-08-27T06:55:57.964Z', 'discharged', '', '', '', 1200, 0, 0, '2025-08-27 06:55:57', '2025-08-27 06:55:57', 0, NULL, NULL, NULL, NULL, 0, NULL, 0, NULL, 0, NULL, NULL, 0, NULL, 0);
INSERT INTO admissions (id, admission_id, patient_id, doctor_id, room_number, ward_type, admission_date, discharge_date, status, reason, diagnosis, notes, daily_cost, total_cost, initial_deposit, created_at, updated_at, additional_payments, current_room_id, current_ward_type, current_room_number, lastPaymentDate, total_discount, lastDiscountDate, lastDiscountAmount, lastDiscountReason, lastPaymentAmount, last_payment_date, last_discount_date, last_discount_amount, last_discount_reason, last_payment_amount) VALUES ('ecf728b747d9976c6e18ba240270e512', 'ADM-2025-031', 'f5a63a74f5f3a4cd02a82c228cae7176', '9b25e50ddf70456e460eec7c08cbc98a', 'GW-05', 'General Ward', '2025-08-27', '2025-08-27T07:18:57.621Z', 'discharged', '', '', '', 600, 0, 0, '2025-08-27 06:56:18', '2025-08-27T07:18:57.624Z', 0, NULL, NULL, NULL, NULL, 0, NULL, 0, NULL, 0, NULL, NULL, 0, NULL, 0);
INSERT INTO admissions (id, admission_id, patient_id, doctor_id, room_number, ward_type, admission_date, discharge_date, status, reason, diagnosis, notes, daily_cost, total_cost, initial_deposit, created_at, updated_at, additional_payments, current_room_id, current_ward_type, current_room_number, lastPaymentDate, total_discount, lastDiscountDate, lastDiscountAmount, lastDiscountReason, lastPaymentAmount, last_payment_date, last_discount_date, last_discount_amount, last_discount_reason, last_payment_amount) VALUES ('5276c81d7dff54d2512e085da3d183b8', 'ADM-2025-032', 'f5a63a74f5f3a4cd02a82c228cae7176', '9b25e50ddf70456e460eec7c08cbc98a', 'GW-05', 'General Ward', '2025-08-27T00:00:00.000Z', '2025-08-27T07:18:57.579Z', 'discharged', '', '', '', 600, 0, 0, '2025-08-27 07:18:57', '2025-08-27 07:18:57', 0, NULL, NULL, NULL, NULL, 0, NULL, 0, NULL, 0, NULL, NULL, 0, NULL, 0);
INSERT INTO admissions (id, admission_id, patient_id, doctor_id, room_number, ward_type, admission_date, discharge_date, status, reason, diagnosis, notes, daily_cost, total_cost, initial_deposit, created_at, updated_at, additional_payments, current_room_id, current_ward_type, current_room_number, lastPaymentDate, total_discount, lastDiscountDate, lastDiscountAmount, lastDiscountReason, lastPaymentAmount, last_payment_date, last_discount_date, last_discount_amount, last_discount_reason, last_payment_amount) VALUES ('87891c9d3e3f9981ca567bef50ba4007', 'ADM-2025-033', 'f5a63a74f5f3a4cd02a82c228cae7176', '8a5d3fa53165827b7afbadc2cdeaf97b', 'GW-04', 'General Ward', '2025-08-27T00:00:00.000Z', '2025-08-27T07:19:20.568Z', 'discharged', '', '', '', 600, 0, 0, '2025-08-27 07:19:08', '2025-08-27T07:19:20.570Z', 0, NULL, NULL, NULL, NULL, 0, NULL, 0, NULL, 0, NULL, NULL, 0, NULL, 0);
INSERT INTO admissions (id, admission_id, patient_id, doctor_id, room_number, ward_type, admission_date, discharge_date, status, reason, diagnosis, notes, daily_cost, total_cost, initial_deposit, created_at, updated_at, additional_payments, current_room_id, current_ward_type, current_room_number, lastPaymentDate, total_discount, lastDiscountDate, lastDiscountAmount, lastDiscountReason, lastPaymentAmount, last_payment_date, last_discount_date, last_discount_amount, last_discount_reason, last_payment_amount) VALUES ('f981141a39f488c6e5f23b10288b7b21', 'ADM-2025-034', 'f5a63a74f5f3a4cd02a82c228cae7176', '8a5d3fa53165827b7afbadc2cdeaf97b', 'GW-04', 'General Ward', '2025-08-27T00:00:00.000Z', '2025-08-27T07:19:20.546Z', 'discharged', '', '', '', 600, 0, 0, '2025-08-27 07:19:20', '2025-08-27 07:19:20', 0, NULL, NULL, NULL, NULL, 0, NULL, 0, NULL, 0, NULL, NULL, 0, NULL, 0);
INSERT INTO admissions (id, admission_id, patient_id, doctor_id, room_number, ward_type, admission_date, discharge_date, status, reason, diagnosis, notes, daily_cost, total_cost, initial_deposit, created_at, updated_at, additional_payments, current_room_id, current_ward_type, current_room_number, lastPaymentDate, total_discount, lastDiscountDate, lastDiscountAmount, lastDiscountReason, lastPaymentAmount, last_payment_date, last_discount_date, last_discount_amount, last_discount_reason, last_payment_amount) VALUES ('41be3a1faeec4c6815facabd26ddfc6e', 'ADM-2025-035', 'f5a63a74f5f3a4cd02a82c228cae7176', '8a5d3fa53165827b7afbadc2cdeaf97b', 'NR-B-2', 'Nursing Room', '2025-08-27T00:00:00.000Z', '2025-08-27T07:19:50.382Z', 'discharged', '', '', '', 800, 0, 0, '2025-08-27 07:19:43', '2025-08-27T07:19:50.383Z', 0, NULL, NULL, NULL, NULL, 0, NULL, 0, NULL, 0, NULL, NULL, 0, NULL, 0);
INSERT INTO admissions (id, admission_id, patient_id, doctor_id, room_number, ward_type, admission_date, discharge_date, status, reason, diagnosis, notes, daily_cost, total_cost, initial_deposit, created_at, updated_at, additional_payments, current_room_id, current_ward_type, current_room_number, lastPaymentDate, total_discount, lastDiscountDate, lastDiscountAmount, lastDiscountReason, lastPaymentAmount, last_payment_date, last_discount_date, last_discount_amount, last_discount_reason, last_payment_amount) VALUES ('e3d64569a3c8ddac3b82e73b2d619a5f', 'ADM-2025-036', 'f5a63a74f5f3a4cd02a82c228cae7176', '8a5d3fa53165827b7afbadc2cdeaf97b', 'NR-B-2', 'Nursing Room', '2025-08-27T00:00:00.000Z', '2025-08-27T07:19:50.362Z', 'discharged', '', '', '', 800, 0, 0, '2025-08-27 07:19:50', '2025-08-27 07:19:50', 0, NULL, NULL, NULL, NULL, 0, NULL, 0, NULL, 0, NULL, NULL, 0, NULL, 0);
INSERT INTO admissions (id, admission_id, patient_id, doctor_id, room_number, ward_type, admission_date, discharge_date, status, reason, diagnosis, notes, daily_cost, total_cost, initial_deposit, created_at, updated_at, additional_payments, current_room_id, current_ward_type, current_room_number, lastPaymentDate, total_discount, lastDiscountDate, lastDiscountAmount, lastDiscountReason, lastPaymentAmount, last_payment_date, last_discount_date, last_discount_amount, last_discount_reason, last_payment_amount) VALUES ('dfff6d02b19fc782cd320ad6a31286dd', 'ADM-2025-037', 'f5a63a74f5f3a4cd02a82c228cae7176', '9b25e50ddf70456e460eec7c08cbc98a', 'ICU-2', 'ICU', '2025-08-27T00:00:00.000Z', '2025-08-27T07:46:27.265Z', 'discharged', '', '', '', 1600, 0, 0, '2025-08-27 07:20:03', '2025-08-27 13:16:27', 0, NULL, NULL, NULL, NULL, 0, NULL, 0, NULL, 0, NULL, NULL, 0, NULL, 0);
INSERT INTO admissions (id, admission_id, patient_id, doctor_id, room_number, ward_type, admission_date, discharge_date, status, reason, diagnosis, notes, daily_cost, total_cost, initial_deposit, created_at, updated_at, additional_payments, current_room_id, current_ward_type, current_room_number, lastPaymentDate, total_discount, lastDiscountDate, lastDiscountAmount, lastDiscountReason, lastPaymentAmount, last_payment_date, last_discount_date, last_discount_amount, last_discount_reason, last_payment_amount) VALUES ('a96ac0bb65e2bd4ed1e471f25fbf7d19', 'ADM-2025-038', 'f5a63a74f5f3a4cd02a82c228cae7176', '9b25e50ddf70456e460eec7c08cbc98a', 'ICU-2', 'ICU', '2025-08-27T00:00:00.000Z', '2025-08-27T07:24:24.442Z', 'discharged', '', '', '', 1600, 0, 0, '2025-08-27 07:24:24', '2025-08-27 07:24:24', 0, NULL, NULL, NULL, NULL, 0, NULL, 0, NULL, 0, NULL, NULL, 0, NULL, 0);
INSERT INTO admissions (id, admission_id, patient_id, doctor_id, room_number, ward_type, admission_date, discharge_date, status, reason, diagnosis, notes, daily_cost, total_cost, initial_deposit, created_at, updated_at, additional_payments, current_room_id, current_ward_type, current_room_number, lastPaymentDate, total_discount, lastDiscountDate, lastDiscountAmount, lastDiscountReason, lastPaymentAmount, last_payment_date, last_discount_date, last_discount_amount, last_discount_reason, last_payment_amount) VALUES ('4f1b929558574cbabb4e67736bcc976d', 'ADM-2025-039', 'f5a63a74f5f3a4cd02a82c228cae7176', '9b25e50ddf70456e460eec7c08cbc98a', 'ICU-2', 'ICU', '2025-08-27T00:00:00.000Z', '2025-08-27T07:24:26.712Z', 'discharged', '', '', '', 1600, 0, 0, '2025-08-27 07:24:26', '2025-08-27 07:24:26', 0, NULL, NULL, NULL, NULL, 0, NULL, 0, NULL, 0, NULL, NULL, 0, NULL, 0);
INSERT INTO admissions (id, admission_id, patient_id, doctor_id, room_number, ward_type, admission_date, discharge_date, status, reason, diagnosis, notes, daily_cost, total_cost, initial_deposit, created_at, updated_at, additional_payments, current_room_id, current_ward_type, current_room_number, lastPaymentDate, total_discount, lastDiscountDate, lastDiscountAmount, lastDiscountReason, lastPaymentAmount, last_payment_date, last_discount_date, last_discount_amount, last_discount_reason, last_payment_amount) VALUES ('ca9e557d0e790903d1323e3a0eabbfdf', 'ADM-2025-040', 'f5a63a74f5f3a4cd02a82c228cae7176', '9b25e50ddf70456e460eec7c08cbc98a', 'ICU-2', 'ICU', '2025-08-27T00:00:00.000Z', '2025-08-27T07:24:27.123Z', 'discharged', '', '', '', 1600, 0, 0, '2025-08-27 07:24:27', '2025-08-27 07:24:27', 0, NULL, NULL, NULL, NULL, 0, NULL, 0, NULL, 0, NULL, NULL, 0, NULL, 0);
INSERT INTO admissions (id, admission_id, patient_id, doctor_id, room_number, ward_type, admission_date, discharge_date, status, reason, diagnosis, notes, daily_cost, total_cost, initial_deposit, created_at, updated_at, additional_payments, current_room_id, current_ward_type, current_room_number, lastPaymentDate, total_discount, lastDiscountDate, lastDiscountAmount, lastDiscountReason, lastPaymentAmount, last_payment_date, last_discount_date, last_discount_amount, last_discount_reason, last_payment_amount) VALUES ('92d4ce79b7e3b2ac201ceba0a1b37a6c', 'ADM-2025-041', 'f5a63a74f5f3a4cd02a82c228cae7176', '9b25e50ddf70456e460eec7c08cbc98a', 'ICU-2', 'ICU', '2025-08-27T00:00:00.000Z', '2025-08-27T07:24:27.763Z', 'discharged', '', '', '', 1600, 0, 0, '2025-08-27 07:24:27', '2025-08-27 07:24:27', 0, NULL, NULL, NULL, NULL, 0, NULL, 0, NULL, 0, NULL, NULL, 0, NULL, 0);
INSERT INTO admissions (id, admission_id, patient_id, doctor_id, room_number, ward_type, admission_date, discharge_date, status, reason, diagnosis, notes, daily_cost, total_cost, initial_deposit, created_at, updated_at, additional_payments, current_room_id, current_ward_type, current_room_number, lastPaymentDate, total_discount, lastDiscountDate, lastDiscountAmount, lastDiscountReason, lastPaymentAmount, last_payment_date, last_discount_date, last_discount_amount, last_discount_reason, last_payment_amount) VALUES ('19cca6885cf7a4b7ecebb5402638ebe1', 'ADM-2025-042', 'f5a63a74f5f3a4cd02a82c228cae7176', '9b25e50ddf70456e460eec7c08cbc98a', 'ICU-2', 'ICU', '2025-08-27T00:00:00.000Z', '2025-08-27T07:24:28.145Z', 'discharged', '', '', '', 1600, 0, 0, '2025-08-27 07:24:28', '2025-08-27 07:24:28', 0, NULL, NULL, NULL, NULL, 0, NULL, 0, NULL, 0, NULL, NULL, 0, NULL, 0);
INSERT INTO admissions (id, admission_id, patient_id, doctor_id, room_number, ward_type, admission_date, discharge_date, status, reason, diagnosis, notes, daily_cost, total_cost, initial_deposit, created_at, updated_at, additional_payments, current_room_id, current_ward_type, current_room_number, lastPaymentDate, total_discount, lastDiscountDate, lastDiscountAmount, lastDiscountReason, lastPaymentAmount, last_payment_date, last_discount_date, last_discount_amount, last_discount_reason, last_payment_amount) VALUES ('bda74d3205d7023c3b3d1baf69d4a0c8', 'ADM-2025-043', 'f5a63a74f5f3a4cd02a82c228cae7176', '9b25e50ddf70456e460eec7c08cbc98a', 'ICU-2', 'ICU', '2025-08-27T00:00:00.000Z', '2025-08-27T07:24:28.859Z', 'discharged', '', '', '', 1600, 0, 0, '2025-08-27 07:24:28', '2025-08-27 07:24:28', 0, NULL, NULL, NULL, NULL, 0, NULL, 0, NULL, 0, NULL, NULL, 0, NULL, 0);
INSERT INTO admissions (id, admission_id, patient_id, doctor_id, room_number, ward_type, admission_date, discharge_date, status, reason, diagnosis, notes, daily_cost, total_cost, initial_deposit, created_at, updated_at, additional_payments, current_room_id, current_ward_type, current_room_number, lastPaymentDate, total_discount, lastDiscountDate, lastDiscountAmount, lastDiscountReason, lastPaymentAmount, last_payment_date, last_discount_date, last_discount_amount, last_discount_reason, last_payment_amount) VALUES ('5acc91325978082048b4b69e033c0837', 'ADM-2025-044', 'f5a63a74f5f3a4cd02a82c228cae7176', '9b25e50ddf70456e460eec7c08cbc98a', 'ICU-2', 'ICU', '2025-08-27T00:00:00.000Z', '2025-08-27T07:24:29.330Z', 'discharged', '', '', '', 1600, 0, 0, '2025-08-27 07:24:29', '2025-08-27 07:24:29', 0, NULL, NULL, NULL, NULL, 0, NULL, 0, NULL, 0, NULL, NULL, 0, NULL, 0);
INSERT INTO admissions (id, admission_id, patient_id, doctor_id, room_number, ward_type, admission_date, discharge_date, status, reason, diagnosis, notes, daily_cost, total_cost, initial_deposit, created_at, updated_at, additional_payments, current_room_id, current_ward_type, current_room_number, lastPaymentDate, total_discount, lastDiscountDate, lastDiscountAmount, lastDiscountReason, lastPaymentAmount, last_payment_date, last_discount_date, last_discount_amount, last_discount_reason, last_payment_amount) VALUES ('ee9fdbf4dfcc4d544b42a67302cc859a', 'ADM-2025-045', 'f5a63a74f5f3a4cd02a82c228cae7176', '9b25e50ddf70456e460eec7c08cbc98a', 'ICU-2', 'ICU', '2025-08-27T00:00:00.000Z', '2025-08-27T07:24:29.769Z', 'discharged', '', '', '', 1600, 0, 0, '2025-08-27 07:24:29', '2025-08-27 07:24:29', 0, NULL, NULL, NULL, NULL, 0, NULL, 0, NULL, 0, NULL, NULL, 0, NULL, 0);
INSERT INTO admissions (id, admission_id, patient_id, doctor_id, room_number, ward_type, admission_date, discharge_date, status, reason, diagnosis, notes, daily_cost, total_cost, initial_deposit, created_at, updated_at, additional_payments, current_room_id, current_ward_type, current_room_number, lastPaymentDate, total_discount, lastDiscountDate, lastDiscountAmount, lastDiscountReason, lastPaymentAmount, last_payment_date, last_discount_date, last_discount_amount, last_discount_reason, last_payment_amount) VALUES ('e8f68cc82b416c483c836d8d32a301fb', 'ADM-2025-046', 'f5a63a74f5f3a4cd02a82c228cae7176', '9b25e50ddf70456e460eec7c08cbc98a', 'ICU-2', 'ICU', '2025-08-27T00:00:00.000Z', '2025-08-27T07:24:30.025Z', 'discharged', '', '', '', 1600, 0, 0, '2025-08-27 07:24:30', '2025-08-27 07:24:30', 0, NULL, NULL, NULL, NULL, 0, NULL, 0, NULL, 0, NULL, NULL, 0, NULL, 0);
INSERT INTO admissions (id, admission_id, patient_id, doctor_id, room_number, ward_type, admission_date, discharge_date, status, reason, diagnosis, notes, daily_cost, total_cost, initial_deposit, created_at, updated_at, additional_payments, current_room_id, current_ward_type, current_room_number, lastPaymentDate, total_discount, lastDiscountDate, lastDiscountAmount, lastDiscountReason, lastPaymentAmount, last_payment_date, last_discount_date, last_discount_amount, last_discount_reason, last_payment_amount) VALUES ('7af2a548c87a86bb8722e9f2742828bf', 'ADM-2025-047', 'f5a63a74f5f3a4cd02a82c228cae7176', '9b25e50ddf70456e460eec7c08cbc98a', 'ICU-2', 'ICU', '2025-08-27T00:00:00.000Z', '2025-08-27T07:24:30.185Z', 'discharged', '', '', '', 1600, 0, 0, '2025-08-27 07:24:30', '2025-08-27 07:24:30', 0, NULL, NULL, NULL, NULL, 0, NULL, 0, NULL, 0, NULL, NULL, 0, NULL, 0);
INSERT INTO admissions (id, admission_id, patient_id, doctor_id, room_number, ward_type, admission_date, discharge_date, status, reason, diagnosis, notes, daily_cost, total_cost, initial_deposit, created_at, updated_at, additional_payments, current_room_id, current_ward_type, current_room_number, lastPaymentDate, total_discount, lastDiscountDate, lastDiscountAmount, lastDiscountReason, lastPaymentAmount, last_payment_date, last_discount_date, last_discount_amount, last_discount_reason, last_payment_amount) VALUES ('8d6480ad4bbf740385fffb0ab4bf5a46', 'ADM-2025-048', 'f5a63a74f5f3a4cd02a82c228cae7176', '9b25e50ddf70456e460eec7c08cbc98a', 'ICU-2', 'ICU', '2025-08-27T00:00:00.000Z', '2025-08-27T07:24:30.978Z', 'discharged', '', '', '', 1600, 0, 0, '2025-08-27 07:24:30', '2025-08-27 07:24:30', 0, NULL, NULL, NULL, NULL, 0, NULL, 0, NULL, 0, NULL, NULL, 0, NULL, 0);
INSERT INTO admissions (id, admission_id, patient_id, doctor_id, room_number, ward_type, admission_date, discharge_date, status, reason, diagnosis, notes, daily_cost, total_cost, initial_deposit, created_at, updated_at, additional_payments, current_room_id, current_ward_type, current_room_number, lastPaymentDate, total_discount, lastDiscountDate, lastDiscountAmount, lastDiscountReason, lastPaymentAmount, last_payment_date, last_discount_date, last_discount_amount, last_discount_reason, last_payment_amount) VALUES ('ad059c3079d0f3e9db1965d5e774efdd', 'ADM-2025-049', 'f5a63a74f5f3a4cd02a82c228cae7176', '9b25e50ddf70456e460eec7c08cbc98a', 'ICU-2', 'ICU', '2025-08-27T00:00:00.000Z', '2025-08-27T07:24:31.385Z', 'discharged', '', '', '', 1600, 0, 0, '2025-08-27 07:24:31', '2025-08-27 07:24:31', 0, NULL, NULL, NULL, NULL, 0, NULL, 0, NULL, 0, NULL, NULL, 0, NULL, 0);
INSERT INTO admissions (id, admission_id, patient_id, doctor_id, room_number, ward_type, admission_date, discharge_date, status, reason, diagnosis, notes, daily_cost, total_cost, initial_deposit, created_at, updated_at, additional_payments, current_room_id, current_ward_type, current_room_number, lastPaymentDate, total_discount, lastDiscountDate, lastDiscountAmount, lastDiscountReason, lastPaymentAmount, last_payment_date, last_discount_date, last_discount_amount, last_discount_reason, last_payment_amount) VALUES ('e406a99fe78f1bec54024c9bc6b33cf7', 'ADM-2025-050', 'f5a63a74f5f3a4cd02a82c228cae7176', '9b25e50ddf70456e460eec7c08cbc98a', 'ICU-2', 'ICU', '2025-08-27T00:00:00.000Z', '2025-08-27T07:24:38.401Z', 'discharged', '', '', '', 1600, 0, 0, '2025-08-27 07:24:38', '2025-08-27 07:24:38', 0, NULL, NULL, NULL, NULL, 0, NULL, 0, NULL, 0, NULL, NULL, 0, NULL, 0);
INSERT INTO admissions (id, admission_id, patient_id, doctor_id, room_number, ward_type, admission_date, discharge_date, status, reason, diagnosis, notes, daily_cost, total_cost, initial_deposit, created_at, updated_at, additional_payments, current_room_id, current_ward_type, current_room_number, lastPaymentDate, total_discount, lastDiscountDate, lastDiscountAmount, lastDiscountReason, lastPaymentAmount, last_payment_date, last_discount_date, last_discount_amount, last_discount_reason, last_payment_amount) VALUES ('7e5ef6d2fc60753608bbb6777d021893', 'ADM-2025-051', 'f5a63a74f5f3a4cd02a82c228cae7176', '9b25e50ddf70456e460eec7c08cbc98a', 'ICU-2', 'ICU', '2025-08-27T00:00:00.000Z', '2025-08-27T07:24:38.433Z', 'discharged', '', '', '', 1600, 0, 0, '2025-08-27 07:24:38', '2025-08-27 07:24:38', 0, NULL, NULL, NULL, NULL, 0, NULL, 0, NULL, 0, NULL, NULL, 0, NULL, 0);
INSERT INTO admissions (id, admission_id, patient_id, doctor_id, room_number, ward_type, admission_date, discharge_date, status, reason, diagnosis, notes, daily_cost, total_cost, initial_deposit, created_at, updated_at, additional_payments, current_room_id, current_ward_type, current_room_number, lastPaymentDate, total_discount, lastDiscountDate, lastDiscountAmount, lastDiscountReason, lastPaymentAmount, last_payment_date, last_discount_date, last_discount_amount, last_discount_reason, last_payment_amount) VALUES ('7d651d0d643126429ccf358248f2224c', 'ADM-2025-052', 'f5a63a74f5f3a4cd02a82c228cae7176', '9b25e50ddf70456e460eec7c08cbc98a', 'ICU-2', 'ICU', '2025-08-27T00:00:00.000Z', '2025-08-27T07:24:38.881Z', 'discharged', '', '', '', 1600, 0, 0, '2025-08-27 07:24:38', '2025-08-27 07:24:38', 0, NULL, NULL, NULL, NULL, 0, NULL, 0, NULL, 0, NULL, NULL, 0, NULL, 0);
INSERT INTO admissions (id, admission_id, patient_id, doctor_id, room_number, ward_type, admission_date, discharge_date, status, reason, diagnosis, notes, daily_cost, total_cost, initial_deposit, created_at, updated_at, additional_payments, current_room_id, current_ward_type, current_room_number, lastPaymentDate, total_discount, lastDiscountDate, lastDiscountAmount, lastDiscountReason, lastPaymentAmount, last_payment_date, last_discount_date, last_discount_amount, last_discount_reason, last_payment_amount) VALUES ('d57e904896e78b693a5ad465e09056e7', 'ADM-2025-053', 'f5a63a74f5f3a4cd02a82c228cae7176', '9b25e50ddf70456e460eec7c08cbc98a', 'ICU-2', 'ICU', '2025-08-27T00:00:00.000Z', '2025-08-27T07:24:38.917Z', 'discharged', '', '', '', 1600, 0, 0, '2025-08-27 07:24:38', '2025-08-27 07:24:38', 0, NULL, NULL, NULL, NULL, 0, NULL, 0, NULL, 0, NULL, NULL, 0, NULL, 0);
INSERT INTO admissions (id, admission_id, patient_id, doctor_id, room_number, ward_type, admission_date, discharge_date, status, reason, diagnosis, notes, daily_cost, total_cost, initial_deposit, created_at, updated_at, additional_payments, current_room_id, current_ward_type, current_room_number, lastPaymentDate, total_discount, lastDiscountDate, lastDiscountAmount, lastDiscountReason, lastPaymentAmount, last_payment_date, last_discount_date, last_discount_amount, last_discount_reason, last_payment_amount) VALUES ('73635e0b12027cc2cd3c0dd4f8b73728', 'ADM-2025-054', 'f5a63a74f5f3a4cd02a82c228cae7176', '9b25e50ddf70456e460eec7c08cbc98a', 'ICU-2', 'ICU', '2025-08-27T00:00:00.000Z', '2025-08-27T07:24:39.337Z', 'discharged', '', '', '', 1600, 0, 0, '2025-08-27 07:24:39', '2025-08-27 07:24:39', 0, NULL, NULL, NULL, NULL, 0, NULL, 0, NULL, 0, NULL, NULL, 0, NULL, 0);
INSERT INTO admissions (id, admission_id, patient_id, doctor_id, room_number, ward_type, admission_date, discharge_date, status, reason, diagnosis, notes, daily_cost, total_cost, initial_deposit, created_at, updated_at, additional_payments, current_room_id, current_ward_type, current_room_number, lastPaymentDate, total_discount, lastDiscountDate, lastDiscountAmount, lastDiscountReason, lastPaymentAmount, last_payment_date, last_discount_date, last_discount_amount, last_discount_reason, last_payment_amount) VALUES ('cc41480dec4bcb2fb742aedd1998a714', 'ADM-2025-055', 'f5a63a74f5f3a4cd02a82c228cae7176', '9b25e50ddf70456e460eec7c08cbc98a', 'ICU-2', 'ICU', '2025-08-27T00:00:00.000Z', '2025-08-27T07:24:40.177Z', 'discharged', '', '', '', 1600, 0, 0, '2025-08-27 07:24:40', '2025-08-27 07:24:40', 0, NULL, NULL, NULL, NULL, 0, NULL, 0, NULL, 0, NULL, NULL, 0, NULL, 0);
INSERT INTO admissions (id, admission_id, patient_id, doctor_id, room_number, ward_type, admission_date, discharge_date, status, reason, diagnosis, notes, daily_cost, total_cost, initial_deposit, created_at, updated_at, additional_payments, current_room_id, current_ward_type, current_room_number, lastPaymentDate, total_discount, lastDiscountDate, lastDiscountAmount, lastDiscountReason, lastPaymentAmount, last_payment_date, last_discount_date, last_discount_amount, last_discount_reason, last_payment_amount) VALUES ('ba4a6cd6e8ecc554b05cd96dbbf5cd9a', 'ADM-2025-056', 'f5a63a74f5f3a4cd02a82c228cae7176', '9b25e50ddf70456e460eec7c08cbc98a', 'ICU-2', 'ICU', '2025-08-27T00:00:00.000Z', '2025-08-27T07:24:40.226Z', 'discharged', '', '', '', 1600, 0, 0, '2025-08-27 07:24:40', '2025-08-27 07:24:40', 0, NULL, NULL, NULL, NULL, 0, NULL, 0, NULL, 0, NULL, NULL, 0, NULL, 0);
INSERT INTO admissions (id, admission_id, patient_id, doctor_id, room_number, ward_type, admission_date, discharge_date, status, reason, diagnosis, notes, daily_cost, total_cost, initial_deposit, created_at, updated_at, additional_payments, current_room_id, current_ward_type, current_room_number, lastPaymentDate, total_discount, lastDiscountDate, lastDiscountAmount, lastDiscountReason, lastPaymentAmount, last_payment_date, last_discount_date, last_discount_amount, last_discount_reason, last_payment_amount) VALUES ('5cd5fd31e2483400e615befb1f8c357d', 'ADM-2025-057', 'f5a63a74f5f3a4cd02a82c228cae7176', '9b25e50ddf70456e460eec7c08cbc98a', 'ICU-2', 'ICU', '2025-08-27T00:00:00.000Z', '2025-08-27T07:24:40.545Z', 'discharged', '', '', '', 1600, 0, 0, '2025-08-27 07:24:40', '2025-08-27 07:24:40', 0, NULL, NULL, NULL, NULL, 0, NULL, 0, NULL, 0, NULL, NULL, 0, NULL, 0);
INSERT INTO admissions (id, admission_id, patient_id, doctor_id, room_number, ward_type, admission_date, discharge_date, status, reason, diagnosis, notes, daily_cost, total_cost, initial_deposit, created_at, updated_at, additional_payments, current_room_id, current_ward_type, current_room_number, lastPaymentDate, total_discount, lastDiscountDate, lastDiscountAmount, lastDiscountReason, lastPaymentAmount, last_payment_date, last_discount_date, last_discount_amount, last_discount_reason, last_payment_amount) VALUES ('5e639411295e0addb0871207a50f2dc3', 'ADM-2025-058', 'f5a63a74f5f3a4cd02a82c228cae7176', '9b25e50ddf70456e460eec7c08cbc98a', 'ICU-2', 'ICU', '2025-08-27T00:00:00.000Z', '2025-08-27T07:24:40.609Z', 'discharged', '', '', '', 1600, 0, 0, '2025-08-27 07:24:40', '2025-08-27 07:24:40', 0, NULL, NULL, NULL, NULL, 0, NULL, 0, NULL, 0, NULL, NULL, 0, NULL, 0);
INSERT INTO admissions (id, admission_id, patient_id, doctor_id, room_number, ward_type, admission_date, discharge_date, status, reason, diagnosis, notes, daily_cost, total_cost, initial_deposit, created_at, updated_at, additional_payments, current_room_id, current_ward_type, current_room_number, lastPaymentDate, total_discount, lastDiscountDate, lastDiscountAmount, lastDiscountReason, lastPaymentAmount, last_payment_date, last_discount_date, last_discount_amount, last_discount_reason, last_payment_amount) VALUES ('7c4a2837af2ed3306762c25eaeee8017', 'ADM-2025-059', 'f5a63a74f5f3a4cd02a82c228cae7176', '9b25e50ddf70456e460eec7c08cbc98a', 'ICU-2', 'ICU', '2025-08-27T00:00:00.000Z', '2025-08-27T07:24:40.809Z', 'discharged', '', '', '', 1600, 0, 0, '2025-08-27 07:24:40', '2025-08-27 07:24:40', 0, NULL, NULL, NULL, NULL, 0, NULL, 0, NULL, 0, NULL, NULL, 0, NULL, 0);
INSERT INTO admissions (id, admission_id, patient_id, doctor_id, room_number, ward_type, admission_date, discharge_date, status, reason, diagnosis, notes, daily_cost, total_cost, initial_deposit, created_at, updated_at, additional_payments, current_room_id, current_ward_type, current_room_number, lastPaymentDate, total_discount, lastDiscountDate, lastDiscountAmount, lastDiscountReason, lastPaymentAmount, last_payment_date, last_discount_date, last_discount_amount, last_discount_reason, last_payment_amount) VALUES ('dd96e9043982617f9f31d3a6de0111e2', 'ADM-2025-060', 'f5a63a74f5f3a4cd02a82c228cae7176', '9b25e50ddf70456e460eec7c08cbc98a', 'ICU-2', 'ICU', '2025-08-27T00:00:00.000Z', '2025-08-27T07:24:41.577Z', 'discharged', '', '', '', 1600, 0, 0, '2025-08-27 07:24:41', '2025-08-27 07:24:41', 0, NULL, NULL, NULL, NULL, 0, NULL, 0, NULL, 0, NULL, NULL, 0, NULL, 0);
INSERT INTO admissions (id, admission_id, patient_id, doctor_id, room_number, ward_type, admission_date, discharge_date, status, reason, diagnosis, notes, daily_cost, total_cost, initial_deposit, created_at, updated_at, additional_payments, current_room_id, current_ward_type, current_room_number, lastPaymentDate, total_discount, lastDiscountDate, lastDiscountAmount, lastDiscountReason, lastPaymentAmount, last_payment_date, last_discount_date, last_discount_amount, last_discount_reason, last_payment_amount) VALUES ('bf1b3bd99351ab707ac36d072459421d', 'ADM-2025-061', 'f5a63a74f5f3a4cd02a82c228cae7176', '9b25e50ddf70456e460eec7c08cbc98a', 'ICU-2', 'ICU', '2025-08-27T00:00:00.000Z', '2025-08-27T07:24:41.612Z', 'discharged', '', '', '', 1600, 0, 0, '2025-08-27 07:24:41', '2025-08-27 07:24:41', 0, NULL, NULL, NULL, NULL, 0, NULL, 0, NULL, 0, NULL, NULL, 0, NULL, 0);
INSERT INTO admissions (id, admission_id, patient_id, doctor_id, room_number, ward_type, admission_date, discharge_date, status, reason, diagnosis, notes, daily_cost, total_cost, initial_deposit, created_at, updated_at, additional_payments, current_room_id, current_ward_type, current_room_number, lastPaymentDate, total_discount, lastDiscountDate, lastDiscountAmount, lastDiscountReason, lastPaymentAmount, last_payment_date, last_discount_date, last_discount_amount, last_discount_reason, last_payment_amount) VALUES ('a91f8f060147e8ac904ef97ff14b974e', 'ADM-2025-062', 'f5a63a74f5f3a4cd02a82c228cae7176', '9b25e50ddf70456e460eec7c08cbc98a', 'ICU-2', 'ICU', '2025-08-27T00:00:00.000Z', '2025-08-27T07:24:41.737Z', 'discharged', '', '', '', 1600, 0, 0, '2025-08-27 07:24:41', '2025-08-27 07:24:41', 0, NULL, NULL, NULL, NULL, 0, NULL, 0, NULL, 0, NULL, NULL, 0, NULL, 0);
INSERT INTO admissions (id, admission_id, patient_id, doctor_id, room_number, ward_type, admission_date, discharge_date, status, reason, diagnosis, notes, daily_cost, total_cost, initial_deposit, created_at, updated_at, additional_payments, current_room_id, current_ward_type, current_room_number, lastPaymentDate, total_discount, lastDiscountDate, lastDiscountAmount, lastDiscountReason, lastPaymentAmount, last_payment_date, last_discount_date, last_discount_amount, last_discount_reason, last_payment_amount) VALUES ('6b9c5773182749eccee70f59e05dfcb9', 'ADM-2025-063', 'f5a63a74f5f3a4cd02a82c228cae7176', '9b25e50ddf70456e460eec7c08cbc98a', 'ICU-2', 'ICU', '2025-08-27T00:00:00.000Z', '2025-08-27T07:24:41.961Z', 'discharged', '', '', '', 1600, 0, 0, '2025-08-27 07:24:41', '2025-08-27 07:24:41', 0, NULL, NULL, NULL, NULL, 0, NULL, 0, NULL, 0, NULL, NULL, 0, NULL, 0);
INSERT INTO admissions (id, admission_id, patient_id, doctor_id, room_number, ward_type, admission_date, discharge_date, status, reason, diagnosis, notes, daily_cost, total_cost, initial_deposit, created_at, updated_at, additional_payments, current_room_id, current_ward_type, current_room_number, lastPaymentDate, total_discount, lastDiscountDate, lastDiscountAmount, lastDiscountReason, lastPaymentAmount, last_payment_date, last_discount_date, last_discount_amount, last_discount_reason, last_payment_amount) VALUES ('e0668d76ad50c442c00f45c8bb32d337', 'ADM-2025-064', 'f5a63a74f5f3a4cd02a82c228cae7176', '9b25e50ddf70456e460eec7c08cbc98a', 'ICU-2', 'ICU', '2025-08-27T00:00:00.000Z', '2025-08-27T07:24:42.360Z', 'discharged', '', '', '', 1600, 0, 0, '2025-08-27 07:24:42', '2025-08-27 07:24:42', 0, NULL, NULL, NULL, NULL, 0, NULL, 0, NULL, 0, NULL, NULL, 0, NULL, 0);
INSERT INTO admissions (id, admission_id, patient_id, doctor_id, room_number, ward_type, admission_date, discharge_date, status, reason, diagnosis, notes, daily_cost, total_cost, initial_deposit, created_at, updated_at, additional_payments, current_room_id, current_ward_type, current_room_number, lastPaymentDate, total_discount, lastDiscountDate, lastDiscountAmount, lastDiscountReason, lastPaymentAmount, last_payment_date, last_discount_date, last_discount_amount, last_discount_reason, last_payment_amount) VALUES ('1e3d50effb160586f9c68597f48dbc9a', 'ADM-2025-065', 'f5a63a74f5f3a4cd02a82c228cae7176', '9b25e50ddf70456e460eec7c08cbc98a', 'ICU-2', 'ICU', '2025-08-27T00:00:00.000Z', '2025-08-27T07:24:42.488Z', 'discharged', '', '', '', 1600, 0, 0, '2025-08-27 07:24:42', '2025-08-27 07:24:42', 0, NULL, NULL, NULL, NULL, 0, NULL, 0, NULL, 0, NULL, NULL, 0, NULL, 0);
INSERT INTO admissions (id, admission_id, patient_id, doctor_id, room_number, ward_type, admission_date, discharge_date, status, reason, diagnosis, notes, daily_cost, total_cost, initial_deposit, created_at, updated_at, additional_payments, current_room_id, current_ward_type, current_room_number, lastPaymentDate, total_discount, lastDiscountDate, lastDiscountAmount, lastDiscountReason, lastPaymentAmount, last_payment_date, last_discount_date, last_discount_amount, last_discount_reason, last_payment_amount) VALUES ('2db1e1edc261ac9ba8ef6dab066b16e8', 'ADM-2025-066', 'f5a63a74f5f3a4cd02a82c228cae7176', '9b25e50ddf70456e460eec7c08cbc98a', 'ICU-2', 'ICU', '2025-08-27T00:00:00.000Z', '2025-08-27T07:24:42.633Z', 'discharged', '', '', '', 1600, 0, 0, '2025-08-27 07:24:42', '2025-08-27 07:24:42', 0, NULL, NULL, NULL, NULL, 0, NULL, 0, NULL, 0, NULL, NULL, 0, NULL, 0);
INSERT INTO admissions (id, admission_id, patient_id, doctor_id, room_number, ward_type, admission_date, discharge_date, status, reason, diagnosis, notes, daily_cost, total_cost, initial_deposit, created_at, updated_at, additional_payments, current_room_id, current_ward_type, current_room_number, lastPaymentDate, total_discount, lastDiscountDate, lastDiscountAmount, lastDiscountReason, lastPaymentAmount, last_payment_date, last_discount_date, last_discount_amount, last_discount_reason, last_payment_amount) VALUES ('d93f826abd901f30faab90f10133cc49', 'ADM-2025-067', 'f5a63a74f5f3a4cd02a82c228cae7176', '9b25e50ddf70456e460eec7c08cbc98a', 'ICU-2', 'ICU', '2025-08-27T00:00:00.000Z', '2025-08-27T07:24:42.679Z', 'discharged', '', '', '', 1600, 0, 0, '2025-08-27 07:24:42', '2025-08-27 07:24:42', 0, NULL, NULL, NULL, NULL, 0, NULL, 0, NULL, 0, NULL, NULL, 0, NULL, 0);
INSERT INTO admissions (id, admission_id, patient_id, doctor_id, room_number, ward_type, admission_date, discharge_date, status, reason, diagnosis, notes, daily_cost, total_cost, initial_deposit, created_at, updated_at, additional_payments, current_room_id, current_ward_type, current_room_number, lastPaymentDate, total_discount, lastDiscountDate, lastDiscountAmount, lastDiscountReason, lastPaymentAmount, last_payment_date, last_discount_date, last_discount_amount, last_discount_reason, last_payment_amount) VALUES ('bcd552988081b66714826d249d4ca1a4', 'ADM-2025-068', 'f5a63a74f5f3a4cd02a82c228cae7176', '9b25e50ddf70456e460eec7c08cbc98a', 'ICU-2', 'ICU', '2025-08-27T00:00:00.000Z', '2025-08-27T07:24:42.793Z', 'discharged', '', '', '', 1600, 0, 0, '2025-08-27 07:24:42', '2025-08-27 07:24:42', 0, NULL, NULL, NULL, NULL, 0, NULL, 0, NULL, 0, NULL, NULL, 0, NULL, 0);
INSERT INTO admissions (id, admission_id, patient_id, doctor_id, room_number, ward_type, admission_date, discharge_date, status, reason, diagnosis, notes, daily_cost, total_cost, initial_deposit, created_at, updated_at, additional_payments, current_room_id, current_ward_type, current_room_number, lastPaymentDate, total_discount, lastDiscountDate, lastDiscountAmount, lastDiscountReason, lastPaymentAmount, last_payment_date, last_discount_date, last_discount_amount, last_discount_reason, last_payment_amount) VALUES ('bd1b41f723eabe95e1208ed661ba7e52', 'ADM-2025-069', 'f5a63a74f5f3a4cd02a82c228cae7176', '9b25e50ddf70456e460eec7c08cbc98a', 'ICU-2', 'ICU', '2025-08-27T00:00:00.000Z', '2025-08-27T07:24:42.938Z', 'discharged', '', '', '', 1600, 0, 0, '2025-08-27 07:24:42', '2025-08-27 07:24:42', 0, NULL, NULL, NULL, NULL, 0, NULL, 0, NULL, 0, NULL, NULL, 0, NULL, 0);
INSERT INTO admissions (id, admission_id, patient_id, doctor_id, room_number, ward_type, admission_date, discharge_date, status, reason, diagnosis, notes, daily_cost, total_cost, initial_deposit, created_at, updated_at, additional_payments, current_room_id, current_ward_type, current_room_number, lastPaymentDate, total_discount, lastDiscountDate, lastDiscountAmount, lastDiscountReason, lastPaymentAmount, last_payment_date, last_discount_date, last_discount_amount, last_discount_reason, last_payment_amount) VALUES ('8c2090bdb553e37e15baafae946f55e4', 'ADM-2025-070', 'f5a63a74f5f3a4cd02a82c228cae7176', '9b25e50ddf70456e460eec7c08cbc98a', 'ICU-2', 'ICU', '2025-08-27T00:00:00.000Z', '2025-08-27T07:24:43.241Z', 'discharged', '', '', '', 1600, 0, 0, '2025-08-27 07:24:43', '2025-08-27 07:24:43', 0, NULL, NULL, NULL, NULL, 0, NULL, 0, NULL, 0, NULL, NULL, 0, NULL, 0);
INSERT INTO admissions (id, admission_id, patient_id, doctor_id, room_number, ward_type, admission_date, discharge_date, status, reason, diagnosis, notes, daily_cost, total_cost, initial_deposit, created_at, updated_at, additional_payments, current_room_id, current_ward_type, current_room_number, lastPaymentDate, total_discount, lastDiscountDate, lastDiscountAmount, lastDiscountReason, lastPaymentAmount, last_payment_date, last_discount_date, last_discount_amount, last_discount_reason, last_payment_amount) VALUES ('3b6298120261b11cdb5a666feae64ae5', 'ADM-2025-071', 'f5a63a74f5f3a4cd02a82c228cae7176', '9b25e50ddf70456e460eec7c08cbc98a', 'ICU-2', 'ICU', '2025-08-27T00:00:00.000Z', '2025-08-27T07:24:43.377Z', 'discharged', '', '', '', 1600, 0, 0, '2025-08-27 07:24:43', '2025-08-27 07:24:43', 0, NULL, NULL, NULL, NULL, 0, NULL, 0, NULL, 0, NULL, NULL, 0, NULL, 0);
INSERT INTO admissions (id, admission_id, patient_id, doctor_id, room_number, ward_type, admission_date, discharge_date, status, reason, diagnosis, notes, daily_cost, total_cost, initial_deposit, created_at, updated_at, additional_payments, current_room_id, current_ward_type, current_room_number, lastPaymentDate, total_discount, lastDiscountDate, lastDiscountAmount, lastDiscountReason, lastPaymentAmount, last_payment_date, last_discount_date, last_discount_amount, last_discount_reason, last_payment_amount) VALUES ('82fc78db59bfbc5e0037e69924dd698b', 'ADM-2025-072', 'f5a63a74f5f3a4cd02a82c228cae7176', '9b25e50ddf70456e460eec7c08cbc98a', 'ICU-2', 'ICU', '2025-08-27T00:00:00.000Z', '2025-08-27T07:24:43.529Z', 'discharged', '', '', '', 1600, 0, 0, '2025-08-27 07:24:43', '2025-08-27 07:24:43', 0, NULL, NULL, NULL, NULL, 0, NULL, 0, NULL, 0, NULL, NULL, 0, NULL, 0);
INSERT INTO admissions (id, admission_id, patient_id, doctor_id, room_number, ward_type, admission_date, discharge_date, status, reason, diagnosis, notes, daily_cost, total_cost, initial_deposit, created_at, updated_at, additional_payments, current_room_id, current_ward_type, current_room_number, lastPaymentDate, total_discount, lastDiscountDate, lastDiscountAmount, lastDiscountReason, lastPaymentAmount, last_payment_date, last_discount_date, last_discount_amount, last_discount_reason, last_payment_amount) VALUES ('69ab8bd5ffd46744bb86b1ad94a95e37', 'ADM-2025-073', 'f5a63a74f5f3a4cd02a82c228cae7176', '9b25e50ddf70456e460eec7c08cbc98a', 'ICU-2', 'ICU', '2025-08-27T00:00:00.000Z', '2025-08-27T07:24:43.698Z', 'discharged', '', '', '', 1600, 0, 0, '2025-08-27 07:24:43', '2025-08-27 07:24:43', 0, NULL, NULL, NULL, NULL, 0, NULL, 0, NULL, 0, NULL, NULL, 0, NULL, 0);
INSERT INTO admissions (id, admission_id, patient_id, doctor_id, room_number, ward_type, admission_date, discharge_date, status, reason, diagnosis, notes, daily_cost, total_cost, initial_deposit, created_at, updated_at, additional_payments, current_room_id, current_ward_type, current_room_number, lastPaymentDate, total_discount, lastDiscountDate, lastDiscountAmount, lastDiscountReason, lastPaymentAmount, last_payment_date, last_discount_date, last_discount_amount, last_discount_reason, last_payment_amount) VALUES ('3f61a83d7c60d1f05714974b7ed922bd', 'ADM-2025-074', 'f5a63a74f5f3a4cd02a82c228cae7176', '9b25e50ddf70456e460eec7c08cbc98a', 'ICU-2', 'ICU', '2025-08-27T00:00:00.000Z', '2025-08-27T07:24:43.865Z', 'discharged', '', '', '', 1600, 0, 0, '2025-08-27 07:24:43', '2025-08-27 07:24:43', 0, NULL, NULL, NULL, NULL, 0, NULL, 0, NULL, 0, NULL, NULL, 0, NULL, 0);
INSERT INTO admissions (id, admission_id, patient_id, doctor_id, room_number, ward_type, admission_date, discharge_date, status, reason, diagnosis, notes, daily_cost, total_cost, initial_deposit, created_at, updated_at, additional_payments, current_room_id, current_ward_type, current_room_number, lastPaymentDate, total_discount, lastDiscountDate, lastDiscountAmount, lastDiscountReason, lastPaymentAmount, last_payment_date, last_discount_date, last_discount_amount, last_discount_reason, last_payment_amount) VALUES ('18b857b26198e095ef620be02379a0f3', 'ADM-2025-075', 'f5a63a74f5f3a4cd02a82c228cae7176', '9b25e50ddf70456e460eec7c08cbc98a', 'ICU-2', 'ICU', '2025-08-27T00:00:00.000Z', '2025-08-27T07:24:44.009Z', 'discharged', '', '', '', 1600, 0, 0, '2025-08-27 07:24:44', '2025-08-27 07:24:44', 0, NULL, NULL, NULL, NULL, 0, NULL, 0, NULL, 0, NULL, NULL, 0, NULL, 0);
INSERT INTO admissions (id, admission_id, patient_id, doctor_id, room_number, ward_type, admission_date, discharge_date, status, reason, diagnosis, notes, daily_cost, total_cost, initial_deposit, created_at, updated_at, additional_payments, current_room_id, current_ward_type, current_room_number, lastPaymentDate, total_discount, lastDiscountDate, lastDiscountAmount, lastDiscountReason, lastPaymentAmount, last_payment_date, last_discount_date, last_discount_amount, last_discount_reason, last_payment_amount) VALUES ('b0c56154388bb890b2d2f296e95da003', 'ADM-2025-076', 'f5a63a74f5f3a4cd02a82c228cae7176', '9b25e50ddf70456e460eec7c08cbc98a', 'ICU-2', 'ICU', '2025-08-27T00:00:00.000Z', '2025-08-27T07:24:44.162Z', 'discharged', '', '', '', 1600, 0, 0, '2025-08-27 07:24:44', '2025-08-27 07:24:44', 0, NULL, NULL, NULL, NULL, 0, NULL, 0, NULL, 0, NULL, NULL, 0, NULL, 0);
INSERT INTO admissions (id, admission_id, patient_id, doctor_id, room_number, ward_type, admission_date, discharge_date, status, reason, diagnosis, notes, daily_cost, total_cost, initial_deposit, created_at, updated_at, additional_payments, current_room_id, current_ward_type, current_room_number, lastPaymentDate, total_discount, lastDiscountDate, lastDiscountAmount, lastDiscountReason, lastPaymentAmount, last_payment_date, last_discount_date, last_discount_amount, last_discount_reason, last_payment_amount) VALUES ('693626588a3bf675386fe44f4d279e24', 'ADM-2025-077', 'f5a63a74f5f3a4cd02a82c228cae7176', '9b25e50ddf70456e460eec7c08cbc98a', 'ICU-2', 'ICU', '2025-08-27T00:00:00.000Z', '2025-08-27T07:24:47.273Z', 'discharged', '', '', '', 1600, 0, 0, '2025-08-27 07:24:47', '2025-08-27 07:24:47', 0, NULL, NULL, NULL, NULL, 0, NULL, 0, NULL, 0, NULL, NULL, 0, NULL, 0);
INSERT INTO admissions (id, admission_id, patient_id, doctor_id, room_number, ward_type, admission_date, discharge_date, status, reason, diagnosis, notes, daily_cost, total_cost, initial_deposit, created_at, updated_at, additional_payments, current_room_id, current_ward_type, current_room_number, lastPaymentDate, total_discount, lastDiscountDate, lastDiscountAmount, lastDiscountReason, lastPaymentAmount, last_payment_date, last_discount_date, last_discount_amount, last_discount_reason, last_payment_amount) VALUES ('284184783903f870154fcddc2f8b944e', 'ADM-2025-078', 'f5a63a74f5f3a4cd02a82c228cae7176', '9b25e50ddf70456e460eec7c08cbc98a', 'ICU-2', 'ICU', '2025-08-27T00:00:00.000Z', '2025-08-27T07:24:48.321Z', 'discharged', '', '', '', 1600, 0, 0, '2025-08-27 07:24:48', '2025-08-27 07:24:48', 0, NULL, NULL, NULL, NULL, 0, NULL, 0, NULL, 0, NULL, NULL, 0, NULL, 0);
INSERT INTO admissions (id, admission_id, patient_id, doctor_id, room_number, ward_type, admission_date, discharge_date, status, reason, diagnosis, notes, daily_cost, total_cost, initial_deposit, created_at, updated_at, additional_payments, current_room_id, current_ward_type, current_room_number, lastPaymentDate, total_discount, lastDiscountDate, lastDiscountAmount, lastDiscountReason, lastPaymentAmount, last_payment_date, last_discount_date, last_discount_amount, last_discount_reason, last_payment_amount) VALUES ('5d7d2fc2de6f2a11c9acfa8972330eaa', 'ADM-2025-079', 'f5a63a74f5f3a4cd02a82c228cae7176', '9b25e50ddf70456e460eec7c08cbc98a', 'ICU-2', 'ICU', '2025-08-27T00:00:00.000Z', '2025-08-27T07:24:48.657Z', 'discharged', '', '', '', 1600, 0, 0, '2025-08-27 07:24:48', '2025-08-27 07:24:48', 0, NULL, NULL, NULL, NULL, 0, NULL, 0, NULL, 0, NULL, NULL, 0, NULL, 0);
INSERT INTO admissions (id, admission_id, patient_id, doctor_id, room_number, ward_type, admission_date, discharge_date, status, reason, diagnosis, notes, daily_cost, total_cost, initial_deposit, created_at, updated_at, additional_payments, current_room_id, current_ward_type, current_room_number, lastPaymentDate, total_discount, lastDiscountDate, lastDiscountAmount, lastDiscountReason, lastPaymentAmount, last_payment_date, last_discount_date, last_discount_amount, last_discount_reason, last_payment_amount) VALUES ('03fd252cb12fe6c8008c5f79b3ff6a25', 'ADM-2025-080', 'f5a63a74f5f3a4cd02a82c228cae7176', '9b25e50ddf70456e460eec7c08cbc98a', 'ICU-2', 'ICU', '2025-08-27T00:00:00.000Z', '2025-08-27T07:24:49.193Z', 'discharged', '', '', '', 1600, 0, 0, '2025-08-27 07:24:49', '2025-08-27 07:24:49', 0, NULL, NULL, NULL, NULL, 0, NULL, 0, NULL, 0, NULL, NULL, 0, NULL, 0);
INSERT INTO admissions (id, admission_id, patient_id, doctor_id, room_number, ward_type, admission_date, discharge_date, status, reason, diagnosis, notes, daily_cost, total_cost, initial_deposit, created_at, updated_at, additional_payments, current_room_id, current_ward_type, current_room_number, lastPaymentDate, total_discount, lastDiscountDate, lastDiscountAmount, lastDiscountReason, lastPaymentAmount, last_payment_date, last_discount_date, last_discount_amount, last_discount_reason, last_payment_amount) VALUES ('49f31f2b89fcb956535dc25175e8eb4d', 'ADM-2025-081', 'f5a63a74f5f3a4cd02a82c228cae7176', '9b25e50ddf70456e460eec7c08cbc98a', 'ICU-2', 'ICU', '2025-08-27T00:00:00.000Z', '2025-08-27T07:24:49.657Z', 'discharged', '', '', '', 1600, 0, 0, '2025-08-27 07:24:49', '2025-08-27 07:24:49', 0, NULL, NULL, NULL, NULL, 0, NULL, 0, NULL, 0, NULL, NULL, 0, NULL, 0);
INSERT INTO admissions (id, admission_id, patient_id, doctor_id, room_number, ward_type, admission_date, discharge_date, status, reason, diagnosis, notes, daily_cost, total_cost, initial_deposit, created_at, updated_at, additional_payments, current_room_id, current_ward_type, current_room_number, lastPaymentDate, total_discount, lastDiscountDate, lastDiscountAmount, lastDiscountReason, lastPaymentAmount, last_payment_date, last_discount_date, last_discount_amount, last_discount_reason, last_payment_amount) VALUES ('80140cba5646bc02b90f0485a5d93d82', 'ADM-2025-082', 'f5a63a74f5f3a4cd02a82c228cae7176', '9b25e50ddf70456e460eec7c08cbc98a', 'ICU-2', 'ICU', '2025-08-27T00:00:00.000Z', '2025-08-27T07:24:49.696Z', 'discharged', '', '', '', 1600, 0, 0, '2025-08-27 07:24:49', '2025-08-27 07:24:49', 0, NULL, NULL, NULL, NULL, 0, NULL, 0, NULL, 0, NULL, NULL, 0, NULL, 0);
INSERT INTO admissions (id, admission_id, patient_id, doctor_id, room_number, ward_type, admission_date, discharge_date, status, reason, diagnosis, notes, daily_cost, total_cost, initial_deposit, created_at, updated_at, additional_payments, current_room_id, current_ward_type, current_room_number, lastPaymentDate, total_discount, lastDiscountDate, lastDiscountAmount, lastDiscountReason, lastPaymentAmount, last_payment_date, last_discount_date, last_discount_amount, last_discount_reason, last_payment_amount) VALUES ('86c4d5a1b34e421b74333924647ccdc7', 'ADM-2025-083', 'f5a63a74f5f3a4cd02a82c228cae7176', '9b25e50ddf70456e460eec7c08cbc98a', 'ICU-2', 'ICU', '2025-08-27T00:00:00.000Z', '2025-08-27T07:24:49.841Z', 'discharged', '', '', '', 1600, 0, 0, '2025-08-27 07:24:49', '2025-08-27 07:24:49', 0, NULL, NULL, NULL, NULL, 0, NULL, 0, NULL, 0, NULL, NULL, 0, NULL, 0);
INSERT INTO admissions (id, admission_id, patient_id, doctor_id, room_number, ward_type, admission_date, discharge_date, status, reason, diagnosis, notes, daily_cost, total_cost, initial_deposit, created_at, updated_at, additional_payments, current_room_id, current_ward_type, current_room_number, lastPaymentDate, total_discount, lastDiscountDate, lastDiscountAmount, lastDiscountReason, lastPaymentAmount, last_payment_date, last_discount_date, last_discount_amount, last_discount_reason, last_payment_amount) VALUES ('766a99d3bbdd5641542fe098dc179ac6', 'ADM-2025-084', 'f5a63a74f5f3a4cd02a82c228cae7176', '9b25e50ddf70456e460eec7c08cbc98a', 'ICU-2', 'ICU', '2025-08-27T00:00:00.000Z', '2025-08-27T07:24:50.561Z', 'discharged', '', '', '', 1600, 0, 0, '2025-08-27 07:24:50', '2025-08-27 07:24:50', 0, NULL, NULL, NULL, NULL, 0, NULL, 0, NULL, 0, NULL, NULL, 0, NULL, 0);
INSERT INTO admissions (id, admission_id, patient_id, doctor_id, room_number, ward_type, admission_date, discharge_date, status, reason, diagnosis, notes, daily_cost, total_cost, initial_deposit, created_at, updated_at, additional_payments, current_room_id, current_ward_type, current_room_number, lastPaymentDate, total_discount, lastDiscountDate, lastDiscountAmount, lastDiscountReason, lastPaymentAmount, last_payment_date, last_discount_date, last_discount_amount, last_discount_reason, last_payment_amount) VALUES ('06bcdd6fbda7459e4180216b39d14288', 'ADM-2025-085', 'f5a63a74f5f3a4cd02a82c228cae7176', '9b25e50ddf70456e460eec7c08cbc98a', 'ICU-2', 'ICU', '2025-08-27T00:00:00.000Z', '2025-08-27T07:24:57.653Z', 'discharged', '', '', '', 1600, 0, 0, '2025-08-27 07:24:57', '2025-08-27 07:24:57', 0, NULL, NULL, NULL, NULL, 0, NULL, 0, NULL, 0, NULL, NULL, 0, NULL, 0);
INSERT INTO admissions (id, admission_id, patient_id, doctor_id, room_number, ward_type, admission_date, discharge_date, status, reason, diagnosis, notes, daily_cost, total_cost, initial_deposit, created_at, updated_at, additional_payments, current_room_id, current_ward_type, current_room_number, lastPaymentDate, total_discount, lastDiscountDate, lastDiscountAmount, lastDiscountReason, lastPaymentAmount, last_payment_date, last_discount_date, last_discount_amount, last_discount_reason, last_payment_amount) VALUES ('8f1fae4b2b59f993f5a19e3443d71f4d', 'ADM-2025-086', 'f5a63a74f5f3a4cd02a82c228cae7176', '9b25e50ddf70456e460eec7c08cbc98a', 'ICU-2', 'ICU', '2025-08-27T00:00:00.000Z', '2025-08-27T07:46:27.205Z', 'discharged', '', '', '', 1600, 0, 0, '2025-08-27 13:16:27', '2025-08-27 13:16:27', 0, NULL, NULL, NULL, NULL, 0, NULL, 0, NULL, 0, NULL, NULL, 0, NULL, 0);
INSERT INTO admissions (id, admission_id, patient_id, doctor_id, room_number, ward_type, admission_date, discharge_date, status, reason, diagnosis, notes, daily_cost, total_cost, initial_deposit, created_at, updated_at, additional_payments, current_room_id, current_ward_type, current_room_number, lastPaymentDate, total_discount, lastDiscountDate, lastDiscountAmount, lastDiscountReason, lastPaymentAmount, last_payment_date, last_discount_date, last_discount_amount, last_discount_reason, last_payment_amount) VALUES ('1c29426ff1cc7b6b7e830d82d3ffb6d3', 'ADM-2025-087', 'f5a63a74f5f3a4cd02a82c228cae7176', '8a5d3fa53165827b7afbadc2cdeaf97b', 'GW-03', 'General Ward', '2025-08-27', '2025-08-27T07:47:01.117Z', 'discharged', '', '', '', 600, 0, 0, '2025-08-27 13:16:39', '2025-08-27 13:17:01', 0, NULL, NULL, NULL, NULL, 0, NULL, 0, NULL, 0, NULL, NULL, 0, NULL, 0);
INSERT INTO admissions (id, admission_id, patient_id, doctor_id, room_number, ward_type, admission_date, discharge_date, status, reason, diagnosis, notes, daily_cost, total_cost, initial_deposit, created_at, updated_at, additional_payments, current_room_id, current_ward_type, current_room_number, lastPaymentDate, total_discount, lastDiscountDate, lastDiscountAmount, lastDiscountReason, lastPaymentAmount, last_payment_date, last_discount_date, last_discount_amount, last_discount_reason, last_payment_amount) VALUES ('9e41e86b33a0b26a9cbc5a1449a30650', 'ADM-2025-088', 'f5a63a74f5f3a4cd02a82c228cae7176', '8a5d3fa53165827b7afbadc2cdeaf97b', 'GW-03', 'General Ward', '2025-08-27', '2025-08-27T07:47:01.060Z', 'discharged', '', '', '', 600, 0, 0, '2025-08-27 13:17:01', '2025-08-27 13:17:01', 0, NULL, NULL, NULL, NULL, 0, NULL, 0, NULL, 0, NULL, NULL, 0, NULL, 0);
INSERT INTO admissions (id, admission_id, patient_id, doctor_id, room_number, ward_type, admission_date, discharge_date, status, reason, diagnosis, notes, daily_cost, total_cost, initial_deposit, created_at, updated_at, additional_payments, current_room_id, current_ward_type, current_room_number, lastPaymentDate, total_discount, lastDiscountDate, lastDiscountAmount, lastDiscountReason, lastPaymentAmount, last_payment_date, last_discount_date, last_discount_amount, last_discount_reason, last_payment_amount) VALUES ('97077c8ac89fb391f7425ce5aa4e5ed4', 'ADM-2025-089', 'f5a63a74f5f3a4cd02a82c228cae7176', '8a5d3fa53165827b7afbadc2cdeaf97b', 'NR-F-1', 'Nursing Room', '2025-08-27', '2025-08-27T07:53:00.570Z', 'discharged', '', '', '', 800, 0, 0, '2025-08-27T13:20:22', '2025-08-27T13:23:00', 0, NULL, NULL, NULL, NULL, 0, NULL, 0, NULL, 0, NULL, NULL, 0, NULL, 0);
INSERT INTO admissions (id, admission_id, patient_id, doctor_id, room_number, ward_type, admission_date, discharge_date, status, reason, diagnosis, notes, daily_cost, total_cost, initial_deposit, created_at, updated_at, additional_payments, current_room_id, current_ward_type, current_room_number, lastPaymentDate, total_discount, lastDiscountDate, lastDiscountAmount, lastDiscountReason, lastPaymentAmount, last_payment_date, last_discount_date, last_discount_amount, last_discount_reason, last_payment_amount) VALUES ('0f40cb893722ec66f5afa113153ad3ab', 'ADM-2025-090', 'f5a63a74f5f3a4cd02a82c228cae7176', '8a5d3fa53165827b7afbadc2cdeaf97b', 'NR-F-1', 'Nursing Room', '2025-08-27', '2025-08-27T07:53:00.516Z', 'discharged', '', '', '', 800, 0, 0, '2025-08-27T13:23:00', '2025-08-27T13:23:00', 0, NULL, NULL, NULL, NULL, 0, NULL, 0, NULL, 0, NULL, NULL, 0, NULL, 0);
INSERT INTO admissions (id, admission_id, patient_id, doctor_id, room_number, ward_type, admission_date, discharge_date, status, reason, diagnosis, notes, daily_cost, total_cost, initial_deposit, created_at, updated_at, additional_payments, current_room_id, current_ward_type, current_room_number, lastPaymentDate, total_discount, lastDiscountDate, lastDiscountAmount, lastDiscountReason, lastPaymentAmount, last_payment_date, last_discount_date, last_discount_amount, last_discount_reason, last_payment_amount) VALUES ('f4b2022e8cdd4f28129ee438a1efa14c', 'ADM-2025-091', 'f5a63a74f5f3a4cd02a82c228cae7176', '8a5d3fa53165827b7afbadc2cdeaf97b', 'GW-07', 'General Ward', '2025-08-27T08:03:40.082Z', '2025-09-03T21:30:34.109Z', 'discharged', '', '', '', 600, 0, 0, '2025-08-27 08:03:40', '2025-09-03T21:30:34.109Z', 0, NULL, NULL, NULL, NULL, 0, NULL, 0, NULL, 0, NULL, NULL, 0, NULL, 0);
INSERT INTO admissions (id, admission_id, patient_id, doctor_id, room_number, ward_type, admission_date, discharge_date, status, reason, diagnosis, notes, daily_cost, total_cost, initial_deposit, created_at, updated_at, additional_payments, current_room_id, current_ward_type, current_room_number, lastPaymentDate, total_discount, lastDiscountDate, lastDiscountAmount, lastDiscountReason, lastPaymentAmount, last_payment_date, last_discount_date, last_discount_amount, last_discount_reason, last_payment_amount) VALUES ('1b38bea9c9db17130f49c1340500bc10', 'ADM-2025-092', '370ebf4bccacd9d107e17e86c16b8c22', '8a5d3fa53165827b7afbadc2cdeaf97b', 'ICU-2', 'ICU', '2025-08-27T08:04:06.814Z', '2025-08-27T08:04:11.798Z', 'discharged', '', '', '', 1600, 0, 0, '2025-08-27 08:04:06', '2025-08-27T08:04:11.800Z', 0, NULL, NULL, NULL, NULL, 0, NULL, 0, NULL, 0, NULL, NULL, 0, NULL, 0);
INSERT INTO admissions (id, admission_id, patient_id, doctor_id, room_number, ward_type, admission_date, discharge_date, status, reason, diagnosis, notes, daily_cost, total_cost, initial_deposit, created_at, updated_at, additional_payments, current_room_id, current_ward_type, current_room_number, lastPaymentDate, total_discount, lastDiscountDate, lastDiscountAmount, lastDiscountReason, lastPaymentAmount, last_payment_date, last_discount_date, last_discount_amount, last_discount_reason, last_payment_amount) VALUES ('3b36f90315bba361dd7e47d304e48368', 'ADM-2025-093', '370ebf4bccacd9d107e17e86c16b8c22', '8a5d3fa53165827b7afbadc2cdeaf97b', 'ICU-2', 'ICU', '2025-08-27T08:04:11.781Z', '2025-08-27T08:04:11.776Z', 'discharged', '', '', '', 1600, 0, 0, '2025-08-27 08:04:11', '2025-08-27 08:04:11', 0, NULL, NULL, NULL, NULL, 0, NULL, 0, NULL, 0, NULL, NULL, 0, NULL, 0);
INSERT INTO admissions (id, admission_id, patient_id, doctor_id, room_number, ward_type, admission_date, discharge_date, status, reason, diagnosis, notes, daily_cost, total_cost, initial_deposit, created_at, updated_at, additional_payments, current_room_id, current_ward_type, current_room_number, lastPaymentDate, total_discount, lastDiscountDate, lastDiscountAmount, lastDiscountReason, lastPaymentAmount, last_payment_date, last_discount_date, last_discount_amount, last_discount_reason, last_payment_amount) VALUES ('67cb6f7a883a5f2694eb8d9c3e6202e5', 'ADM-2025-094', '370ebf4bccacd9d107e17e86c16b8c22', '9b25e50ddf70456e460eec7c08cbc98a', 'ICU-2', 'ICU', '2025-08-27T08:04:26.964Z', '2025-08-27T08:05:26.803Z', 'discharged', '', '', '', 1600, 0, 0, '2025-08-27 08:04:26', '2025-08-27T08:05:26.804Z', 0, NULL, NULL, NULL, NULL, 0, NULL, 0, NULL, 0, NULL, NULL, 0, NULL, 0);
INSERT INTO admissions (id, admission_id, patient_id, doctor_id, room_number, ward_type, admission_date, discharge_date, status, reason, diagnosis, notes, daily_cost, total_cost, initial_deposit, created_at, updated_at, additional_payments, current_room_id, current_ward_type, current_room_number, lastPaymentDate, total_discount, lastDiscountDate, lastDiscountAmount, lastDiscountReason, lastPaymentAmount, last_payment_date, last_discount_date, last_discount_amount, last_discount_reason, last_payment_amount) VALUES ('7da2d4f7ba10c606f0ac50da6763837e', 'ADM-2025-095', '370ebf4bccacd9d107e17e86c16b8c22', '9b25e50ddf70456e460eec7c08cbc98a', 'ICU-2', 'ICU', '2025-08-27T08:05:26.785Z', '2025-08-27T08:05:26.783Z', 'discharged', '', '', '', 1600, 0, 0, '2025-08-27 08:05:26', '2025-08-27 08:05:26', 0, NULL, NULL, NULL, NULL, 0, NULL, 0, NULL, 0, NULL, NULL, 0, NULL, 0);
INSERT INTO admissions (id, admission_id, patient_id, doctor_id, room_number, ward_type, admission_date, discharge_date, status, reason, diagnosis, notes, daily_cost, total_cost, initial_deposit, created_at, updated_at, additional_payments, current_room_id, current_ward_type, current_room_number, lastPaymentDate, total_discount, lastDiscountDate, lastDiscountAmount, lastDiscountReason, lastPaymentAmount, last_payment_date, last_discount_date, last_discount_amount, last_discount_reason, last_payment_amount) VALUES ('0a2cfe6c00f7465c530cb1b317b720c7', 'ADM-2025-096', 'a02be052a1eb8b53d2bd4963ae9e30aa', '8a5d3fa53165827b7afbadc2cdeaf97b', NULL, NULL, '2025-08-28T06:56:20.022Z', '2025-08-28T06:57:00.139Z', 'discharged', '', '', '', 600, 0, 0, '2025-08-28 06:56:20', '2025-08-28T06:57:00.139Z', 0, NULL, 'ICU', 'ICU-2', NULL, 0, NULL, 0, NULL, 0, NULL, NULL, 0, NULL, 0);
INSERT INTO admissions (id, admission_id, patient_id, doctor_id, room_number, ward_type, admission_date, discharge_date, status, reason, diagnosis, notes, daily_cost, total_cost, initial_deposit, created_at, updated_at, additional_payments, current_room_id, current_ward_type, current_room_number, lastPaymentDate, total_discount, lastDiscountDate, lastDiscountAmount, lastDiscountReason, lastPaymentAmount, last_payment_date, last_discount_date, last_discount_amount, last_discount_reason, last_payment_amount) VALUES ('692e0d15f0223fa184f9d49929406bae', 'ADM-2025-097', 'ba50ec1ee71a4a3bddb346e8f6aa8fa6', '8a5d3fa53165827b7afbadc2cdeaf97b', NULL, NULL, '2025-08-28T06:58:43.284Z', '2025-08-28T07:01:10.555Z', 'discharged', 'sssasa', '', 'dsdd', 800, 0, 2000, '2025-08-28 06:58:43', '2025-08-28T07:01:10.555Z', 0, NULL, 'Private Room', 'PR-3', NULL, 0, NULL, 0, NULL, 0, NULL, NULL, 0, NULL, 0);
INSERT INTO admissions (id, admission_id, patient_id, doctor_id, room_number, ward_type, admission_date, discharge_date, status, reason, diagnosis, notes, daily_cost, total_cost, initial_deposit, created_at, updated_at, additional_payments, current_room_id, current_ward_type, current_room_number, lastPaymentDate, total_discount, lastDiscountDate, lastDiscountAmount, lastDiscountReason, lastPaymentAmount, last_payment_date, last_discount_date, last_discount_amount, last_discount_reason, last_payment_amount) VALUES ('69b27cd3161cda3e7e59fd7b72156f64', 'ADM-2025-098', 'ba50ec1ee71a4a3bddb346e8f6aa8fa6', '9b25e50ddf70456e460eec7c08cbc98a', NULL, NULL, '2025-08-28T07:03:07.599Z', '2025-09-03T21:29:54.201Z', 'discharged', '', '', '', 600, 0, 1000, '2025-08-28 07:03:07', '2025-09-03T21:29:54.201Z', 0, NULL, 'Casualty', 'C-2', NULL, 0, NULL, 0, NULL, 0, NULL, NULL, 0, NULL, 0);
INSERT INTO admissions (id, admission_id, patient_id, doctor_id, room_number, ward_type, admission_date, discharge_date, status, reason, diagnosis, notes, daily_cost, total_cost, initial_deposit, created_at, updated_at, additional_payments, current_room_id, current_ward_type, current_room_number, lastPaymentDate, total_discount, lastDiscountDate, lastDiscountAmount, lastDiscountReason, lastPaymentAmount, last_payment_date, last_discount_date, last_discount_amount, last_discount_reason, last_payment_amount) VALUES ('a9585e6bd4d913730f3db5c47b258864', 'ADM-2025-099', 'c4b735850d56a0d59a328f35e972e7d8', '8a5d3fa53165827b7afbadc2cdeaf97b', NULL, NULL, '2025-08-28T19:18:49.144Z', '2025-08-28T19:22:28.204Z', 'discharged', '', '', '', 1600, 0, 0, '2025-08-28 19:18:49', '2025-08-28T19:22:28.204Z', 0, NULL, 'ICU', 'ICU-2', NULL, 0, NULL, 0, NULL, 0, NULL, NULL, 0, NULL, 0);
INSERT INTO admissions (id, admission_id, patient_id, doctor_id, room_number, ward_type, admission_date, discharge_date, status, reason, diagnosis, notes, daily_cost, total_cost, initial_deposit, created_at, updated_at, additional_payments, current_room_id, current_ward_type, current_room_number, lastPaymentDate, total_discount, lastDiscountDate, lastDiscountAmount, lastDiscountReason, lastPaymentAmount, last_payment_date, last_discount_date, last_discount_amount, last_discount_reason, last_payment_amount) VALUES ('1e038c7a9986306e21ba4b061f0a379e', 'ADM-2025-100', 'c4b735850d56a0d59a328f35e972e7d8', '8a5d3fa53165827b7afbadc2cdeaf97b', NULL, NULL, '2025-08-28T19:27:42.396Z', '2025-08-28T19:33:43.209Z', 'discharged', '', '', '', 600, 0, 0, '2025-08-28 19:27:42', '2025-08-28T19:33:43.209Z', 0, NULL, 'General Ward', 'GW-05', NULL, 0, NULL, 0, NULL, 0, NULL, NULL, 0, NULL, 0);
INSERT INTO admissions (id, admission_id, patient_id, doctor_id, room_number, ward_type, admission_date, discharge_date, status, reason, diagnosis, notes, daily_cost, total_cost, initial_deposit, created_at, updated_at, additional_payments, current_room_id, current_ward_type, current_room_number, lastPaymentDate, total_discount, lastDiscountDate, lastDiscountAmount, lastDiscountReason, lastPaymentAmount, last_payment_date, last_discount_date, last_discount_amount, last_discount_reason, last_payment_amount) VALUES ('7820c07070e30dad48f562072c024cd3', 'ADM-2025-101', 'c4b735850d56a0d59a328f35e972e7d8', '8a5d3fa53165827b7afbadc2cdeaf97b', NULL, NULL, '2025-08-28T19:45:27.972Z', '2025-08-30T18:34:19.432Z', 'discharged', '', '', '', 600, 0, 0, '2025-08-28 19:45:27', '2025-08-30T18:34:19.432Z', 10004, NULL, 'ICU', 'ICU-2', NULL, 0, NULL, 0, NULL, 0, NULL, NULL, 0, NULL, 0);
INSERT INTO admissions (id, admission_id, patient_id, doctor_id, room_number, ward_type, admission_date, discharge_date, status, reason, diagnosis, notes, daily_cost, total_cost, initial_deposit, created_at, updated_at, additional_payments, current_room_id, current_ward_type, current_room_number, lastPaymentDate, total_discount, lastDiscountDate, lastDiscountAmount, lastDiscountReason, lastPaymentAmount, last_payment_date, last_discount_date, last_discount_amount, last_discount_reason, last_payment_amount) VALUES ('e95a3af6f5143c5b5ee9426a5f61ca26', 'ADM-2025-102', '6689022e9c52aedafb4ed02f9fde6748', '9b25e50ddf70456e460eec7c08cbc98a', NULL, NULL, '2025-08-31T12:26:57.851Z', '2025-08-31T12:28:10.723Z', 'discharged', '', '', '', 1600, 0, 0, '2025-08-31 12:26:57', '2025-08-31T12:28:10.723Z', 0, NULL, 'ICU', 'ICU-2', NULL, 0, NULL, 0, NULL, 0, NULL, NULL, 0, NULL, 0);
INSERT INTO admissions (id, admission_id, patient_id, doctor_id, room_number, ward_type, admission_date, discharge_date, status, reason, diagnosis, notes, daily_cost, total_cost, initial_deposit, created_at, updated_at, additional_payments, current_room_id, current_ward_type, current_room_number, lastPaymentDate, total_discount, lastDiscountDate, lastDiscountAmount, lastDiscountReason, lastPaymentAmount, last_payment_date, last_discount_date, last_discount_amount, last_discount_reason, last_payment_amount) VALUES ('7490dceafa2bde9188e06b3ca59a53f6', 'ADM-2025-103', 'c4b735850d56a0d59a328f35e972e7d8', '8a5d3fa53165827b7afbadc2cdeaf97b', NULL, NULL, '2025-08-31T12:28:26.257Z', '2025-09-03T21:23:19.214Z', 'discharged', '', '', '', 600, 0, 12000, '2025-08-31 12:28:26', '2025-09-03T21:23:19.214Z', 0, NULL, 'General Ward', 'GW-05', NULL, 0, NULL, 0, NULL, 0, NULL, NULL, 0, NULL, 0);
INSERT INTO admissions (id, admission_id, patient_id, doctor_id, room_number, ward_type, admission_date, discharge_date, status, reason, diagnosis, notes, daily_cost, total_cost, initial_deposit, created_at, updated_at, additional_payments, current_room_id, current_ward_type, current_room_number, lastPaymentDate, total_discount, lastDiscountDate, lastDiscountAmount, lastDiscountReason, lastPaymentAmount, last_payment_date, last_discount_date, last_discount_amount, last_discount_reason, last_payment_amount) VALUES ('77eeae12cfe2bb1d1088e0b5b1434c07', 'ADM-2025-104', 'fdd8de115ef81cf32bae39ee0f045e9a', '8a5d3fa53165827b7afbadc2cdeaf97b', NULL, NULL, '2025-08-31T13:34:26.373Z', '2025-09-03T21:20:38.884Z', 'discharged', '', '', '', 600, 0, 0, '2025-08-31 13:34:26', '2025-09-03T21:20:38.884Z', 0, NULL, 'General Ward', 'GW-10', NULL, 0, NULL, 0, NULL, 0, NULL, NULL, 0, NULL, 0);
INSERT INTO admissions (id, admission_id, patient_id, doctor_id, room_number, ward_type, admission_date, discharge_date, status, reason, diagnosis, notes, daily_cost, total_cost, initial_deposit, created_at, updated_at, additional_payments, current_room_id, current_ward_type, current_room_number, lastPaymentDate, total_discount, lastDiscountDate, lastDiscountAmount, lastDiscountReason, lastPaymentAmount, last_payment_date, last_discount_date, last_discount_amount, last_discount_reason, last_payment_amount) VALUES ('a918bff6cff244998a1445401b267abb', 'ADM-2025-105', '8e4a4b7f9896752fc6335dc0ae203ed0', '8a5d3fa53165827b7afbadc2cdeaf97b', NULL, NULL, '2025-08-31T14:21:03.954Z', '2025-08-31T14:23:44.498Z', 'discharged', '', '', '', 1600, 0, 0, '2025-08-31 14:21:03', '2025-08-31T14:23:44.498Z', 0, NULL, 'Private Room', 'PR-5', NULL, 0, NULL, 0, NULL, 0, NULL, NULL, 0, NULL, 0);
INSERT INTO admissions (id, admission_id, patient_id, doctor_id, room_number, ward_type, admission_date, discharge_date, status, reason, diagnosis, notes, daily_cost, total_cost, initial_deposit, created_at, updated_at, additional_payments, current_room_id, current_ward_type, current_room_number, lastPaymentDate, total_discount, lastDiscountDate, lastDiscountAmount, lastDiscountReason, lastPaymentAmount, last_payment_date, last_discount_date, last_discount_amount, last_discount_reason, last_payment_amount) VALUES ('8a63b09829c47621f7fdb6a20fefb9a7', 'ADM-2025-106', '8e482369bd27098a426a158c95141c8d', '9b25e50ddf70456e460eec7c08cbc98a', NULL, NULL, '2025-08-31T14:22:02.667Z', '2025-08-31T14:22:20.972Z', 'discharged', '', '', '', 600, 0, 0, '2025-08-31 14:22:02', '2025-08-31T14:22:20.972Z', 0, NULL, 'General Ward', 'GW-03', NULL, 0, NULL, 0, NULL, 0, NULL, NULL, 0, NULL, 0);
INSERT INTO admissions (id, admission_id, patient_id, doctor_id, room_number, ward_type, admission_date, discharge_date, status, reason, diagnosis, notes, daily_cost, total_cost, initial_deposit, created_at, updated_at, additional_payments, current_room_id, current_ward_type, current_room_number, lastPaymentDate, total_discount, lastDiscountDate, lastDiscountAmount, lastDiscountReason, lastPaymentAmount, last_payment_date, last_discount_date, last_discount_amount, last_discount_reason, last_payment_amount) VALUES ('cb093f867f1fc782a9bb00483d94fe25', 'ADM-2025-107', '8e482369bd27098a426a158c95141c8d', '8a5d3fa53165827b7afbadc2cdeaf97b', NULL, NULL, '2025-08-31T17:16:07.107Z', '2025-08-31T17:16:10.032Z', 'discharged', '', '', '', 600, 0, 1000, '2025-08-31 17:16:07', '2025-08-31T17:16:10.032Z', 0, NULL, 'General Ward', 'GW-07', NULL, 0, NULL, 0, NULL, 0, NULL, NULL, 0, NULL, 0);
INSERT INTO admissions (id, admission_id, patient_id, doctor_id, room_number, ward_type, admission_date, discharge_date, status, reason, diagnosis, notes, daily_cost, total_cost, initial_deposit, created_at, updated_at, additional_payments, current_room_id, current_ward_type, current_room_number, lastPaymentDate, total_discount, lastDiscountDate, lastDiscountAmount, lastDiscountReason, lastPaymentAmount, last_payment_date, last_discount_date, last_discount_amount, last_discount_reason, last_payment_amount) VALUES ('38807e80819403f91f5d798268beb594', 'ADM-2025-108', '22db7f2a9da62cf7ea461a73aeb6a331', '8a5d3fa53165827b7afbadc2cdeaf97b', NULL, NULL, '2025-09-02T08:14:13.769Z', '2025-09-03T20:52:08.739Z', 'discharged', '', '', '', 1600, 0, 0, '2025-09-02 08:14:13', '2025-09-03T20:52:08.739Z', 0, NULL, 'ICU', 'ICU-2', NULL, 0, NULL, 0, NULL, 0, NULL, NULL, 0, NULL, 0);
INSERT INTO admissions (id, admission_id, patient_id, doctor_id, room_number, ward_type, admission_date, discharge_date, status, reason, diagnosis, notes, daily_cost, total_cost, initial_deposit, created_at, updated_at, additional_payments, current_room_id, current_ward_type, current_room_number, lastPaymentDate, total_discount, lastDiscountDate, lastDiscountAmount, lastDiscountReason, lastPaymentAmount, last_payment_date, last_discount_date, last_discount_amount, last_discount_reason, last_payment_amount) VALUES ('d0b78def2c96cb79615aa4e8c5e39d33', 'ADM-2025-109', '6433a23edac0278ff42daf73c3f66a67', NULL, NULL, NULL, '2025-09-03T10:06:58.317Z', '2025-09-03T20:48:14.239Z', 'discharged', '', '', '', 1400, 0, 1000, '2025-09-03 10:06:58', '2025-09-03T20:48:14.239Z', 0, NULL, 'Private Room', 'PR-3', NULL, 0, NULL, 0, NULL, 0, NULL, NULL, 0, NULL, 0);
INSERT INTO admissions (id, admission_id, patient_id, doctor_id, room_number, ward_type, admission_date, discharge_date, status, reason, diagnosis, notes, daily_cost, total_cost, initial_deposit, created_at, updated_at, additional_payments, current_room_id, current_ward_type, current_room_number, lastPaymentDate, total_discount, lastDiscountDate, lastDiscountAmount, lastDiscountReason, lastPaymentAmount, last_payment_date, last_discount_date, last_discount_amount, last_discount_reason, last_payment_amount) VALUES ('523c3e78dbbf0b6edf896b474de09e3c', 'ADM-2025-110', 'dea92b974cc822aa4cdfbf958848f560', '8a5d3fa53165827b7afbadc2cdeaf97b', NULL, NULL, '2025-09-03T21:43:31.575Z', '2025-09-04', 'discharged', '', '', '', 600, 0, 0, '2025-09-03 21:43:31', '2025-09-04T06:04:20.885Z', 0, NULL, 'General Ward', 'GW-01', NULL, 0, NULL, 0, NULL, 0, NULL, NULL, 0, NULL, 0);
INSERT INTO admissions (id, admission_id, patient_id, doctor_id, room_number, ward_type, admission_date, discharge_date, status, reason, diagnosis, notes, daily_cost, total_cost, initial_deposit, created_at, updated_at, additional_payments, current_room_id, current_ward_type, current_room_number, lastPaymentDate, total_discount, lastDiscountDate, lastDiscountAmount, lastDiscountReason, lastPaymentAmount, last_payment_date, last_discount_date, last_discount_amount, last_discount_reason, last_payment_amount) VALUES ('3b42a308a34040f2d7293754db5569ba', 'ADM-2025-111', 'f043628eef58f7878f1429ee0c75ecfd', '8a5d3fa53165827b7afbadc2cdeaf97b', NULL, NULL, '2025-09-03T21:44:53.511Z', '2025-09-03T21:54:41.237Z', 'discharged', '', '', '', 600, 0, 0, '2025-09-03 21:44:53', '2025-09-03T21:54:41.237Z', 0, NULL, 'General Ward', 'GW-01', NULL, 0, NULL, 0, NULL, 0, NULL, NULL, 0, NULL, 0);
INSERT INTO admissions (id, admission_id, patient_id, doctor_id, room_number, ward_type, admission_date, discharge_date, status, reason, diagnosis, notes, daily_cost, total_cost, initial_deposit, created_at, updated_at, additional_payments, current_room_id, current_ward_type, current_room_number, lastPaymentDate, total_discount, lastDiscountDate, lastDiscountAmount, lastDiscountReason, lastPaymentAmount, last_payment_date, last_discount_date, last_discount_amount, last_discount_reason, last_payment_amount) VALUES ('dc143f537cf13df3548be6eccd764330', 'ADM-2025-112', 'f043628eef58f7878f1429ee0c75ecfd', '8a5d3fa53165827b7afbadc2cdeaf97b', NULL, NULL, '2025-09-04T00:58:17.825Z', '2025-09-04', 'discharged', '', '', '', 600, 0, 0, '2025-09-04 00:58:17', '2025-09-04T06:03:36.775Z', 0, NULL, 'General Ward', 'GW-02', NULL, 0, NULL, 0, NULL, 0, NULL, NULL, 0, NULL, 0);
INSERT INTO admissions (id, admission_id, patient_id, doctor_id, room_number, ward_type, admission_date, discharge_date, status, reason, diagnosis, notes, daily_cost, total_cost, initial_deposit, created_at, updated_at, additional_payments, current_room_id, current_ward_type, current_room_number, lastPaymentDate, total_discount, lastDiscountDate, lastDiscountAmount, lastDiscountReason, lastPaymentAmount, last_payment_date, last_discount_date, last_discount_amount, last_discount_reason, last_payment_amount) VALUES ('f62b29a447b8c91e7cd66034d748f984', 'ADM-2025-113', '8cc3c42c2363dfe90ada2309036ca820', '9b25e50ddf70456e460eec7c08cbc98a', NULL, NULL, '2025-09-04T05:41:48.986Z', '2025-09-04', 'discharged', '', '', '', 1600, 0, 0, '2025-09-04 05:41:48', '2025-09-04T06:00:37.781Z', 0, NULL, 'ICU', 'ICU-2', NULL, 0, NULL, 0, NULL, 0, NULL, NULL, 0, NULL, 0);
INSERT INTO admissions (id, admission_id, patient_id, doctor_id, room_number, ward_type, admission_date, discharge_date, status, reason, diagnosis, notes, daily_cost, total_cost, initial_deposit, created_at, updated_at, additional_payments, current_room_id, current_ward_type, current_room_number, lastPaymentDate, total_discount, lastDiscountDate, lastDiscountAmount, lastDiscountReason, lastPaymentAmount, last_payment_date, last_discount_date, last_discount_amount, last_discount_reason, last_payment_amount) VALUES ('df7df43fea303f435271b9124bb30507', 'ADM-2025-114', '8cc3c42c2363dfe90ada2309036ca820', '9b25e50ddf70456e460eec7c08cbc98a', NULL, NULL, '2025-09-04', '2025-09-04', 'discharged', '', '', '', 1200, 0, 0, '2025-09-04 06:00:45', '2025-09-04T06:03:24.856Z', 0, NULL, 'Casualty', 'C-2', NULL, 0, NULL, 0, NULL, 0, NULL, NULL, 0, NULL, 0);
INSERT INTO admissions (id, admission_id, patient_id, doctor_id, room_number, ward_type, admission_date, discharge_date, status, reason, diagnosis, notes, daily_cost, total_cost, initial_deposit, created_at, updated_at, additional_payments, current_room_id, current_ward_type, current_room_number, lastPaymentDate, total_discount, lastDiscountDate, lastDiscountAmount, lastDiscountReason, lastPaymentAmount, last_payment_date, last_discount_date, last_discount_amount, last_discount_reason, last_payment_amount) VALUES ('05726ee82655ee186ba2200629b0082b', 'ADM-2025-115', '8cc3c42c2363dfe90ada2309036ca820', '9b25e50ddf70456e460eec7c08cbc98a', NULL, NULL, '2025-09-04', '2025-09-04', 'discharged', '', '', '', 1200, 0, 0, '2025-09-04 06:04:42', '2025-09-04T06:13:37.483Z', 0, NULL, 'Casualty', 'C-1', NULL, 0, NULL, 0, NULL, 0, NULL, NULL, 0, NULL, 0);
INSERT INTO admissions (id, admission_id, patient_id, doctor_id, room_number, ward_type, admission_date, discharge_date, status, reason, diagnosis, notes, daily_cost, total_cost, initial_deposit, created_at, updated_at, additional_payments, current_room_id, current_ward_type, current_room_number, lastPaymentDate, total_discount, lastDiscountDate, lastDiscountAmount, lastDiscountReason, lastPaymentAmount, last_payment_date, last_discount_date, last_discount_amount, last_discount_reason, last_payment_amount) VALUES ('c0e293df7cc2bdfcaeeb81bebdbbba29', 'ADM-2025-116', '8cc3c42c2363dfe90ada2309036ca820', NULL, NULL, NULL, '2025-09-04', '2025-09-04', 'discharged', '', '', '', 1200, 0, 0, '2025-09-04 06:14:42', '2025-09-04T06:35:20.222Z', 0, NULL, 'Casualty', 'C-2', NULL, 0, NULL, 0, NULL, 0, NULL, NULL, 0, NULL, 0);
INSERT INTO admissions (id, admission_id, patient_id, doctor_id, room_number, ward_type, admission_date, discharge_date, status, reason, diagnosis, notes, daily_cost, total_cost, initial_deposit, created_at, updated_at, additional_payments, current_room_id, current_ward_type, current_room_number, lastPaymentDate, total_discount, lastDiscountDate, lastDiscountAmount, lastDiscountReason, lastPaymentAmount, last_payment_date, last_discount_date, last_discount_amount, last_discount_reason, last_payment_amount) VALUES ('4546f46dcd94a9b471b3afc18700a47e', 'ADM-2025-117', '8cc3c42c2363dfe90ada2309036ca820', '9b25e50ddf70456e460eec7c08cbc98a', NULL, NULL, '2025-09-04', '2025-09-04', 'discharged', '', '', '', 1600, 0, 2000, '2025-09-04 06:36:11', '2025-09-04T06:48:51.498Z', 0, NULL, 'ICU', 'ICU-2', NULL, 0, NULL, 0, NULL, 0, NULL, NULL, 0, NULL, 0);
INSERT INTO admissions (id, admission_id, patient_id, doctor_id, room_number, ward_type, admission_date, discharge_date, status, reason, diagnosis, notes, daily_cost, total_cost, initial_deposit, created_at, updated_at, additional_payments, current_room_id, current_ward_type, current_room_number, lastPaymentDate, total_discount, lastDiscountDate, lastDiscountAmount, lastDiscountReason, lastPaymentAmount, last_payment_date, last_discount_date, last_discount_amount, last_discount_reason, last_payment_amount) VALUES ('5616433ceff14278a31488bb7381c517', 'ADM-2025-118', '8cc3c42c2363dfe90ada2309036ca820', '9b25e50ddf70456e460eec7c08cbc98a', NULL, NULL, '2025-09-04', '2025-09-04', 'discharged', '', '', '', 1600, 0, 0, '2025-09-04 06:49:14', '2025-09-04T06:49:28.609Z', 0, NULL, 'ICU', 'ICU-2', NULL, 0, NULL, 0, NULL, 0, NULL, NULL, 0, NULL, 0);
INSERT INTO admissions (id, admission_id, patient_id, doctor_id, room_number, ward_type, admission_date, discharge_date, status, reason, diagnosis, notes, daily_cost, total_cost, initial_deposit, created_at, updated_at, additional_payments, current_room_id, current_ward_type, current_room_number, lastPaymentDate, total_discount, lastDiscountDate, lastDiscountAmount, lastDiscountReason, lastPaymentAmount, last_payment_date, last_discount_date, last_discount_amount, last_discount_reason, last_payment_amount) VALUES ('665750cfe436b7dfebc417dd11ab6c6e', 'ADM-2025-119', '8cc3c42c2363dfe90ada2309036ca820', NULL, NULL, NULL, '2025-09-04', '2025-09-04', 'discharged', '', '', '', 1200, 0, 0, '2025-09-04 07:09:38', '2025-09-04T07:31:38.587Z', 0, NULL, 'Casualty', 'C-2', NULL, 0, NULL, 0, NULL, 0, NULL, NULL, 0, NULL, 0);
INSERT INTO admissions (id, admission_id, patient_id, doctor_id, room_number, ward_type, admission_date, discharge_date, status, reason, diagnosis, notes, daily_cost, total_cost, initial_deposit, created_at, updated_at, additional_payments, current_room_id, current_ward_type, current_room_number, lastPaymentDate, total_discount, lastDiscountDate, lastDiscountAmount, lastDiscountReason, lastPaymentAmount, last_payment_date, last_discount_date, last_discount_amount, last_discount_reason, last_payment_amount) VALUES ('81a9d094f8a2fe51286a0dae0b03fbd3', 'ADM-2025-120', '8cc3c42c2363dfe90ada2309036ca820', '8a5d3fa53165827b7afbadc2cdeaf97b', NULL, NULL, '2025-09-04', '2025-09-04', 'discharged', '', '', '', 1200, 0, 0, '2025-09-04 07:31:57', '2025-09-04T07:38:38.776Z', 0, NULL, 'Casualty', 'C-2', NULL, 0, NULL, 0, NULL, 0, NULL, NULL, 0, NULL, 0);
INSERT INTO admissions (id, admission_id, patient_id, doctor_id, room_number, ward_type, admission_date, discharge_date, status, reason, diagnosis, notes, daily_cost, total_cost, initial_deposit, created_at, updated_at, additional_payments, current_room_id, current_ward_type, current_room_number, lastPaymentDate, total_discount, lastDiscountDate, lastDiscountAmount, lastDiscountReason, lastPaymentAmount, last_payment_date, last_discount_date, last_discount_amount, last_discount_reason, last_payment_amount) VALUES ('3721510b6d6d655870b76ea2182d656d', 'ADM-2025-121', '8cc3c42c2363dfe90ada2309036ca820', NULL, NULL, NULL, '2025-09-04', NULL, 'admitted', '', '', '', 600, 0, 0, '2025-09-04 07:38:50', '2025-09-04 07:38:50', 0, NULL, 'General Ward', 'GW-03', NULL, 0, NULL, 0, NULL, 0, NULL, NULL, 0, NULL, 0);
INSERT INTO admissions (id, admission_id, patient_id, doctor_id, room_number, ward_type, admission_date, discharge_date, status, reason, diagnosis, notes, daily_cost, total_cost, initial_deposit, created_at, updated_at, additional_payments, current_room_id, current_ward_type, current_room_number, lastPaymentDate, total_discount, lastDiscountDate, lastDiscountAmount, lastDiscountReason, lastPaymentAmount, last_payment_date, last_discount_date, last_discount_amount, last_discount_reason, last_payment_amount) VALUES ('abb1756b0691896225f5577e8723bbf9', 'ADM-2025-122', '6ca2988d9bbc6d50cd9797f4ada416c6', NULL, NULL, NULL, '2025-09-04', '2025-09-04', 'discharged', '', '', '', 600, 0, 0, '2025-09-04 07:45:51', '2025-09-04T12:39:49.022Z', 0, NULL, 'General Ward', 'GW-05', NULL, 0, NULL, 0, NULL, 0, NULL, NULL, 0, NULL, 0);
INSERT INTO admissions (id, admission_id, patient_id, doctor_id, room_number, ward_type, admission_date, discharge_date, status, reason, diagnosis, notes, daily_cost, total_cost, initial_deposit, created_at, updated_at, additional_payments, current_room_id, current_ward_type, current_room_number, lastPaymentDate, total_discount, lastDiscountDate, lastDiscountAmount, lastDiscountReason, lastPaymentAmount, last_payment_date, last_discount_date, last_discount_amount, last_discount_reason, last_payment_amount) VALUES ('667762e352c9075c70ffd36792fa9770', 'ADM-2025-123', '6ca2988d9bbc6d50cd9797f4ada416c6', '9b25e50ddf70456e460eec7c08cbc98a', NULL, NULL, '2025-09-04', '2025-09-05', 'discharged', '', '', '', 1200, 0, 3000, '2025-09-04 12:40:01', '2025-09-05T08:14:28.584Z', 0, NULL, 'Casualty', 'C-2', NULL, 0, NULL, 0, NULL, 0, NULL, NULL, 0, NULL, 0);
INSERT INTO admissions (id, admission_id, patient_id, doctor_id, room_number, ward_type, admission_date, discharge_date, status, reason, diagnosis, notes, daily_cost, total_cost, initial_deposit, created_at, updated_at, additional_payments, current_room_id, current_ward_type, current_room_number, lastPaymentDate, total_discount, lastDiscountDate, lastDiscountAmount, lastDiscountReason, lastPaymentAmount, last_payment_date, last_discount_date, last_discount_amount, last_discount_reason, last_payment_amount) VALUES ('95ae2dab46dd15bc101fbe7efd6d89c3', 'ADM-2025-124', '6ca2988d9bbc6d50cd9797f4ada416c6', '9b25e50ddf70456e460eec7c08cbc98a', NULL, NULL, '2025-09-05', NULL, 'admitted', '', '', '', 600, 0, 1000, '2025-09-05 08:14:45', '2025-09-05 08:14:45', 0, NULL, 'General Ward', 'GW-09', NULL, 0, NULL, 0, NULL, 0, NULL, NULL, 0, NULL, 0);
INSERT INTO admissions (id, admission_id, patient_id, doctor_id, room_number, ward_type, admission_date, discharge_date, status, reason, diagnosis, notes, daily_cost, total_cost, initial_deposit, created_at, updated_at, additional_payments, current_room_id, current_ward_type, current_room_number, lastPaymentDate, total_discount, lastDiscountDate, lastDiscountAmount, lastDiscountReason, lastPaymentAmount, last_payment_date, last_discount_date, last_discount_amount, last_discount_reason, last_payment_amount) VALUES ('a07d2f1269bdc7a57124134b66ea0d9b', 'ADM-2025-125', 'b4659b4a53fc8e7810a67d3b2c6bd371', '9b25e50ddf70456e460eec7c08cbc98a', NULL, NULL, '2025-09-05', NULL, 'admitted', '', '', '', 1600, 0, 3500, '2025-09-05 08:16:58', '2025-09-05 08:16:58', 0, NULL, 'ICU', 'ICU-2', NULL, 0, NULL, 0, NULL, 0, NULL, NULL, 0, NULL, 0);

-- Table: admission_events
DELETE FROM admission_events;
INSERT INTO admission_events (id, admission_id, event_type, event_time, room_id, room_number, ward_type, notes, created_by, created_at, receipt_number) VALUES ('fd80b45172747d43a69e97764e7b1d7b', '0a2cfe6c00f7465c530cb1b317b720c7', 'admit', '2025-08-28T06:56:20.022Z', NULL, 'GW-05', 'General Ward', 'Patient admitted to General Ward - Room GW-05', NULL, '2025-08-28 06:56:20', NULL);
INSERT INTO admission_events (id, admission_id, event_type, event_time, room_id, room_number, ward_type, notes, created_by, created_at, receipt_number) VALUES ('38106f86291cbce04153ae22c2fec8e6', '0a2cfe6c00f7465c530cb1b317b720c7', 'room_change', '2025-08-28T06:56:49.786Z', NULL, 'ICU-2', 'ICU', 'Room transferred to ICU - Room ICU-2', 'admin-user-id', '2025-08-28 06:56:49', NULL);
INSERT INTO admission_events (id, admission_id, event_type, event_time, room_id, room_number, ward_type, notes, created_by, created_at, receipt_number) VALUES ('9f7ee70f5c80975e082a04ef45390b70', '0a2cfe6c00f7465c530cb1b317b720c7', 'discharge', '2025-08-28T06:57:00.139Z', NULL, NULL, NULL, 'Patient discharged', 'admin-user-id', '2025-08-28 06:57:00', NULL);
INSERT INTO admission_events (id, admission_id, event_type, event_time, room_id, room_number, ward_type, notes, created_by, created_at, receipt_number) VALUES ('485726b0dec94f6298739c6da414740a', '692e0d15f0223fa184f9d49929406bae', 'admit', '2025-08-28T06:58:43.284Z', NULL, 'NR-F-1', 'Nursing Room', 'Patient admitted to Nursing Room - Room NR-F-1', NULL, '2025-08-28 06:58:43', NULL);
INSERT INTO admission_events (id, admission_id, event_type, event_time, room_id, room_number, ward_type, notes, created_by, created_at, receipt_number) VALUES ('d39afc3dedc8188137d2669692a34a99', '692e0d15f0223fa184f9d49929406bae', 'room_change', '2025-08-28T07:00:34.729Z', NULL, 'PR-3', 'Private Room', 'Room transferred to Private Room - Room PR-3', 'admin-user-id', '2025-08-28 07:00:34', NULL);
INSERT INTO admission_events (id, admission_id, event_type, event_time, room_id, room_number, ward_type, notes, created_by, created_at, receipt_number) VALUES ('5795bf2e2e250bb36402f4a811921efd', '692e0d15f0223fa184f9d49929406bae', 'discharge', '2025-08-28T07:01:10.555Z', NULL, NULL, NULL, 'Patient discharged', 'admin-user-id', '2025-08-28 07:01:10', NULL);
INSERT INTO admission_events (id, admission_id, event_type, event_time, room_id, room_number, ward_type, notes, created_by, created_at, receipt_number) VALUES ('dd118a10fef1de2b1cd8837df3ecf4ab', '69b27cd3161cda3e7e59fd7b72156f64', 'admit', '2025-08-28T07:03:07.599Z', NULL, 'GW-09', 'General Ward', 'Patient admitted to General Ward - Room GW-09', NULL, '2025-08-28 07:03:07', NULL);
INSERT INTO admission_events (id, admission_id, event_type, event_time, room_id, room_number, ward_type, notes, created_by, created_at, receipt_number) VALUES ('e5f5d7d4f6d05f1563be7a47b9617005', '69b27cd3161cda3e7e59fd7b72156f64', 'room_change', '2025-08-28T07:04:02.954Z', NULL, 'C-2', 'Casualty', 'Room transferred to Casualty - Room C-2', 'admin-user-id', '2025-08-28 07:04:02', NULL);
INSERT INTO admission_events (id, admission_id, event_type, event_time, room_id, room_number, ward_type, notes, created_by, created_at, receipt_number) VALUES ('8c492154b0679344c99e62e19cf8dfb5', 'a9585e6bd4d913730f3db5c47b258864', 'admit', '2025-08-28T19:18:49.144Z', NULL, 'ICU-2', 'ICU', 'Patient admitted to ICU - Room ICU-2', NULL, '2025-08-28 19:18:49', NULL);
INSERT INTO admission_events (id, admission_id, event_type, event_time, room_id, room_number, ward_type, notes, created_by, created_at, receipt_number) VALUES ('869f56123928e290eec853c4ce76ea59', 'a9585e6bd4d913730f3db5c47b258864', 'discharge', '2025-08-28T19:22:28.204Z', NULL, NULL, NULL, 'Patient discharged', 'admin-user-id', '2025-08-28 19:22:28', NULL);
INSERT INTO admission_events (id, admission_id, event_type, event_time, room_id, room_number, ward_type, notes, created_by, created_at, receipt_number) VALUES ('eaca9b0c6e3cb9db7abae3f322ca49b6', '1e038c7a9986306e21ba4b061f0a379e', 'admit', '2025-08-28T19:27:42.396Z', NULL, 'GW-05', 'General Ward', 'Patient admitted to General Ward - Room GW-05', NULL, '2025-08-28 19:27:42', NULL);
INSERT INTO admission_events (id, admission_id, event_type, event_time, room_id, room_number, ward_type, notes, created_by, created_at, receipt_number) VALUES ('e14ebcc68afd885553ca9f5481897db5', '1e038c7a9986306e21ba4b061f0a379e', 'discharge', '2025-08-28T19:33:43.209Z', NULL, NULL, NULL, 'Patient discharged', 'admin-user-id', '2025-08-28 19:33:43', NULL);
INSERT INTO admission_events (id, admission_id, event_type, event_time, room_id, room_number, ward_type, notes, created_by, created_at, receipt_number) VALUES ('7694d45033d0ea2de6a26901d38159a7', '7820c07070e30dad48f562072c024cd3', 'admit', '2025-08-28T19:45:27.972Z', NULL, 'GW-05', 'General Ward', 'Patient admitted to General Ward - Room GW-05', NULL, '2025-08-28 19:45:27', NULL);
INSERT INTO admission_events (id, admission_id, event_type, event_time, room_id, room_number, ward_type, notes, created_by, created_at, receipt_number) VALUES ('f4c5b3b03c28cbed1076b2dd8a06129a', '7820c07070e30dad48f562072c024cd3', 'room_change', '2025-08-28T19:45:35.693Z', NULL, 'ICU-2', 'ICU', 'Room transferred to ICU - Room ICU-2', 'admin-user-id', '2025-08-28 19:45:35', NULL);
INSERT INTO admission_events (id, admission_id, event_type, event_time, room_id, room_number, ward_type, notes, created_by, created_at, receipt_number) VALUES ('54e79a13d86fcebf26e0f660f8dd6017', '7820c07070e30dad48f562072c024cd3', 'discharge', '2025-08-30T18:34:19.432Z', NULL, NULL, NULL, 'Patient discharged', 'admin-user-id', '2025-08-30 18:34:19', NULL);
INSERT INTO admission_events (id, admission_id, event_type, event_time, room_id, room_number, ward_type, notes, created_by, created_at, receipt_number) VALUES ('5b0c0d377f19375111f0e19bfb8ae47e', 'e95a3af6f5143c5b5ee9426a5f61ca26', 'admit', '2025-08-31T12:26:57.851Z', NULL, 'ICU-2', 'ICU', 'Patient admitted to ICU - Room ICU-2', NULL, '2025-08-31 12:26:57', NULL);
INSERT INTO admission_events (id, admission_id, event_type, event_time, room_id, room_number, ward_type, notes, created_by, created_at, receipt_number) VALUES ('2636ef02f13a1ddfc1729354607fc5f5', 'e95a3af6f5143c5b5ee9426a5f61ca26', 'discharge', '2025-08-31T12:28:10.723Z', NULL, NULL, NULL, 'Patient discharged', 'admin-user-id', '2025-08-31 12:28:10', NULL);
INSERT INTO admission_events (id, admission_id, event_type, event_time, room_id, room_number, ward_type, notes, created_by, created_at, receipt_number) VALUES ('57972a1fa81ffc7e91500400dc8ab871', '7490dceafa2bde9188e06b3ca59a53f6', 'admit', '2025-08-31T12:28:26.257Z', NULL, 'GW-05', 'General Ward', 'Patient admitted to General Ward - Room GW-05', NULL, '2025-08-31 12:28:26', NULL);
INSERT INTO admission_events (id, admission_id, event_type, event_time, room_id, room_number, ward_type, notes, created_by, created_at, receipt_number) VALUES ('5547e52ea50d3661b1107dc66cf4681d', '77eeae12cfe2bb1d1088e0b5b1434c07', 'admit', '2025-08-31T13:34:26.373Z', NULL, 'GW-10', 'General Ward', 'Patient admitted to General Ward - Room GW-10', NULL, '2025-08-31 13:34:26', NULL);
INSERT INTO admission_events (id, admission_id, event_type, event_time, room_id, room_number, ward_type, notes, created_by, created_at, receipt_number) VALUES ('be8e3a02d2ad57652322156edf6a4425', 'a918bff6cff244998a1445401b267abb', 'admit', '2025-08-31T14:21:03.954Z', NULL, 'ICU-2', 'ICU', 'Patient admitted to ICU - Room ICU-2', NULL, '2025-08-31 14:21:03', '250831-ADM-0004');
INSERT INTO admission_events (id, admission_id, event_type, event_time, room_id, room_number, ward_type, notes, created_by, created_at, receipt_number) VALUES ('c5fcf58e880303fb1fbfd7132dc2332b', '8a63b09829c47621f7fdb6a20fefb9a7', 'admit', '2025-08-31T14:22:02.667Z', NULL, 'GW-03', 'General Ward', 'Patient admitted to General Ward - Room GW-03', NULL, '2025-08-31 14:22:02', '250831-ADM-0005');
INSERT INTO admission_events (id, admission_id, event_type, event_time, room_id, room_number, ward_type, notes, created_by, created_at, receipt_number) VALUES ('0424fb181f3833eafa165a081c4153fc', '8a63b09829c47621f7fdb6a20fefb9a7', 'discharge', '2025-08-31T14:22:20.972Z', NULL, NULL, NULL, 'Patient discharged', 'admin-user-id', '2025-08-31 14:22:20', '250831-DIS-0002');
INSERT INTO admission_events (id, admission_id, event_type, event_time, room_id, room_number, ward_type, notes, created_by, created_at, receipt_number) VALUES ('91b8c4663fd1cab833544bd3d053c1e7', 'a918bff6cff244998a1445401b267abb', 'room_change', '2025-08-31T14:22:47.242Z', NULL, 'GW-07', 'General Ward', 'Room transferred to General Ward - Room GW-07', 'admin-user-id', '2025-08-31 14:22:47', '250831-RMC-0001');
INSERT INTO admission_events (id, admission_id, event_type, event_time, room_id, room_number, ward_type, notes, created_by, created_at, receipt_number) VALUES ('ffd6f5cfe0d2bc5b53e13d9c51853ff1', 'a918bff6cff244998a1445401b267abb', 'room_change', '2025-08-31T14:23:03.682Z', NULL, 'PR-5', 'Private Room', 'Room transferred to Private Room - Room PR-5', 'admin-user-id', '2025-08-31 14:23:03', '250831-RMC-0002');
INSERT INTO admission_events (id, admission_id, event_type, event_time, room_id, room_number, ward_type, notes, created_by, created_at, receipt_number) VALUES ('a3a4bcd27381484ce7b774f663cfd7e7', 'a918bff6cff244998a1445401b267abb', 'discharge', '2025-08-31T14:23:44.498Z', NULL, NULL, NULL, 'Patient discharged', 'admin-user-id', '2025-08-31 14:23:44', '250831-DIS-0003');
INSERT INTO admission_events (id, admission_id, event_type, event_time, room_id, room_number, ward_type, notes, created_by, created_at, receipt_number) VALUES ('373200e9e580c826f50cfcedba3b27ff', 'cb093f867f1fc782a9bb00483d94fe25', 'admit', '2025-08-31T17:16:07.107Z', NULL, 'GW-07', 'General Ward', 'Patient admitted to General Ward - Room GW-07', NULL, '2025-08-31 17:16:07', '250831-ADM-0006');
INSERT INTO admission_events (id, admission_id, event_type, event_time, room_id, room_number, ward_type, notes, created_by, created_at, receipt_number) VALUES ('02740670e4796183c7d1ff7729bf2048', 'cb093f867f1fc782a9bb00483d94fe25', 'discharge', '2025-08-31T17:16:10.032Z', NULL, NULL, NULL, 'Patient discharged', 'admin-user-id', '2025-08-31 17:16:10', '250831-DIS-0004');
INSERT INTO admission_events (id, admission_id, event_type, event_time, room_id, room_number, ward_type, notes, created_by, created_at, receipt_number) VALUES ('abfa28ee698091cdaf715c7dcf39dd5d', '38807e80819403f91f5d798268beb594', 'admit', '2025-09-02T08:14:13.769Z', NULL, 'ICU-2', 'ICU', 'Patient admitted to ICU - Room ICU-2', NULL, '2025-09-02 08:14:13', '250902-ADM-0001');
INSERT INTO admission_events (id, admission_id, event_type, event_time, room_id, room_number, ward_type, notes, created_by, created_at, receipt_number) VALUES ('1ff0d10cdf9e2b02a1ad83b4358f6dd1', 'd0b78def2c96cb79615aa4e8c5e39d33', 'admit', '2025-09-03T10:06:58.317Z', NULL, 'PR-3', 'Private Room', 'Patient admitted to Private Room - Room PR-3', NULL, '2025-09-03 10:06:58', '250903-ADM-0001');
INSERT INTO admission_events (id, admission_id, event_type, event_time, room_id, room_number, ward_type, notes, created_by, created_at, receipt_number) VALUES ('a2ca5cbd13dc69a22cc9e6368165874f', 'd0b78def2c96cb79615aa4e8c5e39d33', 'discharge', '2025-09-03T20:48:14.239Z', NULL, NULL, NULL, 'Patient discharged', 'admin-user-id', '2025-09-03 20:48:14', '250903-DIS-0001');
INSERT INTO admission_events (id, admission_id, event_type, event_time, room_id, room_number, ward_type, notes, created_by, created_at, receipt_number) VALUES ('788c38aefd589f62b0c23d6e887577a8', '38807e80819403f91f5d798268beb594', 'discharge', '2025-09-03T20:52:08.739Z', NULL, NULL, NULL, 'Patient discharged', 'admin-user-id', '2025-09-03 20:52:08', '250903-DIS-0002');
INSERT INTO admission_events (id, admission_id, event_type, event_time, room_id, room_number, ward_type, notes, created_by, created_at, receipt_number) VALUES ('01246302668945c27f281270b26f37e6', '77eeae12cfe2bb1d1088e0b5b1434c07', 'discharge', '2025-09-03T21:20:38.884Z', NULL, NULL, NULL, 'Patient discharged', 'admin-user-id', '2025-09-03 21:20:38', '250903-DIS-0003');
INSERT INTO admission_events (id, admission_id, event_type, event_time, room_id, room_number, ward_type, notes, created_by, created_at, receipt_number) VALUES ('af8637bdfd1a5397013351645c8ce0b6', '7490dceafa2bde9188e06b3ca59a53f6', 'discharge', '2025-09-03T21:23:19.214Z', NULL, NULL, NULL, 'Patient discharged', 'admin-user-id', '2025-09-03 21:23:19', '250903-DIS-0004');
INSERT INTO admission_events (id, admission_id, event_type, event_time, room_id, room_number, ward_type, notes, created_by, created_at, receipt_number) VALUES ('d3fa722a9077af003ba9e05bfd034f0a', '69b27cd3161cda3e7e59fd7b72156f64', 'discharge', '2025-09-03T21:29:54.201Z', NULL, NULL, NULL, 'Patient discharged', 'admin-user-id', '2025-09-03 21:29:54', '250903-DIS-0005');
INSERT INTO admission_events (id, admission_id, event_type, event_time, room_id, room_number, ward_type, notes, created_by, created_at, receipt_number) VALUES ('05761c136bd14c03849a69f22952a764', 'f4b2022e8cdd4f28129ee438a1efa14c', 'discharge', '2025-09-03T21:30:34.109Z', NULL, NULL, NULL, 'Patient discharged', 'admin-user-id', '2025-09-03 21:30:34', '250903-DIS-0006');
INSERT INTO admission_events (id, admission_id, event_type, event_time, room_id, room_number, ward_type, notes, created_by, created_at, receipt_number) VALUES ('701cb2ade36d1acd65f9a0cb9c2ae424', '37b4b2f2793723fbde0e01f67fb8dabc', 'discharge', '2025-09-03T21:31:06.048Z', NULL, NULL, NULL, 'Patient discharged', 'admin-user-id', '2025-09-03 21:31:06', '250903-DIS-0007');
INSERT INTO admission_events (id, admission_id, event_type, event_time, room_id, room_number, ward_type, notes, created_by, created_at, receipt_number) VALUES ('085fa7773fc9eb6d62da0a649a6a181d', '6a6d38d0dad4245dea5df21a1dd5e08c', 'discharge', '2025-09-03T21:31:29.996Z', NULL, NULL, NULL, 'Patient discharged', 'admin-user-id', '2025-09-03 21:31:30', '250903-DIS-0008');
INSERT INTO admission_events (id, admission_id, event_type, event_time, room_id, room_number, ward_type, notes, created_by, created_at, receipt_number) VALUES ('de00b415423d6900f718f89b9bfcab6f', '523c3e78dbbf0b6edf896b474de09e3c', 'admit', '2025-09-03T21:43:31.575Z', NULL, 'GW-01', 'General Ward', 'Patient admitted to General Ward - Room GW-01', NULL, '2025-09-03 21:43:31', '250903-ADM-0002');
INSERT INTO admission_events (id, admission_id, event_type, event_time, room_id, room_number, ward_type, notes, created_by, created_at, receipt_number) VALUES ('4c4a9ffe8ba7ba2eb0cc6ac194f06af7', '3b42a308a34040f2d7293754db5569ba', 'admit', '2025-09-03T21:44:53.511Z', NULL, 'GW-01', 'General Ward', 'Patient admitted to General Ward - Room GW-01', NULL, '2025-09-03 21:44:53', '250903-ADM-0003');
INSERT INTO admission_events (id, admission_id, event_type, event_time, room_id, room_number, ward_type, notes, created_by, created_at, receipt_number) VALUES ('d4776c44d7b149d400b1a9e2684f4d3c', '3b42a308a34040f2d7293754db5569ba', 'discharge', '2025-09-03T21:54:41.237Z', NULL, NULL, NULL, 'Patient discharged', 'admin-user-id', '2025-09-03 21:54:41', '250903-DIS-0009');
INSERT INTO admission_events (id, admission_id, event_type, event_time, room_id, room_number, ward_type, notes, created_by, created_at, receipt_number) VALUES ('2fe4c35349196c2359eb305de40c076c', 'dc143f537cf13df3548be6eccd764330', 'admit', '2025-09-04T00:58:17.825Z', NULL, 'GW-02', 'General Ward', 'Patient admitted to General Ward - Room GW-02', NULL, '2025-09-04 00:58:17', '250904-ADM-0001');
INSERT INTO admission_events (id, admission_id, event_type, event_time, room_id, room_number, ward_type, notes, created_by, created_at, receipt_number) VALUES ('01db2a0753fcfa44de54510433a294f2', 'f62b29a447b8c91e7cd66034d748f984', 'admit', '2025-09-04T05:41:48.986Z', NULL, 'ICU-2', 'ICU', 'Patient admitted to ICU - Room ICU-2', NULL, '2025-09-04 05:41:48', '250904-ADM-0002');
INSERT INTO admission_events (id, admission_id, event_type, event_time, room_id, room_number, ward_type, notes, created_by, created_at, receipt_number) VALUES ('3b3b90d32461d7ca1ad0f5624d22cd95', 'f62b29a447b8c91e7cd66034d748f984', 'discharge', '2025-09-04T06:00:37.782Z', NULL, NULL, NULL, 'Patient discharged', 'admin-user-id', '2025-09-04 06:00:37', '250904-DIS-0001');
INSERT INTO admission_events (id, admission_id, event_type, event_time, room_id, room_number, ward_type, notes, created_by, created_at, receipt_number) VALUES ('9d3602e2782f0acbe8b64a8c37d6dbd9', 'df7df43fea303f435271b9124bb30507', 'admit', '2025-09-04', NULL, 'C-2', 'Casualty', 'Patient admitted to Casualty - Room C-2', NULL, '2025-09-04 06:00:45', '250904-ADM-0003');
INSERT INTO admission_events (id, admission_id, event_type, event_time, room_id, room_number, ward_type, notes, created_by, created_at, receipt_number) VALUES ('7052cdeac744b60998bb696a37898c59', 'df7df43fea303f435271b9124bb30507', 'discharge', '2025-09-04T06:03:24.864Z', NULL, NULL, NULL, 'Patient discharged', 'admin-user-id', '2025-09-04 06:03:24', '250904-DIS-0002');
INSERT INTO admission_events (id, admission_id, event_type, event_time, room_id, room_number, ward_type, notes, created_by, created_at, receipt_number) VALUES ('2df9ac71ccd8a8ef67dbf925149aac0f', 'dc143f537cf13df3548be6eccd764330', 'discharge', '2025-09-04T06:03:36.776Z', NULL, NULL, NULL, 'Patient discharged', 'admin-user-id', '2025-09-04 06:03:36', '250904-DIS-0003');
INSERT INTO admission_events (id, admission_id, event_type, event_time, room_id, room_number, ward_type, notes, created_by, created_at, receipt_number) VALUES ('aeaf9f6a59fe5d430a64b8ce416850c3', '523c3e78dbbf0b6edf896b474de09e3c', 'discharge', '2025-09-04T06:04:20.885Z', NULL, NULL, NULL, 'Patient discharged', 'admin-user-id', '2025-09-04 06:04:20', '250904-DIS-0004');
INSERT INTO admission_events (id, admission_id, event_type, event_time, room_id, room_number, ward_type, notes, created_by, created_at, receipt_number) VALUES ('24b177152100a6e80f0408b6a78ea1e7', '05726ee82655ee186ba2200629b0082b', 'admit', '2025-09-04', NULL, 'C-1', 'Casualty', 'Patient admitted to Casualty - Room C-1', NULL, '2025-09-04 06:04:42', '250904-ADM-0004');
INSERT INTO admission_events (id, admission_id, event_type, event_time, room_id, room_number, ward_type, notes, created_by, created_at, receipt_number) VALUES ('1b2665f7643938a2b8ff4ea1506ccabe', '05726ee82655ee186ba2200629b0082b', 'discharge', '2025-09-04T06:13:37.484Z', NULL, NULL, NULL, 'Patient discharged', 'admin-user-id', '2025-09-04 06:13:37', '250904-DIS-0005');
INSERT INTO admission_events (id, admission_id, event_type, event_time, room_id, room_number, ward_type, notes, created_by, created_at, receipt_number) VALUES ('93886afbde04831df8fd1d41544cb2fd', 'c0e293df7cc2bdfcaeeb81bebdbbba29', 'admit', '2025-09-04', NULL, 'C-2', 'Casualty', 'Patient admitted to Casualty - Room C-2', NULL, '2025-09-04 06:14:42', '250904-ADM-0005');
INSERT INTO admission_events (id, admission_id, event_type, event_time, room_id, room_number, ward_type, notes, created_by, created_at, receipt_number) VALUES ('7d1ff22d44613ccd12955a8d386ed868', 'c0e293df7cc2bdfcaeeb81bebdbbba29', 'discharge', '2025-09-04T06:35:20.225Z', NULL, NULL, NULL, 'Patient discharged', 'admin-user-id', '2025-09-04 06:35:20', '250904-DIS-0006');
INSERT INTO admission_events (id, admission_id, event_type, event_time, room_id, room_number, ward_type, notes, created_by, created_at, receipt_number) VALUES ('70943f5d11acc5894d24bbb209016bfb', '4546f46dcd94a9b471b3afc18700a47e', 'admit', '2025-09-04', NULL, 'ICU-2', 'ICU', 'Patient admitted to ICU - Room ICU-2', NULL, '2025-09-04 06:36:11', '250904-ADM-0006');
INSERT INTO admission_events (id, admission_id, event_type, event_time, room_id, room_number, ward_type, notes, created_by, created_at, receipt_number) VALUES ('90dd10d90308e4ab9ea97511c0f0b7fc', '4546f46dcd94a9b471b3afc18700a47e', 'discharge', '2025-09-04T06:48:51.500Z', NULL, NULL, NULL, 'Patient discharged', 'admin-user-id', '2025-09-04 06:48:51', '250904-DIS-0007');
INSERT INTO admission_events (id, admission_id, event_type, event_time, room_id, room_number, ward_type, notes, created_by, created_at, receipt_number) VALUES ('c9ef0a0950d3642f6b4253bcd3c60074', '5616433ceff14278a31488bb7381c517', 'admit', '2025-09-04', NULL, 'ICU-2', 'ICU', 'Patient admitted to ICU - Room ICU-2', NULL, '2025-09-04 06:49:14', '250904-ADM-0007');
INSERT INTO admission_events (id, admission_id, event_type, event_time, room_id, room_number, ward_type, notes, created_by, created_at, receipt_number) VALUES ('3642a2972cbe7a7d6ffc6f0ff2e30222', '5616433ceff14278a31488bb7381c517', 'discharge', '2025-09-04T06:49:28.610Z', NULL, NULL, NULL, 'Patient discharged', 'admin-user-id', '2025-09-04 06:49:28', '250904-DIS-0008');
INSERT INTO admission_events (id, admission_id, event_type, event_time, room_id, room_number, ward_type, notes, created_by, created_at, receipt_number) VALUES ('64b837e1800335df2a35dcc9b81705bd', '665750cfe436b7dfebc417dd11ab6c6e', 'admit', '2025-09-04', NULL, 'C-2', 'Casualty', 'Patient admitted to Casualty - Room C-2', NULL, '2025-09-04 07:09:38', '250904-ADM-0008');
INSERT INTO admission_events (id, admission_id, event_type, event_time, room_id, room_number, ward_type, notes, created_by, created_at, receipt_number) VALUES ('400dbfce1bfa5e817d6aee344c584387', '665750cfe436b7dfebc417dd11ab6c6e', 'discharge', '2025-09-04T07:31:38.588Z', NULL, NULL, NULL, 'Patient discharged', 'admin-user-id', '2025-09-04 07:31:38', '250904-DIS-0009');
INSERT INTO admission_events (id, admission_id, event_type, event_time, room_id, room_number, ward_type, notes, created_by, created_at, receipt_number) VALUES ('d724505d4b0c4be87b044b0eab5f72f7', '81a9d094f8a2fe51286a0dae0b03fbd3', 'admit', '2025-09-04', NULL, 'C-2', 'Casualty', 'Patient admitted to Casualty - Room C-2', NULL, '2025-09-04 07:31:57', '250904-ADM-0009');
INSERT INTO admission_events (id, admission_id, event_type, event_time, room_id, room_number, ward_type, notes, created_by, created_at, receipt_number) VALUES ('6409080f26ad31cc6685a4eba0308992', '81a9d094f8a2fe51286a0dae0b03fbd3', 'discharge', '2025-09-04T07:38:38.777Z', NULL, NULL, NULL, 'Patient discharged', 'admin-user-id', '2025-09-04 07:38:38', '250904-DIS-0010');
INSERT INTO admission_events (id, admission_id, event_type, event_time, room_id, room_number, ward_type, notes, created_by, created_at, receipt_number) VALUES ('98a602d4da5d898128f87a6a8d53131e', '3721510b6d6d655870b76ea2182d656d', 'admit', '2025-09-04', NULL, 'GW-03', 'General Ward', 'Patient admitted to General Ward - Room GW-03', NULL, '2025-09-04 07:38:50', '250904-ADM-0010');
INSERT INTO admission_events (id, admission_id, event_type, event_time, room_id, room_number, ward_type, notes, created_by, created_at, receipt_number) VALUES ('a84a0841b1559ef5868ea55593ca2b02', 'abb1756b0691896225f5577e8723bbf9', 'admit', '2025-09-04', NULL, 'GW-05', 'General Ward', 'Patient admitted to General Ward - Room GW-05', NULL, '2025-09-04 07:45:51', '250904-ADM-0011');
INSERT INTO admission_events (id, admission_id, event_type, event_time, room_id, room_number, ward_type, notes, created_by, created_at, receipt_number) VALUES ('4e27ec8f12aa593ffdb5c53b0ff7dd60', 'abb1756b0691896225f5577e8723bbf9', 'discharge', '2025-09-04T12:39:49.024Z', NULL, NULL, NULL, 'Patient discharged', 'admin-user-id', '2025-09-04 12:39:49', '250904-DIS-0011');
INSERT INTO admission_events (id, admission_id, event_type, event_time, room_id, room_number, ward_type, notes, created_by, created_at, receipt_number) VALUES ('108e757722c63f3863a2e1de23e1ba9f', '667762e352c9075c70ffd36792fa9770', 'admit', '2025-09-04', NULL, 'C-2', 'Casualty', 'Patient admitted to Casualty - Room C-2', NULL, '2025-09-04 12:40:01', '250904-ADM-0012');
INSERT INTO admission_events (id, admission_id, event_type, event_time, room_id, room_number, ward_type, notes, created_by, created_at, receipt_number) VALUES ('6ee43016a5a290279a46ed5d96ed60fa', '667762e352c9075c70ffd36792fa9770', 'discharge', '2025-09-05T08:14:28.587Z', NULL, NULL, NULL, 'Patient discharged', NULL, '2025-09-05 08:14:28', '250905-DIS-0001');
INSERT INTO admission_events (id, admission_id, event_type, event_time, room_id, room_number, ward_type, notes, created_by, created_at, receipt_number) VALUES ('f4f7556f0c7642eab5dda97f40bf5676', '95ae2dab46dd15bc101fbe7efd6d89c3', 'admit', '2025-09-05', NULL, 'GW-09', 'General Ward', 'Patient admitted to General Ward - Room GW-09', NULL, '2025-09-05 08:14:45', '250905-ADM-0001');
INSERT INTO admission_events (id, admission_id, event_type, event_time, room_id, room_number, ward_type, notes, created_by, created_at, receipt_number) VALUES ('19423b1884a35fd2014031410fe54250', 'a07d2f1269bdc7a57124134b66ea0d9b', 'admit', '2025-09-05', NULL, 'ICU-2', 'ICU', 'Patient admitted to ICU - Room ICU-2', NULL, '2025-09-05 08:16:58', '250905-ADM-0002');

-- Table: hospital_settings
DELETE FROM hospital_settings;
INSERT INTO hospital_settings (id, name, address, phone, email, logo_path, created_at, updated_at, registration_number) VALUES ('default', 'Health Care Hospital and Diagnostic Center', 'In front of Maheshwari Garden, Binjhiya, Jabalpur Road, Mandla, Madhya Pradesh - 482001', '8889762101, 9826325958', 'hospital@healthcare.in', 'data:image/png;base64,iVBORw0KGgoAAAANSUhEUgAAAaoAAAGYCAYAAAATPaZQAAAAAXNSR0IArs4c6QAAAARnQU1BAACxjwv8YQUAAAAJcEhZcwAADsMAAA7DAcdvqGQAAP+lSURBVHhe7P13kGVZft8Hfn+/c+59Ln1mZZZ37art9HSPt5gZDDAYDIEZECAIEORSFLkkSFGgGOLGShQZISk2pNjQShuhJbGgAQlxKQAkDAdmgMF4g/HTrrqry3X5qqys9O6Ze8/5/faPc+7LV1lZrru6qjL7fqpvv3wmX753zfme87NASUlJSUlJSUlJSUlJSUlJSUlJSUlJSUlJSUlJSUlJSUlJSUlJSUlJSUlJSUlJSUlJSUlJSUlJSUlJSUlJSUlJSUlJSUlJSUnJpoPWP1BS8pZlCAyTGBi2SJSZmKr1GtcbDWsSkzJzlQg1AhIAlkCsBEOqpAARkYY3IgUBBIgCQoBXoOO9a6tqB0RZ3snzlcVlydotVSE1pF48e63kHpMqcOs/XEnJW5dSqErecjR2D9vUIEHCqQKNWqPel9arFb9HKpLUBqmWDKKuNWKy/SNDlbHxsZqtJkMmoUFiGjNADUQVBiVKlEKVFUoEUmICFAIiQDUHwUE1A2gpl3zBObfE4KVOs7M6fX4yay0vebjEpXCrecss00B7ng5rK1/K2q3VVjPvZE1mysnDLZ5fdJJLFMOSkrcOpVCVbFUIwzaxjbQ6MDyUVurVhicdBNPAxLsOTNQTHjZ1O5DDjw+OjYzXh/sbjn3NGR3mihmEpVouzqpBwpYTD0kVkhAoARETQMTEUAKgpFdfTKoKKFTjHQHUp5ady10OiLMwOQmcgfUGxmnmVll4yQjNsudma6W5tDi3ONtaaU5bS0to+aWpH15ayFbaiwa07DLfXJhbWO00W5mKa2MGHh6liJVsSUqhKtkyDO8etqiaiqkmfdW+2qgeqO62Y/Xdux88MJoM1rbnCe2F5R1prbqbiQaNoWouuSUm9uqJDKBQECnYEhEDogpRB5CBKEHBANE1F46qgoiuek6DTsU7AssCEkHQLYDIACCEhxQ2qUC9qAoDIKioMJtMQS3NspWE3Jy0WpcTmMlstTM9eebiZHN2edZ32mf9y9mMW3azPvOrrtlqr1xeEXHl6qtka7D+eisp2RwMgSuVelId6m9UGtURU7Fj+99zcBcG7QQPVncOTAwd8Cnty43fmdRrA6t5p6ppJVXDtjjvC1EiEIJ7SSAahIQIMIahCqh3IGZAGSCOH4CAngVMrygRbXBZqYBUEZ5SqBKICFr8LhmoInwWYwAwvBcAFP+2B2uuRryQkiOPLBFqprBL2nZns/nmZL7UOe2WO5c6c0tXZo9Mz7SWm9MrS0uzqyvNJbmUZXC9yllSsnnY4IoqKbkvIYyB+/qHK9V6dajxWN/OSv/wrv59E/sb44MPJ8O1Q6aRPugTP+oINWXHShLjGhSqDM9pWBEVpz0JEOVGQ/wDgmxFEYNCAXARIgGAtTDy3d6tEAAlhL+yxtq98FPv/4HwO+EhjZ8G4PgZWQBWAYmCvaol8nC+aRRzFnSptbxy7PLFi0euXJk5ri80L7mZzrRbzefzdrPVmmw6LYWrZJNw9VVTUnKfYceqKVW5b3hidDs/ZndO7Dm4v2+474Fte3c80YTfk1mMa9UMaJWrjsR48uEXyYM1yAKrgpQgZAHiNbHoGaeVAFJAieNtcR+gKBZh/RNWOeuF6Ga3CkDjCqqX8M66JoY9L1j/ak9B8AghpJA0iClEAQTTI8XvaqACkY53bsl7P5nkfKEzuXrKzWbHW7PT5xeemznbnF2+0l5uL7QmlzvqJKh2Scl9SClUJfcXQ+C+gT5bHWj0UWK31R8fO2hHKw/ve/LBp3UweYIayX4nbiitV20OhVMBDMGJB3MhCwTWMNCTrg3+xeKki9LaJdDVFIrq1Ks1wdwn6A2buP3b8PeDqISt+OsaV2pXX5C0TkglClXxaOEN0/jFvBcwGzAY4gUEwLIJJkavMKKSql00TXdZV7KXli9NH1m5uHBk7oeXXpOV/NLclfnFzvRKpl5L0Sq5r+i9LkpK7hnV7VXTPzLUlz5c3b3j4M4H+3dve0gblceTwfpj1Ej3uhRDufUVWCXvPTTE3cGLwBgL8QIDisM3gTQO4xruB5nxQWi6grReSwqB6hWqIFxKYUVzjdjdDkprqySSdaunNW0gXROwXrRXqFSjGRNAYc5UwBCDyITgDgGYCSoKrx7KAmYg9aQmR2YyaXJLLmI5P06r8uLZI+eONo/NnFi6PH++3XKLzYtzubq4Qi0puYe8kcuupOSNMVAx/dsatUq9um3bO8f37nh4/6P1sYF32eHaO7Vu9rdJ6h3j2SeMjstgDMAQQBUCgDkEOxi2wYrXHeuD+a74OSAAeQh5UBSea0x8vZoVJU+jcAhRFKrXJ1akAGvv57pahHrNfL0C1vuJCGt/OwRvxDtRTJkIJDFQI64qEc2fMEBOHh45DDG8E6QmAXmgoomSoxZ35EIts89fOXHxe825zitXvnXstKzk00tXZldWZ1ed+tKnVXJveB2XXEnJGyMdb9QGJoaGKg+OHdj5+I6HG+MDz1THGm9D3R5EyqM5a0UM2BsgV4FyiJAj9YBI+JnCwAwQvJewojLBzAWNwQtAzykexlilYBK7WpAQgycK4QpmOtIoVPF1iiBUr4fgTyqMdeu5+u8Un1kRV39RTbkQsUKs4qslfnZmAxUJ4k0MgnZNgMwMD4UXD46mUmMNvPewbIKOO2idK5lp+fmkQ+eymdWXuEkvXXjl+MuTL1082768OLk6udIWX4a9l9xdNr5uSkruNH2p3bZv24CtJWODT+98cvujO59sTAy+kweqj7oq7WhTXunAEdkQGZfnDpUkBZNBq9lCpVKJYdxhAUEEiJMYQq5gNhANGa/F2F4M5eFnAmkwkV2zktL1AibXPE8IwvX6Ce/fu5JaiwDkECQR/95VPrHwiUEqIEjwZXF8J4rfr/ieWnz7KOKkwQSIsJozaqP4CsAKgULgIdDwXqqo2BSUK1gMEjF54nk+W2m+0ry8dDg7NvPNuReuvLo8t3hxbnpxxc81HaRcZZW8+byRK6+k5OYMgRvbRoYHH9v90MMfPPSOynDt6cpQ/d3O6h5JqdEhb3KrJElYBXnvYZMEPnNgBSpJBT4XMAUvjkABDffVC6wxEJF4JgdFCQMvIMVATgqAo+mNuqd9cfIX6xIuhIjWBvziBeG34pi80dBcqNz1iKHwPfbJKIkAEAtcdP9eEK7i+RBUoWD1MFfbBaNQFT8XEYlBvITQTUAmJbAAFgyvAsMELx5kCB4K5bh6Q9hHhgzggYQS+Cz3SU5Zo52etSvuuYXL0985deTc4fnnzhxZvjIzJ3PiULqySt5ESqEqeTMgM15JhyZGR9NHa/vGnnjgneMP7f5IOlB5h7c07llTgcIXs3oCfFwldd8gikMI2w5PFGMhgcG9EX1dYYkDNymEwvsqhdWSgsFC4CLIAiExlxBWIqoKXnc5EAUfWFcbuDC29QgWoRsurhKeLzTr6tv4GXs+69o7FflVa8ER3VeFDwh0harn88TP3nsZF+/X/e7RqElQsEr3LwSuDoCnoupGFHPS+LOGT5ayBefO2RxXdDV7ZfrkhS9eOXn2h50jqyeWppZnmheXWlpWwyh5EyiFquTOMlQ14/u2T9SfHn5i39sffl9lvPE+Gqg80aF8DClbMUQSh23pGfaVQiJrQbf+Q3fYKwbzMAITaVhpFM/HhNhiURRWUb0rqmD+Kl5AFIMNKOjAVeWOCqJy9srAepNg8bkVQVAK2djoNsjy9S66nkRkBHG4+hMpQFcLzZqGFRUvAiGMPvwczIME1hACT8U+JUCjiTG8Ue9MIezn8LDGihwKhcAQYDyp9SRJWxaSHMfdQusbF49c/PaVb595oTO3NLlwaj7zud9gh5aUvD42vmZKSm6Tvt1D1aGJkTE8MPzwoQ899SEeTn6kMlR/oqXtYVhizwpvBD6ecYVIFSgQotbi/UKgeoVqLQx7zf8SVktr71H8QhiQg2GNiifJxNdGcxioK2KqEpKBiw/QXUqtSUtvUq5SoRJrFFF564WsuJVC+NYN4fHRq0VZUXwjIP4pJVpT8O7jwb+EnlysUGWj+F0BlGMgBnUjD7tCFjUKMRIy/H781lQI1doyjhSAEAwR4BQJGW1QZVmWs2Od6eWv5lOz35j82rlXp06dn1w6v9Qs6w2W3AlKoSp5YwyBBydGBx/8+BPv2vXUAx/wA+nHpC95rGPyfkfKsAwRF4IFmCC9o7Rebe7rXVGtH8zXWBMT1SBSWugKrcXVBaEKbxLcL4UoaRQ8BWJkXPgnwdTXFa74ASgM9ADC4Eyhy5QSurfrBWnj27AiXAugWKP7KIVPQ9HsefUqrxBoDj/G1Z1qMHMW7wMN0YFhBYUe3xtBYdZyr+KHC2vAgEKCGEbfHsUE6kKsmUIisYjCJhZeBD73qJoEibCmHTSrOR9vtPlbp194+Yvnvnbyh6351csLp+dzn5dOrJLXz7VXTUnJLZCOp3ZwYttw/bG+h7Y/ceCdOx7a+2nfx0+2jQx3jLBaQq4CMiEEmjjM5HtPuCJku2C9j+hqwoBcCAmAbkWGMJ4TKAYCdOUqPs8aRErJQ7tBDQrqFphVQIsg7x4pCW/Sc5lEIQFBIMF/Q+Evx//CqzcQKiGCKK+JZI9AFPeJKYSaF091P2tYDZEw4toIQhJ8e11zZ1iRBV8UYEJgXxSssFrK2cB1ZwbhewRxW/sMCu1ZOsb9SwJShnrAFMErHDpCqioSY6G5Q1UNEkdac7aZtuXw6tTcV1avzH7twrfOHbt87Pzk6qXVrKwvWPJ6uNHIUFKyEdR/YKw2/sEdT+x9+rEPDOwe/URW82+XFCPeCDty8BRj25iRi0IpOOlNHJ+Lk259fbvequPFaBa1JhgLaS1g++oggig4hc8F1N3C4E0xPNx1w9BR/D2K4epXjZ9XD9SI7xasgQIQafT8xJcEn1molld8rvW3gMBCwT2SVvydIEghau/qx4IJL3yXIpG3+9sUIvbC/gvfnRCDH7oiHZ4RAlxMWu5+fw1/JxyHtc/TXVXGfVRIOAkjYYPcu/DLTKHSPDPgfUggzgVWGDWTKNquw7keZtGvnvzW4T+b/MaFw3MvXJqRrCx3UXJ7rF2JJSU3hrY9tLNeG2nsG//Iw0+PPbrrMzRaeXczybf7RBKPHCoeNq4wVBRgAwFBbQLnPSzxVX6drlDFAVZRzO7DwAr0CpX2xsIVL+sO2IFwq9HHgq5QhQHfiMR8pBhMEVcnQajCCk8R7YBKDoBTVR/HbiFVYdFcoSsg7UDJgchHR1DMKArv1P1a0V5HSpY4sQquAVRT0gRQVlIDqAEhURIDCGuwssWvFN5KCXCkEKYgSd3VZOHbKr5lYUgs7gfCy8O9q956o/yuuP96f5cUMMqwzMhzB2bAWBPMuioQ72MSNoOKIyWCaqXufe6WuS3Pdc4vf2nyD1754sL56VMLK1fm5YL3cN0/W1JyXUqhKrkplfEB0zcxMP7Uz7z7XYMHx35K+pMPZSn2tytiO8ZDrcLBgXKPijFBHLxCREFsADbwIiAuBtEoI3EkvLovU3hMi2i8+BmICKFrRxhCC3ObQsFMoY9U8TMEzjsYa1AojwHDelIrBFJVEhITjGmOPXXUyap2XJOUWuR0OW9nc62V5kK72Wp5p0IEB6eZOm4yuak8s4uCZgcVyTCnDg6eiWMUAxVeLCbAYCesZqj02YGKeBkGY0xJao6Q2JQrlXqjWmlUR5FSPyfUr4b7OOE+MFXJcsWrpDmpcSxE1lDcdSFyXBF8W3GNF0S7WIeFFWPYZQobJwmFUK3ldBFAEkypFPZuEKt1EuY80sRCRGLuWngFmzDJEFWYODnJvYO1CUQVznnUTKp1l8xXmvq1uZOXvnLmzOEvzv7hxTPt8612WZqp5GaUQlVyffrBgzvGRna899GHt71950cG9gz/pKvoE86i4Q3YMeBJ4akIKgj+kd6NihULRZ9Gd7UT6J21d30iGpNVeyAw4AFLoUwQEYW4ghia7X0OwMOYECDh8gxJksB75xXasWrbNjOL7GjZtTvL2Up7xWeyYpXnTQcLy53Zy+61zqzJaRm5LrRWV2YWZ+cXVxYWszwThSFhb7zLjbMm67RWq05oTtHnFWcgyK76uF19BQC8DYRV0LAZ5jzPLRgVJTUZKdfrqekfHkn7RwaHOLUDXDHDMDxkd+/Y1j8qI1xJBjveDTnGsKmY/sZAXz+ndliZGmJQ9YwqrLEeSj5W1FBoMMkhRFIWNQDZh0K4tPbJglTFJGmKAhWiIwmIK6Pif4RQHaN4aO3YFYLH3UlHfCLcFL4yQFPlvJbZC/mV1c9f/PbRz88/P/X80szs5dXzK5m6Uq9KNqYUqpIN6TswnNYP9e858N4nfmzskT2fzBv6njzxI94IF2HWwRhHMew6DGpUTPcBsApMHKQUgPDaHD6OYVcJEnEohyQSSxjFmn6QqHQxKddw7LRLobSQOAGpqAUJci8VNm2raGo7X9Lczeft7FRzYfmym8vPtlZbl1uTK9MrCyvzndVsAQ6LJuf2nF5s+5dyj/ba57mnHDzIE3vzRBlprtqwaTpWrVVH+vcMjDeG+vYOjIyO10b6dqKe7EfVTmRGB52RWs5SgUGS+YzYEqkKmDmErvuwRKWewrrBzhluu/ZGNSCKVTwUcQ0WfIS9frQ1k2uYqBTRhQRAYxh8+JlC9CEpVAQVU1GTc9s29YibWv2jyyeOfenc50++vHR8bklyKf1XJddQClXJ1RwCDdnx0YOffPLpgYMTP1HfOfiTeZ32r2qrEqIhJDrsi9p5oW06yITSRT1vFWrThVvSYAgLJqoeP0h3wCx+JwoU4lS8WJkxwUd/CBMjSSuAB3zmciPUSpEsWoep9tzytFvKz2u7M7l6fPo8Z/5KZ6V9cuby5ZnlqaVms93M5LI4uKs+6uZhAqZSr1Qntu+ujO3aNm76q3vlAO9OK4N7XMVvp750R//Y4G6fYDyp2aG269TIwHpRwNhg1lPphrTH8ofh5xiEQd0qHoXYMBQC4VB9viB6y9bux2CW3soWQDi4BIFlhlcPWIMsy5Fy6lPPMzrX/P780XOfnfn6+W9dPHr6lJvOOwhlG0tKgFKoSnqp7u5L+//KyM6D409/cmzfnp9tV/yzWUX6xQh5OLABoCEsOzjxGRSFKpQbCmOLIHjfo9ckJKAqYr+ogFCYm/d4SaCqMMSwRSSe8yAJj7EhdOCQVlKftTouFbOc5GahvdQ8j6X2qc5i62Te7BxfODpzdmlq5WK73VpcefFyW9pvAXvS28Cjld2ps66/Mlyf2PbgxMONscGHBneNPEwV3l8ZqO3zhkc6hmqONfUEFg7HRUi6tRGhGkQqOsCMcmh3j3BsvXE9OVvhNYVpFwjGQXSFCiHaMwogQWIFDwEMw0PgxMOCUCHj0qacTpf1i6989bu/M/edKy8uvTq7ILkvV1clQClUJQCAMVDfyPDg7o8/8raJJx/4ZLpz8NOuiv15gjSXLIgTFJZD1J52B6W1jUHdkkZF0mg3XI7DrNoiFEbV6KuSHl8Ua2hFYQRgUbAojAA2BlAoKM9UVkB0fnl6/gK35Ug+OX+ifXr1WDazcm7q/MWZldXllp5Xh3z9F3yLMQY7MDJQHT2wY7R/dHDv6P5tT+hQ8jCPD+2TmjnI1WQHVcyAWlQceXIQeArNKDXmYREQK64DFA+S52IlFjsoR0EqojeLBRTiClmiv0ooPMASokvUe9iUkYuHsaFILitpTdJlu+j/fPnk1B+d+ezLX146PX16dWqlI34tn6zkrUkpVG9x0u2pHXj/tn27nzr04YlH9n1GhyrvbVoZzuA5raTIOhlYAQMOFcsL8QGCMypaaIpAiuKEUhB8TAotfFpWQy6VRLNfr6mwyPdhrzAeSJUkBWXGyZJv57PSdOeXJxePLy2ufG/m2OVjKwvLp1bOTy3KGZe/5YXpJgzuG0zsWHVg9OCe7WZ3+rbBbWOP948NH0qH6ge1RjtyKwO50YpnZccSSyfFFZOGw1wIjpDGUkxrQ0cRy4nu2RCPa3Gc45MkFLoxuwwEhRcHk5hQ850Y7AkVn/j+vHKmfWHhc/Mvnv79E1999cXFEzMLkocstZK3JqVQvYUZeHCsb/tHdz+649lH/pKd6PuUq+KgVCj1BDgRcMzcraV1iBRBDkUYdHSukw+RdypFjFh3leWJQ/v06GA3UduCf6oIgQ65rRyrKVTAUhGzwh13trO0cnplau7VpdXZV/REfnL+1SunpqYuz/tJn29aH9O9Zh+SbeO76mM7x3c3nho41D80+nRlpP9RM1B7UGrYnRkd8kaN56L6fFCpsKaOxyv6oAqKZ3pSkcP9a9INGOBYwleiKVBDx2VjDFQIRg2sGK3mdrnWkm+dP3zidya/cuIrF189c97NurxrKy55S1EK1VuRMdDI+Pjw/p9++mM7nnnwZ/2Q/eiSrI6IBQsJDAiWLdSF5Y+xSUzytMHfRARBKEek5EESRIqL0GiEfB6N/ivtSldPxFi33BGDPcR6zhKH+TSnC9lc88WZ1858c+HEzOG581PnlmR2QV7y7r6JyNsqvA08Vt8xMLp9Yk//AyNPDOzZ9s7qWP+zPJDuyxMZy1hquREu2rEg1lkMxTmCX1I0dhQ2sVdLPMZFKPtarAZBycB77b4mtQm8c8GJZRgqgDEW5AmUCwZtNU/bciyfXfrsy1/7wefmn599eeHIzLJkZWX2txqlUL3FqOzqtyPvH9nzyDue/tHa/om/6QbSJzupVtuaEVGQFVP4H4pOs3EFRBoSSAFAyccyPxJr9inYcPA7aYjwA0wITY5tOVRzMBcmJYbxRq3jDnX0PLf9seXJhefaJ+afmzs7/cKFI0cuu/NZVq6c7gqECfCOBw6MjO3b/sTw4+PvSCYaz5iR2uNSp12ZlUFhGDDBQULwjLFQDc0XAQp1ExU9IqWA+mDS7VYrSeKQI/HcCaJVmILD6WVAEtqSVGCQEgtnblZXOt9YPjf328f/4wvfmP7h5JRkpePqrUQpVG8hkl2N2p5PPPbkY+957C9Wx4c+1azKg8vk0g7lQMLRz6QwhU0uzqCL1hy9DvQimq9YQ4XWErFVhxaVIiiEpMeq4PCKhAjWk0ucWU0yuqSLnVeXzkx/denM3HdPvXLqtdUXpha0U0Z73UO4cWi4MfLA+N7hx8efGXlgxzONsYH3omb2tIwb8UYrMEwggvMxUIYYTnxYZcWgmsI4GAJhor2X7JpQ9YiVFKbBogRTjPg0Skg4mowzafe59PDMyUu/Ofm5U3945bXz51bOLZdJwm8RSqF6izD08Hj/8Ef3vefgux79zwe2j/7osmsN5wnYJ0CmDiaNFR80VMpGNM8V1SQQ+x0ZDc500ihARPBx1UWqMLFJH4mAOFQEd0aD/8EZSXNe0ZXsqMytvty60vxG6+jUD6ZePnNq5uh0y5cmnfuL3TA7Hz04svPJ3e+qjQ8+29g38j70J48Jy4QnTTRhyiHI1YPSJJTMUoTVMgggA4DgNRS2Da6t6L/qSU4IBz2EZDAZGCDUDvQKw4BhhfGMSp6Kzehc0nS/feHwq5999feff3Hl5HKrrMi+9THrHyjZYgyBxx7eNfrwz7/r49ueffDvJDsHP9ZiGVrVDlNqwNaElhXRDIOeQAdQqP2G7jASbtemN+GRUPWcwWxCEQkEX4MlAjmFzcTVnZ1PFvWV/OLKF+e+d+43Jr978nePf/v4tye/cXJy9dJyrqVG3X8sQZdPzTcvnT97avH03AvJCh2TTudyLa36eqXOXqSqDMOpIfEu+KM0BlEAcUUeAmqiBTgIVU8F+2AUjBMfAQgGHNZQ3er2SoAH0BEiU68OOnIPD4+NjNtBXV6eXp7OFzqdMshia1MK1VamAR770K69j//s+39q8NDOv5sN2ve1E2nkRglJmOU6cSAKIclrFHdC7YHCIU7xqaINRBhioskPgBcF21CEVpzAepK6Myt2MT/sLy7+6dyR879x7ktHf/vUH774g4WjU7NyZdWhFKj7nyVo53KzffmF8+dWrsw+5+fzVzLvLnGaeJOmVWZukCiHwkuBOO2JK6kw4eEYYFHoVaizHipgcCiOFfPxurOjmAohcERw1iAjIRhpgP2D27fv2GsGk2Vty0xrerWpvuwmvFUphWqLUt3Rlw6/c8cjD//4e/7a4IMT/1m74h7LrVZySLeFe5jCSsiPUgkjQ3R8UyynYxTd4IpgBixWWcEUWBgJY60dEAjGk696u1Rp4nh2YeFLl75+4jcufPfkfzz53cMvLLw0Pa9ZOaBsVtrTbTd9ZHJy8crcEW7qK+xpxhpjq2klBVADkQEH32QIlAjnBlOo/Ri2nnSFQqiUYYiD2VkRfJyEGFmqcAx4VqgNAT/MbIWxa3RibP/QvjGbr3SmVtuLy9KWEKBYsqUohWoL0rd7KD3wqbc9u//jz/7NZFf/L2kf7c0ot2FWi27OkzWMUGwirpAorqA0VB4wWtwPM2RnQgFaUsCoghHeJwRSCBI2aj017ao/6qeWvzh75NRvnvvSq//+zJ+8+r2F47PzMie+NNFsDbLpVjZz+NLk0sW5l2jFnfCQmUq9wWCqM1OVQjXhkBpOAiaBkRhRGpMWilU6R59nWELFPxDvSszXExbkmsEmobqJ9wohMrnBdttfPzT+0Di5tH1leXphXlalrBS4xSiFaosx/OC2vgOffPLt+z74xN/n8fqnsoqMOSvsxYMUsIq1SD0oxHuoKqy1oRSOBJNMWCCFq12JIKTw0QbIoJCwyTFSUIBUuZO26aJddl9rHr3yG6e+8NJvnvrzF7+3+Pz0jHbKithblWy2mc++fOnClYuXD6ctPpakdrleq1si01DSikKYOUYCxrw5xLYwGs9ERPNgMC1TcI0SQo+sbmdnQZoQXNaBeEVaqcETA4llR9Kf1JIHJnbs6G9h9SKtykK2mHktF+5bhlKotg7U2DfYeOTn3vGj4+964G+1B/ETmXXDOXuGZagokmjKi1PaAAenNUn0NamGZF8NSZ7KBM/B7CcQGAI4tiA3REhgfOrMLBay76ycuPz7l7/x2r+58JWjX5/+7oVpP1VWEniLoDKTtWdevHDONdsvkfOnk0otM4lNmLmPlBICiNhClEJhdEMQVoTiJwoya61HQjJDEcJe+EAVLDksAcxJ7FhiQsHbYDHst/XKI8MT47WRiaGlqfMXp9xSnpcrq61BKVRbhIEHxkf2/fQTHxl7dv8/8GPph/OK7xcWEhUYNmCJvqbYwFCo6CMVNkLooGvJgIjgNSRiimU4Q1BWWChYBEyAVVbuoFVz6bHOhcXPXfzKiV878YXn/njya+fOrF5aycoovrcmK+cWmpdPnj3tFvPDzuN0o9YgS7ZhTNpHZI0QwYUSFHCkUBMmQWRMV6hCIpWCKPhAi3lVEutJKkIkYVz7h5AeAolBNemvPTS4Y2xnk5cuJJmdbc+2Mi1zgzc9pVBtfqjv4NjQw3/pXT89+o4Dv6zbqu9p2U7dkQslZFWRwIIkRmIR4gppLeC8+MfEMMbAe4FXhRqGN0AeTTBVENDOtEKJp5ae5UX3zbnnzv7Ga1985T9c+NyrhzsX2qtlH6ESNCHLJ2cWpy/NH6eF/FijPjBTqTXqMKaPjK0KgUGETD04MfCkcBq6NiP6RAkAxXJdhSQFI0ChZmtnLmuoouKZ4I1U2tTZu23PrtFt+yaWl64sXGzPrJYTp01OKVSbnP4Hx8cO/tyzPzH27P5fcYP0TNvk1VxzEIcyRQSCJQPvFGIodNntEanicg+3YcnlRcCJhU0sfCjshkQItiPo03ShL09fWTg29e+mvnny3xz7g+99feml6WnNyurWJeuYb8vC0cnp1bnll51rnx4aGOokNhk24H7DbL13IGaIeCg0dG4u1kmFWHXPz/BM4cAiConF4XUGiKbpTHLkxlmuJ/uq/fXd1fG+C1j006tXljrlymrzUgrV5oUGHhoffegX3v2Z4ad3/7IfTp7KTF5RCp1ULRkE6TBgCom4YoqWG9duocp5UXBWYYwBRCCZQwUGVUftWosvti8u/vHyicl/99qfvPKfLn7h+Bk/l2flGqrkRrQmF7OZ8+fO6pI/wolZGq4PVCpJOijeVwhgawwoxFjE8ktBgLrnJggghsBAKIpVIV4xChUAIAIyBDEKNZTkTraPDA1PjO+aaDavLF5anV7qqJRVLDYjpVBtUgYfnhh78Off/eltz+z5L10/nnKJT5VCdYAEBvCAyFqVCbnKWb22ISZnKgGeFOBQEdsogXKPqof2c7LEC9n3s7OLv33y84d//eiXn/vuystzS2U+VMktswqdPz61tDi/cMS75om6TU1fvTbIqgMKMcEnFWN8ihNVg0gV1S0KS4BQEdzOMX0ipEcEy6FCiZFnDomtGLDuSRt238j24ZnW1OKl5uxqu4wG3HyUQrX5oMEHt488/Avv/vToU7v/bt4vj2mqae47sYMugYJ9D0wGZAg5CcQUXVljLlXPpqRQjpXXKIQSV2BQzck1HJ/l+eafnXvx6L8+8bnDfzT9zfPn5YoLRbRLSm6T7PJKNj114YLMZseqjepcak01TZMhECrFWgkaWsMEceKuQEU5CkJFoZYFq8LAgyDwMX3KUIKEUhhiUqjNUz/eP9a/e9vQ4MLyzPLFVilWm45SqDYZ/Q+MDR36+fd+auzJXX/f9eNJX5XQLh6ApdDjCRpMJWxMFCAJjmlZe41K9AnE6CrV8BpDQKqMasar9bY52jo9++/Pf/Xovz72zRe/v/LS4pJmpemk5A2yBF04NTu7MDv/slE9PdTfX62kyTaA6jCGPWI0IGKDTqzNqkK0X/BaGQ1+1TDxYhAbWJtCnAIgOO+grHDGsybYOTwysqc+3je1Mrd0qTWz2ikDLDYPpVBtIgYe2DZ08Gef+eSOZ/b9vayhT+WJqwgLRHyI2BMOGSfEUA6mPI0iZVRhwICGduDOeTAToArm0DvIqCIVkoZP5tzU6leWvnvx35z++qv/6dSfHTuTX8wdyrTdkjtIZ2o1b88uX8wX268NDfet2Ep1KKlUhnJ4KyZWUyJA1IVK/EUVixCg3o0ODH3TGAqG1yBSSgriWBuDQF49d2w+1r99aEd1vD7fWehcal9ZaZcBFpuDUqg2CX0Hx/of+Uvv+omxp3f/CoYrzzZNXsmtD/2AVAtrPQDTY89HTJgMhUANW+QuhzUGzApRB0BhTHBep55dw1cu+qnWH5974cg/e/nXv/OFuaNX5sWVdpKSN4fOYkdmjl+Z6qyuPJ/UqvMD/X2DJklGvPhqWCgpmAleHDiW+KJYZ5JQVGoPwhTO+2jKpnDuo9fEDbFkeE+jv3/X4O6xK63ppYvN6ZVyZbUJKIVqEzDwwLbGgb/4zMd2PLv/72M4eaZtfSVjR97GxnWF6UODlV8Q7PrdwKj4PqqxYI062IQBEuQuQ2oqMI6zSjt52U02f/v051/+jdPfeelwfjnrlKuokrvB4rnFbH569oxt0pmkXqV6ozYmqv1gYZOEEHaOOVXFiiroUBCluHLqEakwgSMApkh29wyGYcPJtkqtsnNg59CV1ZmVC63plbz0Wd3flEJ1n9PYO1p57K+85wMjT+/8L/0Av79l8lpuhcQAPhQ5giGGIQMSEyz2RZ5Uj1ARABiGh8CkDO9zeO9QsxVNc7NSb5vnZl+Z/Bcn/+zwb17401dPu9LUV3KXyWfa2eWXzp3JWtmroxMj1Neo7wChX8QbYg51buNpHc7wsJJCTGQvTIVrIhVKhq11pg6pGg6S5Op2D2wbHu7bPnjh8onLl91S25VpFvcvpVDdxyQ76smjP/fep3e89+CvZIP6wdz6hmMltQrPCi8eRISEDFhCkEQx51xTp9iVN5ryg83fh2KyueoAVeftfP7ly8+f/LWXfve7f7rw3Quz2iltISX3juUzs4v5SvPk8NjgSlpN+9NKZQyGk1CnP57asQYgKFoJOOQArk3OtNtOpCiGK0Jga+HUAVbYJX5iYLi+bbXdOb18YXpKW74Uq/uUUqjuVxoN3vNTjz75wIce/dvtPv8pV5XBXBwpKcAEjTPGhCwSNSBXOJqLFvEhFj2EoyuAUP2cjQF5QQ2JNHI7VZl3n7v01ZO/evhPvvP1zvHlZeTllVpyz9Gl8/NLq8srR5Iapgb6+0crleqYJ1SUQtxfVKDw4mJuFkswBVnqztRARYCRSeAhEM0h5KCsFYHfP7ptMOnk7VOrpxdnNS8rrNyPlEJ1PzIGGnvn43sf/cln/ot8zHwms50RZc8q2i3DCQ39UBNhGA8YoVBKBsFeH6LUFUQSO6sqPClSmyJ1RpIVuUiXm7899fXX/uXh3/rBC52L7XaZG1VyP7FycTGbn7lyFiIXBgcGU1tNdyijDiIO7UJ6RCqaAkNIUWFXiD5bYggzyFp48TCkIPKgMOmzVKvuHN29i7Op1tHVyYWlslPw/UcpVPcfNP6JPTsP/eQzP2/29P8N34ftoo4NEQwZMMe4XRBYTEzwJTA4NEC0jJw8lKOhRB2SGIaecAKs+qzaxGudc4v/4fSfvvAvjv/By8fy1Sxf/yFKSu4H8tncXTk/eT4ZMCcHBofSJE3GLdt+BRmhULtSOVRd6Rq+tfg5mAJ9rGzhxSNIXDF5A3Lv4FNbr/T1HRjZPTG9Mjl3ujW93NQQ515yn1AK1X3G6KM7Bp/6Sx/+peSB4b/erLj9OWXGIrTrJukG54KIwTAIEhVLzHCIAsyQAwmFRF7vkLCB9UDNJ51qiw+3T8392yN/8P3/3+TXTp/1bVeGTJTc3zQh0wuTM7QoRznhfGBgcBexGXJQI5aRQwATRCo0AYmWwW5gEUOhYAqWBVbpmgfJWORMlAP1Si3d0djWt7hwZua1fL7VQalV9w2lUN1H1PYM1J/+6x/80cqhsX/YavhDzvhERZCQgTiAyMQ8qaLpQdfuAWEFEkbbZ5AkFE2jmOTLmdc+rTYri/pc59Tsv3zlj37wuzPfvjApnTLbsWSTMA+dO3ZlYXFu/vjAyFDePzCwQ5iGYY3JIQQTugUXwRPovQUBpDBFESbCWmI8CEoGAIgMjQ0M9e8WkrOt+aXL+WInQ2kFvC8oheo+oT5W5/2ffuq929914O8vVbNn8sRXlTSUPBIGqKg6AUjIIokXWSw6S4qcHLhiIIYAFbADUkdoIO30tZPvtI5P/erRP/7hH1/+7vk5KSP7SjYh2eXm6sri8vH6QG2lf3hogtNkGycm6bgcTAgdq4spXGxzQ+AQpg4PhoRkeGIobChsKyHgyBtlU7XjA0ONkepQOjU3e/m8ny/rWt4PlEJ1PzAEfvQTTx/Y+yNP/P18xHy8Y/N+siBxgsQkUI9wqGJ33m6uSGjKA8RkR9gwq/R5jgqlSDJoPber/S75wfzRc7928kuHP3/h2+cXfSlSJZuY9uXl1srC4mu1gb75weHB7WAds9Ym8coIJkAqjHthZRUiX0NvNSUTJ3sGBILVYBzMKIdaZSHZuXNior+ZLLy0/PLinHbKSMB7TSlU9wGD7x0fe+ozH/ol3Vn/xWaSjZEBq/dAzP8gWIA4ZN0jBkl0RQrxVkAQqAqsMireoNbhTn/Hfn3h2Ow/P/In3/n8pW9dWPLtUqRKNj/tK6ud5sLKa/Xh2mxfX328Wkl3CiQJka7B0kAh7zdcQwQAGq+jtcR4ilUCAYEYRa4OMJxYa3eM8ujC6sWlk83p5ZUyuOLeUgrVPWb4ofH6o3/hvZ9O9w78zVaa73fWW+dzQIFqtQ7vFaIckxl9zB0J10xvzTNWAamHAaGiFpWMlmtNfG/yxelfPfYnL3555nsXlqXjyoutZMvQnl52y4uL5+rVZGp4dGAnWYwLaSpMVDQCVSJQbLYo3PVi9fwLaRxggZJCxIHZkALVJK1PDE4Mza1cXjjVLluD3FNKobqXDMG8/T/78LPbnj3wf+v0ydslkVRIQcwgGBhKAI0VoQkgEhB84R4GaxQqUhgNnX0TT0jaaKctfG3x+IV/9tzvvvqlpRdPL2sZgV6yBelMrebNKwun+8ZqVwZGBsfJmt1iKPVE8LQWYLFWqDkEInFPIrywQEhAIrBsAFGADWmSjAwOj+ywFT46ffr8Jb/iysoV94hSqO4Vu0ATH9j7wMGPPP23VhvykXaS93l48l5gbAJVwOcexhQ9ugW2+8sEUQVH818oQ0swwqh7u1RdxfcuH1n856998ftfXXnp/Ipm7qo/XVKylWjPt2VlefGCHRm6Mjw0uhc22ZYzpUJKqsEbxVQErsfACi18u2uFnS0Y5AHDBi73YGvZVpJha431aJ1ePjk/I5mU6Rz3gFKo7hEDHxsdevqTP/LXdbz6V9sVvy03wiACsYEoQMQwxFD1APmYPRXa8JJheJWQ5BiTeY0w6qh0khV8rXN87le//9ljX1z44bkV7ZQiVbL1aU213MXFpTMTo6PTlf6+cUlotxokAg8WBxtXU6wME4MnwkpKIVwUsDUwwlCvMGwAJjjNLarYt3PvLlk8Nf1Kc2plWaX0V91tSqG6B9R39Vce/uA7PzL0yM6/nVX9A469DWlR4WJCbNlRlIIBgnmPfHiOTbC355KDTQivrXmzOuiqz51/4fj/fuFPj31l/oWTq1Ka+0reSkyt6srC0nkdql8eGu7fz4bG2SBR9UQUGiuSEkwRPMESzIMc/FZGOfS8UgYUobswKanVKidmvG+4//z8+YXT+UKzU+ZX3V1Kobrb9Pfzgz/1xFN73vPIf0HDyXu99TUvPjh2izbbGipOECgEKlGY8dkY/Zf7HMqhXJLLHRpc8bUmfa918sqvfv/3vvL5K89dXpasjKgteevRmlpyV5YWzoyONhYajdrONE13CJAIh9ypYCqPXQRiTUyhUDcQGgo7mxglGOuyAwxiNgNDfaMDGfOxxSOXLkunrOhyNwkT9pK7xuhHnh5/+y88+w8re/r/ett0xjvaJJsmyPIMMEns0muLSyTWJfMgBQwl8OLhkAMWcCQwmWZj1Hd85vmL/69zf/LcH059+9JcGYJ+c3anqW3ANKxSjaFGISFHLcwUisLccaIQD8a6q6V4+CqK1609ce0ja1zzzqoxkpq0mGmQAqJKLldZrXnXOgZI1n2Lko0YePu2xqM//rZPjD118L9u9/PTeZ2rDh5KErsChzQPiUVrlQB4wCojVQ4+LPjwjwQsRvukf1kvNf/t4X/15f/31A/OnPWZK2eDd4lSqO4ifXuG02f+9oc/XXl8+z/p9NEhNd7mWQuNWhV5JwcoCXXJyMAT4GMQReIFVoEQ8ydgG64PyZzUvT3WOjnza0f/08v/fv5b52alXYag34hxwIw1+nZ/dGjkkd2oHmh4nrCaVz28egtSUlYWsGi8E4RKi9tYaTFEk1GcdZN2o8skFBHpykyPUAVVIg0xaFEUe4SKFBCEAguABMdkaKvkHczqgncXkk772O91WscOdzrLufb8lZJrGH58uPboz77/FwYe3/PLrT5+yqUu9Sb0YgtXE6DgIFRAWHEJwSrBqoBVAHg4EggYidbQ10nPNl+9+P94/l984T8unVpYLPOr7g6lUN0thsBP/fwHHtv3kSf++6U+/+OdKhpgRWIJvtVBatJuh15PBMdAbhRKgooTWFHkKmBroOKQCknDJ5OLr13+taO//4N/O/fnly9Ku6zddyO2A/bDtdqhd+3Z/0sP1Yc+MuZ4R5/TfgNJPDx8olAO1Q1YVa2EigakIboyDGYIOkMak3Ri7gA01jDtXUBde0vXeTz8PsXG6gQq3lcVCqhnypbULkyrHDmxPP+b/2l2+svPNVeuZFpWTbgRI+/aNXzwk8/+wvCTe/++a/gHOmmeSMxFNBqqVoRrDvDGBteTKBIVJKpgeCgBngjiLOpadbXl/Buvff67//Tkbx3+Xr6clYvbu0Dpo7pL9D07PPrwj73jr2G89jN5BcNiQF492BrkuYPlEHFEsX6fEOBMGLasht45agAiAnvSem4nB5b5P77y+9/711e+duF8KVI3ZhdAn+jrf+Sj28b/r0/3j/zV3UIPTWQyOCpSHVKk/dC0D5o2RJM+1aRfNO33mg46TYecpgMOaUOQ1hVpQ5A05KrbtCFI+zzSPkHaJ7Thbb/yho8Xtw2ltE+R9CmS7nOKtCGU9nmqjXI6PGYrB0dtff9EmrZOrSycnBPfKQ/89WldXG6vLq2c3vXQvmralx5QlkFhsBKFXKrolyIAwjHXKq5piyK2iFMJYgsQsRrZNjQ+vDp/8srh9vTKShkF+OZTCtVdIN3eZx/8+Ds+3nhk+99q1/UAGAZM8KpwXpAmCdQHkwMpoJbg4GPYrMDEGSAxgQXa8Ol8vUm/f/krx//FiT945bV8tUyUuhk/WuurfXLnvr/zVKXvr4wLT/Tlwg2vqHrAisBCYVA408OFYYWQCJAIYCVEYholWLnOpjffkg0eu3rDVfdNfN9UgNQLEue4T+22Wlrf024vf/flrD3V6TU0llxDZ3K5xeDTI7sG+yuN6sOeUAczefEwzLAIUX6eolGWCEQh14pUgt1XFUSMjs8hCSW1RnUobSSnZs61T/vF1bxsCfLmUgrVm80u0K4feWz//g8+/g/8aPreLNFa8ZQyAczdxoekChhADMHDBYGSHBwvHHhF6s1KbdV8+fLzJ3/1uV//1uHOUruMQb8FPrx93/739w393/fkeKgmMCkoVtRG1wIuiN1gibvN9iSmC2i3rxFiwMvt34bWLNc+fvUtXXUbyvyEKDTyDhZAVY0xtjLSNObwV1bmX26KL81PN2HuxOSS2YbLQ2PDu6lS2a2JqXoIMRuwAqra3c/B31gE1IToFgIFLSKFJCCvMjAyOJiu5tXnVo9dmNMsL5XqTaQUqjeZ4Y+P9z36/nf8rN0x+Jc7FR11RsloGH6EKOR1xAFTVICE0fIZjCEkqrCi8CJgMGpi8nQV357+/ql/9uIf/Pn3OpOtsn38LfKx4W3PPl2p/eI274dYhZhibhoj+qFinV+E/l6IHiUgHCMg6IdydMJzDJ64jVtQ+H3g9dx6CHzI84GFJqlZBo4eX5z61iXxrTJW+ubMLk3NebFXRraP7qVKsptTmzgVqPexsFJPl7dihRS7FYSagSEs1BuFEIwlM7GtL7k4/eqFY9lcq12uqt48iqlcyZsDHTrwzNODeyc+4+s8LgwmjT4oUDAzRTs5aWh82IEHLIWKFJlDg5NgAsrh+vPKMXd55d++/Pvf+Wbn1VYT5VrqlqmqjFRYq4Y9gR0c5XBG4E2o86YQGJFgBowba2xZTqHcDthD2b/+W3JQen23QgJnBM4qcvJQFRq0laEfoVqlESPaS27CKbjTXzjx7aVjV37DrshxzigXD5CxgOHQ+EMUiVdYCdelghDqBsYwGEIIcFGhjtWRxp6xz+z8yCNP2HqSrP9zJXeOUqjeRAYfGu0be2Tnz7ar/u0t7aSAB4dGHaFic6+JIfaU8lCwNfBeYJTAnmA6in6pXDRX8n93+ktHvpCf66zARytUyS1RUTQqSmwQBIggUPLw5OGMR24FziiEQ65NaE8pMPG1RNGpHldXd/+2WJERcghy72AUlRYGkmCeLLklJpezC187/qX26fnfqnXMhao3HlKsmtDtSBC2aPKLIgXEVbcAUEKuSqvsnt73zod+unFodIiSGIVRcscpz/A3iWSsnjz4M8+8R8ZrH+/YfFCNI4IHq0AplG/p7S+lAJy4YCP3Eio8mwSSQweoPi1XWp898ccv/u75zx2fds28NPjdJgNppZICZOIqNoQmh/3vGMiMomPWUgKoR9BCxXoJ5sFoCrz7txyi0+K0XlQgKkkKZ9aMlSW3wsVvnZw/8UfP/Z9yYfE/1XOeJqeiRPCscByuxzVpKiYLoRA0EYE8wBpqATa101fZ1vcTe3/y0bcnu9NK6Ux5cyiF6k1i9N37dww9svcX2xXd54w3xoQIPiqEKkzLYnZ8uG+ZQKKA8zCcIBeAOG3WtfK5U8+98utHPv/C2azZKd0Rr4P+Sp2UmBxZgBKwJjBiwd6AxIJhQDChxqIwrDCMBPOsxkZ8wV/FIcjhLt+iECqvSIjBxFBF6jS3YZpTchvopW+eOD/1wvl/zYv5F1KYFVFVF4XKx07aiCIVJgixpBkxoBweZwO2zKtoPvTAowd/YeLdu3ebqiml6k2A1z9QcgcYTu2uZx/6AIYr720ZV/UQqMSM+ChQayIV2gwohdkzq8JQMXM2njy//NrzL//GmT9/+Zhrl2HorxOyhtmRQYcSeEpBSMA+gfUJrLdIvIX1BlYsrLewYsKsWQ2UGMIm9jO6NxtpmMWTJ9hYAVxUjCtXU6+bk187cuL8iyf/tV9uv0QemSIk2jsTQtUlBteEVTjFqxZgY8L1qSEKKoOz6E8+/Mi7nn5PurtaLVdVd55SqO40u0AjH95/sO/Bkc+ggd0KZzjOxMOgU+RnFHLFYTCEgfcx/I8U5HMdQnq5eWr691/5w+8+33mp3UYZhPz6ER+SZRByYoC1ET4cFQq3cXES6/6FZzTeAbqTjLu/AURhBFR1ADxEPUks4lRy+ywfn8xe+oPvfRtT2W/VO8n51Flv1EBV4aFQjqb5eL4ohcqbRHGV6z1EHJASlqm9s7Zn5NPD79u5l2u2lKo7TClUd5ja00PVBz72xE/omH2v407dkMTMd9PtMorYzCP4H0zcgpCFZENF4nyrMtv6/Jk/eeGPspfaK6VIvX4OAaiowqrAqANpjtAhT0JEHglAa75DZwSOBZ7DYAUoSNevcW5/C06u17cFrYzvRAIYDxhPocBPuap63RxfzmZeOfWHern5uVo7WUgyViYTAlcQ/JXxJ4AYooAqhR2uCkDgWZClmqzU9UMHnn3mI+n4YF/oalpypyiF6g6ze/TQgfrI4MeR0miujohjc8MwVEXCORzKt4QIIwBQDpbBqjd5vc0vnfnhK/9+8s9PnfRtV5r83gAfB6g/puuGfd0rAFf/vLbFun4RCgvde0oQKg4DZ+iVVKbR3QFe/sK3L5z+1gu/bpbyb1FHmwklysZARQGVUCVY11bb3ahdQuxrpRAG+RSjQ3vGPjn+roP7TTUpV1V3kFKo7iC13UPVnY/t+9Gkr/I2AKlqqBTmvEfIdg/nduGYZwWMFrN5HyKKckW9xedoqv1br37ppec6zU5n/d8peV1sxRkuuZjoUPIGOAV57QvPv7x8dur/qGpyTDreqYtRngpILGTPcXIJBN9yIERlAgRrDKnFOw6965EPVMYqjXJ0vXOUu/JOMQba8+OHHqrsG/yUt9jmRZiNBdjAFW3j46ycNJzcrAqGQMjHhFOg5m0znZc/Pv3Fo3+aHcuWy6TekuuxFZX3nnEB/vQXX/mqXl7+/ao3c6zRYM8GTDHusvAtF6tuFmgRCaqAQMixjFV2ND41/OzEAVMxdv2fKXl9lEJ1hxh8crC246ndP5Y36AlJORUQ1BgIG5A1QHTlIzrnWQEOBm8Ie4AEnIurd8zh068e+e2TX3r1dN7MylD0LcQGrqfb2jaAyiSqO8fFLx+fPfm9H/yWWc2/mzhukVDwTalCvYstwnqEqvubBFWCV0GHc5P16zsf/NBTH+nbO9hPpvRV3QlKobpDPHjw4X3peN/HO9aPIGFSAE4JoqFGmEh0eyMkmxoJI5dngZCCIFr3fHH1zMzvHP3OS0eydqcMnyi5KclVnrSSN4ie/sGRUzNHzv+fvOKOVWwlB0Kb+sQYmJgmEHZ4+GEtIJQgEDgryCoyNLBv5Md3vXfvXlsrfVV3glKo7gCN/UPJyCM7P6h9/Jgkknh1ADNADA+CSJh9FUmERoJYSczVUCisoGUXss+d+NMX/ij7VmcZ7fV/peSNEOvPl5TcmBchr/3Ri1/Mzi38Ljo6l4tq6PKhXWMrdyNAYxSmhltHCrGKDmfs6nj77icffHdyYKQGWw6zb5RyD94BDn7yib3prqFPaIoxY5W9+NBQnMKUixRhNkaxDAsYpKGunzLBOEi1w69efv70701958IZ33alye8OUxhqCKH5pOpafsxmIhbw7hJCdEruJAvfn5y78sOTvyfz7e+RQytNKtDYQlERUhWKSF2AQn4VEdQQcnGAVcpNPlLd3f+JkR95aK+pp+Wq6g1SCtUbZahqdzy0+/2+3z4jrBWS0D4CqhAREBSWOEQLxcdEBUqhghwLI+lg2k2tfvbo5557Pltpl1F+d5hlAL6Y9l5nYbUZREs1iCw0FkclIl+6qN4M9MQXXzy+enr6d5KWniMx3mvs/osQUBFa9YTjQVGschGwMVAIPKvtNPh9Dzy8+73puK2X1SreGKVQvUEGntw+4oeSD+RVGhYKKRehVFJPoieCSVtyB8MMpx5iGNakMI6z6gp9+dwXjnwuP9tZKqui33mmAPIUFOqqUX2T72kFlZUp3iym4C984ZWv2Cudz1FLl5gSVQ6RK6HUWVGHsfBTxYy2aEXJvEMnpZHG7pEfqTzSv40SLsfaN0C5894IY6CDz+x5Gw2k780tNTTmWVAcENeKJgEAIeEwC1NLECgStVrtmPNLJ6789sU/fe2IW83LYPQ3CY3Za+iNpAvxLLe83X+EblXrHy25M1z+6qkLV77/2m8mTZw0sC6Y+dBNLyEtJjuhcoVlCxWA1QKcILdsXc28d9uB/Q+bpOxX9UYoheoN0HhycGD0ke0/mqe6K4caAUJ5iShSofdRcMKqAkwMqIdXH1pft9wyzWVfPPuVV1/Iy8TeN5tNP6CvWS01VO8J5sySNw899/VjR7PJlc+jKXMs0LWKJcV0VKEauiIYImguUDVgW4NnQy3kO/Y8uf+9AwdHBsiW/apeL6VQvX5o94GHHsNg7UO5oT4hhpCBJw5GmdjSI1q1ocRQAMQMNgxWaN3xkYWjU/9h4QdTl6Xty2o4by73/FwvBrnXu3XfJ87iEfoolryJLB+fXZ186fTv2JX8BRbKikWUIqysQlpwTAj2CqMGohYeFuoBm5hafcfgj+77+KGHk0ZarqpeJ/f84t2s1CZq6bZDOz+kfZUDtppaAiAUCs8CAOIsizX4EJQAgUJUUEks0MlXdLH9+bPfOHE4b2ZlztSbTzEF3jIoAHO1hpXcefTst48e7Zyf/yx3/BWolxCuHk4nAgeRgoK9IjUpPAwyrxAnsMagbbJHdz6+633JSFIvR9zXR7nbXic737dvtLFr5ANaN4NgppAkVVRHR6i2XUSSESBE8BSs2ZSLVB29cunl1/5s/vDZBclcacB589lS43mR2yMhCK3kTaT5ynRn8vnjf8LN/AfsqY0YQFpQzIBICUwmBJcyIyEDn3eQW99PQ8n7+w+NjnFqyjH3dVDutNfDEHjwoR1PSs0+kpOmToLPgKHB3BdFqpsWqAhBFaSwZJC0dCVd1C9MfuvESdcqmyHeFbbiaB5THErefKaeP3XJX1j+41qLp9lDlAQKD5BCmCBk4dggV4VRjwQexgjakkHSxDQTPL37mUcOJdU0Xf/eJTenFKrXQd9TQ/12e+2jLtEJgTIozKAYCqs+Zq4TlCwEJhSfjRWYkTmptfiVy8+f/OLCS3MLkslWHELvT+IqpNsIL/68GXKogKujD4licM6WWifevywfX86uvHDpq8ls/lzFU5sJUPJQAwgMcjAcMxwJrOYwrgXRFtQq2grKU7uj/5HBD9UeqA9Rcp1kvpLrUgrV62DfE4ce6t8x8l5UuAoALncwxHHVFOwARSsPoGiGCFhhVLxdyuaaf3j++yeP5O2sDEe/a2hZxKHkDXHxuXPnpo9e/L20g8s2dNvsZrGpIPisuoEuPvQLIwVA8IQkGax8ePtHdz9k60lZVf02KYXqdhlvmNF9O99pB+oHlUP52dD8EBAAHoi+KIAoVKkI3m5G4qxWXHL0/IkLX5l7eX6xXE3ddbba/o7JECV3g6UjF/KTPzj8NVls/4Cavk0afM4iDgkzrABGCABDiCFxZmRUwFCy1fTBHQcefMbuSGplpYrbozzPb5Oht++qJ2P19+RGhzw8AUDCBuoVogRPBAEhtqjptjgnJVScXWlNLX/5ta8fO52Xvqm7ylp/1s3NVWZKBZIy6u+usnj88uXm+cU/StqYNCARVYjLwSqworBxZaUUYgG7LX1U4RT9/duG3115vH+QKmViwe1QCtVt8sCe8Qe0Sm/Lja8KBCqChA0gAiiFmVRRFZ0EISgdMB6qS/7V+WOTf+aPLsyjXE3dNfpvceWxmfxVBbY3D7jkzecC8tNfPPJlN9P8DufahHgYA5A6GFUYBQgMUQMFx3JLCkDRUbFSsc+O7ty3x9jS/Hc73Mr1WxKpjFVs//7R9/gq7/SsRkgh0RZN1NPBjkJldImV2EgENqcmreiXZ79/7hXfKksl3U0mwoB+y9yvYrXRxwoVvUvuJue/cfzSzPELn0XLT5ITn1gLhY8J/oi+6SBShc9KofCGqG10z/ZH9j1jy/Yft0W5p26D4afHh3lb7Wmq2Zoy4FVCiLBKiJmINcDC0j+spTQkAmqS49Tl45NfvfzS5WWf+XJsuevcXrrRmyFW62sH3u52LaruOs+UvKnoxWMnv2Nb/oeJUIeA0Bi1e8UjBFbEYCqFQlghhuESrla29b2n/u5d41QrlepWKXfUbbDt0IG9GEifQIUrWgRMMODUwUPCMl/C1JeoKGAJJJ59pc3fOfG1l17Nmp1yNXUPoDdHe+4B1F1DEZUX8L1i5tVLl1uTy3+W5DxPXpWYIYwY5RfjfTX4qJRCPQBhgjcgX9F37Nkz8khiTVlS6RYpz/NbZRdo5MGJp6TBuz2cgQg4NkJU1tgQESApWgCEX2NlVDI7tXpx4Svy2tws8rKm372AKByR9WrV65ciCs0ti+1+hGjNBEjEakrL373hLPJTL5z5Jpb9K9abjMDwBHjWkI7SY10RCpHAuRd4CJzVnTsO7HybTZPq+rct2ZhSqG6RwbePpTLAH3QWowJwrzlGAGiMT7dkYIghuYchBufq7Kr/1skvH/5OttpprX/fkrvJlhvT1W/BL7VZuPSDC6f9dOdztkPzRo2CFMKytqpShLVVzKv04kHGQI3UfSLvqI/VGlxWVLolyr10i+wcfGgbp+mjYrSq4cxbGyJIQ+t5KFQ0hKSCkKiByTHfnlr+2tR3z067dl6upu4d1x3Q79fV081QQP1aRcmSu82xGXfllbPfphV/OlXrQAQhjdG+ha8KcZglpEkKUQ9YNpLi8W3v2jVuarbMqLoFSqG6FfrByfbq41o1O4WNCS2pY1QPQl0/Qmjh4UWgCiQUWq2lHRybevXM912Wl/2m7iXU/d+6xzd4bJNABDXRZV9ybzj5g9MnaNF93zR9m3uWt9pN9A8TWlKCeglBF6RAhXf1PTr+OO+01TL59+aUQnUL1B7qq9XH+9/FiRkI02+GUpEjAbAKCAJwcJwSEwwMqKMOK/m3Jp87c9618zLB9x5xFNB8g+g4orVBfpOuqiTmlV/z3UruDvklLC2dnf9ymtGcUY42PwlCBcSi1AwjDAuGYYZzOTxrrbat/73JE/1DZfLvzSmF6hbY9fDBsYGxobebxFSJGBKdpIj/D/4qhRcPGAqhgAJwJtNzF6e+uXxqaV7yMsH3XvEFACvrH9wKKOR6gesld4mpKX/2G0e+6+abx4zXLASjhxp/xSyClWGUYIggLoe1BkLCtr/ytsbI+HYyplxT3YRSqG6BHQf27K4ONA6A2QZ5iisq4tjhMzT08OpD/pQqyMObljt8/tsnXs1bZWPEe8360bx3BbV5VlNxwo4Q+gyC5BvnAZfcRS598+QVLORfsx7zRhErAMasKgqmP1ZAnIOKwBgDYYJWzd7xPdv2WGtvJx/9LUkpVLdAMlg/6Ks65knNVaXWqGigRgAJmEMLelWF8bzKi+6by9+dnpZWGZJ+LzkEICVzlZfqRmHq9ytE4WwzamCcRSqJmBgEXXJPkfnz81+ilp5hD2eJQofv8FQoTA0FMSFJUninEGJozY7seGD3AzaxZT7VTSiF6mYcAnVqnUfbNu9zJKRKYUATgQjgu517AZADwcESIXFmcvn09A8k9+31b1lyd/k4QHUN/oLe4AktErN7+lLd14LFAoXAqIXxFhWxWgGXQnUfcOHl105iRY5Z4TxlGxuoxug/ViiHCawKQGyhzMhYK3mqh5RQWf9+JVdTCtVN6H//UC0drT7u2NdCgRSEvlNYi1Bf2xSqAqsMzvX46VeOn8o7ZZX0+wHv/SZ35iiEPDxyCAmIFaIeJsyQ1r+45C7TPDu72JlbfR5taYrzMExgin4pCS4BYw28d7GyOsF5Z9N65YmhfUMDnJQBFTeiFKqbsH1x315Gul8IVinIUeg/tSZW0WsAwzYoVkfyztLq4fkzczO+rERxX8C0uU1kSiGp3BuFMw6OHTw5ANkGHriSu838qXk3eeLCd3U1vyS5egWDo3+qWKV7kdhQFRBRAEReZM/Od+/eldTKauo3ohSqGzEErm3rexSJGVUKNhbqESouIv/iCOhVYDmBNLPJmbOXvucuulW4chS51xwFtEWQzd6TyofBDR5ADoVY8m1qqqKcC90PzLxw4Wjawg+scEt9mF2oCAwzEMutUaxEoSKwzPCQ4cro4MM0YSplPtX1KYXqRuxOkv7dI4e4mtQ0Jt0QKRgac82LpD4AIBAMEkq8LGfPnfvWiRddKyuTfO8DvgBglThkFWxiWA0sUhASwFiQSSUjKvMe7hNmvnN2qT259B10dBHKasiEsgDMocMCrwXxGAoFa8ma6uCOkcf5gWofkk0TfnrXKYXqBiTVwYbtb+wXwykxh+Q9EIwCVkNIepikB9MfwQBOW2lOz7VfnFuQdtnO437gEIB+SrzZxEpFSkjUgj3BCMOIgWZiBjShYmVfcs+Rlcvzr3CmVwyMVx8CKIJ3gKCkcN4DAIyx8C4EsJu+yiPG9A8DXI7H16E8w2/Azp9+dP+hT7/7n+lE+tFO1VW9MowCqQ+hp5lROFYwTOjq6Qn1pjmfHb70D37wv37xc+251S0V8bcLoFq1ymmSsKqSqkJwdWRtjN+/6rzq9Q95uKuqoJlY1fxmeArOaZuTutivtwIglLNa+3OOSA11QBAkWgXQwac8VT6y9/G/84ClfzzgOiMQ6eZOFVF/6IkCLB6/nyAFLAxc5gCy6KQVnMk6v/+Nmcv/+N81J0/OqvNpo4EKEXmpwFAWqqVsgNMqFASrSr4iYbYPgJnDSb3uiPS+zmjhZVnDbxAlyT1VPwDA5aRpAnjvdKbZ1FnVLVlQd/uP7dvx4M994H+z+4Z/StXXYASePDL1ICaIVzAZGBCgDjZTra7i6Kuf/+Hfu/TbR//cr+RlzuUGrD/nSnp45lc+/u7xDz34q60+ebJtcwswDIDUh/p+mVV4UhBMyD6XFOmc+8bZz37vV05/9pXDbnVrRPztAcy2Rv/EB01yYGJwYLy/0UhFxAShqgZDqIb2BokKURjxuyeXJYpDLZCjpb0jYXLtJLJ4knqjBDJiWMOatlgzZQUIAwByCitdJYIq0GGjKS+BIKhqP1td0sE29++vND41ZvCJirg6dGOh6uW+FCrDcFkOgwTeJpjKsufP+/ZvHm7NnppTkf6xMfSBkMkAVWlZOfb/jaXmunuzowNQMFXFI2t4yjRERCbMQCuVHns2AKAqnrKGRwZPiQhdXQaX4FSuqYxr+erglbxpMFA32skzd3R+vv1S1p6cyVpXFjrNmUuqudsiotX/cH966G/86D/se3zHPxIrI2QFGTzUhoAYilnaDMAaAmU5bJvmWkeu/Mrz/8tXfq8912yuf8+SUqhuyAf+x5/5xdrT2/+fzTTf6RMhIKyoEh9q++UGcBz6zlixSHIruLj6a6/8sy/8j9MvT17eCmWTDtRq1U/YyqPv3LbrJx+wlY8OMR5IDFeIiFUhRBSS7zUaQGOzSL2mqV8sfnadWT7iimZtTFWEyzogRFATxkOKW2hSCSiD4soqfgolBRHYc+LFNzJNa7kMMDQp9PN+E6KboxCE8449AcJwRHnb8vJSapu5ZRhl4tBjQpkELAqQQADyBJCGXRu+e4+OFFbscPCuf84q0Y2O3wZ0/war0YpWVDlxK9DmRdd89djq/EuvLEx98SurzRdPSLbqtkiRjUf+3od/Yvv7H/rf7VB6wNmcHSvEAKoezAbqGUwMhgd7gbZ9xpda//13/7s//v+0pleW1r9fSSlUN+Qj/+tf/id4ZPC/6qR+WIwAMDAKGJFQMskoPDFIGYmz4GVZdKcX/vH3/6c//j/asyvL699vszEMmL+2d/973t839jcPqP3xbT7f1ge13E2SFUB7Bn0NXrzirLrKqBfvvN6RSAlwsbsKYkkaWwgVACEAHNcQFO4rhejMqhNYQVj5xXSVzSZUSqF+HNTD+KAXBIIHIUsMhAAjAGuUawqrfiUJjfsAmBgCtCHFDOC6vN4jF1ECIwGRRW5Yl0n9FZalU671lR9MzvzLP1q+/M3X1DW3wsrqwF9+5uADP/7Mr+uofV9ecQlXE7TydgjEIgMRA+YoVOogmQpfav6r7/83n/tvW1dWZte/X8n6SW9Jl8bBBqeD6V5KKVVI7DMV5vmhY2dM+40NFI0AdW+m89mVV9TLloj2e3ulOva2+vAvPV7p+6mdHtsHyNiELSwZWDCsMKz2bDBgJZh436zbWAkGr3NTgo3ilCiQCGCFkQgjFUbFMxIPpKLhNQJYTzBCEBh4MustWpuM6IsjA2GGMkOZQAwkKqiIIBEPKx4GHqQ+ylhYhRkVsOKaY3LVsdng8e4WPbGvdyMCcuvRMRmIOlTTzG4njDzRGPzku8dHf/mj9cbDNaItEaA9d/7iFdN0x4xoWynkTK11WkA8lhzGEgCwykh5L3b1V2DLIXkjyr1yHba/b2e/VHSnkNhgG4mLAlVIMWPvmYSSkqSOLly5ePaSd5u/pccQwO8Y3f70g7b2gZHcD/aLIyseKgKJpWEKG1zwgoSfieOKKhaRj0n43Wmy3mC7EQSA46CXKCEBwRBgYva/oRCNyaqwqkHUFDBK4ButJDYRBIbCQMjAGwPPDIk5OqFpH0E5bGAGyMTCyQYGZs0uG4/P+i1UpLvOv7hyvdF2QwhQEigcWB1SyVFttzCa57WH0/oHnx4a/9Ao28ZWGJAWT061WlOLP2SlRYAkzzNY4mhU0G4Z4e44wgAltKPx9u0DXC2VaiPKnXIdEqlNZC6fcD63hk0ITFcAMeHSRZcLRU81K3LquMNXjp9bdFl+0+v2fmcXkD4+MPqe7eDt1bzDhjwAgcAXdaFDXggHs1TvFnfK2n0Ot4W4X3ejGBRxnY0JMGtlgIP09Pw9BM8UGABDg6BFoaJCMTcxpAxSA8BAiOE5bEphE2Z4wxC2ULIAJyCkYKQgGAAUKlysO163vK0/Xuu3DY5ZsYEILAoWRQKgQkBFPGpZjnGhgQcaQx84yDycbIUxaQp++tTkS+R0Jup8NIuHHaXd6yDsV2IFJzQ2YmnchANVso7Nf1K8SZiaHbIV069QYiaoxDMMYeZaDLoBAgu1s+XVV/SkriLreWqTkgCVEbaPN5yvk2bkkAEUEp1ZwuqGibprlasm6ldrBxBNHhtM4m99o+B7CRd3NL9y8Fs5UjhSeFZ4BiT6Z4JGBpNLUNTNe7qH7xIKnQZzngeRgFVgJW6xYjdpkZAel7XB8ATWkHG14RbD/9/Ids179mysQKoGqRDggm+TmWDEo+bUjCaVx8aIBjm8fNOzMDl50XWyGQDeGAOVYHotwoO6YqVxgpVwHSmNxRlFyTo275X7ZjIGGto2tM1WkgoB5L2/2vkef1wLayaw0sKVC1NnXO7ytRduXgYBm4gbsipWDeBYwqwYFAZC1SBYEgYhEwejYosLqXArhWhcO4Bdtd3o+e6uDquC4CcEPFPYDOA4PBZWDWuBBdCrc3o2K6QC1mA6M+phxCNRj1Q8Uu+RiCDxwR8VKndLCHgp5k1FoMX6fYsgbtd97g5sHP2KiQYTmIgChsOKwuVkVfoU2DL17pIlnc9XOpeYyAFhpU89z6+tQuOxYar1jw5MsOEtsw/uJKVQbcT+mrXbGvs9ocpgqCrYMIQBUYERwEiYtSLW/GPBhaXzsxcl95veP4U4uIh449WTqAaTUzRhoDCzh/91L8DuCmoj4ouK12y43fB5inVBilN2zRcW3juKaPwHUDRZCUChEe4t5hbft4RPX5g+Q/FJ0qsTnq86Bl2RKnyKa77WDbcbPfcGNwBrxRZj01EUOXBwUMk5TEG2BjIprWyuczrxNof3IApRqUCxyi+cfgYqBkpk+iYG9/KEqcJcpWklpVBdB5emLuVdQlRhIjLGBM8ME7x6WFUkXsFxwDbE6jv5+U6+vKiQ20o0uV/JAYgReBaoJ1hN18QiBkwES2jwP8SFy9VbfKx4Dd1kuxka/xc+RxgAQ4FghLQBJViNgtUNLIjTeZIQ3HGLf+u+hHpMedEMrSB4Ijjm0IyPOPiEil+JAoXov7set7JPrjm+t7EBgHBIkC/StsTFEkMWAAnqW2hAunDhgm/Orh6npjZZVYN3FwAYhoIZ14BBaiFioGRYG3YXHkzqSG/hYLzF2CrnxR2FbbNqKrzL2iQR0VD1mIDYJBYswdSlImHgFvjm4sqlywuTTSduc0/bIyZqAkhh2ELl9q+dYoAqbu80Yai+ditYGyh7pvWbnqu/rcZoP+kGLqx//f3BetFad6RAqtRvKuAtNEZrJifyZmfaspEwWQjrYaK46tdgISBiwBi21XQCXG2EGUlJL6VQbcDo9p19Jk23m8RYNgZS+KJU4zkUasIRUTCD5a7VWlq9IM9rhi1S3a9uKsRKTBpn24WpoqTkTYAAGmwME2+NVCoAQGd15RJEzjNRLhI7/Cog2o2b7Qo3gWCMGatUkwbdyvL2LUYpVBuw54EHBtnabV7VKjNEFV4V3nsY5jBmS1hpQBXa8cvq3CmobolACgAY6huh1Fg2zIDEYq3l5VNyh+k5pTgdqBOZrTNIT50/s+hanTOuneeka9Vcwlbkp8UNSso0tm3XjiGTlLlU6yl3yAbYNG0oUyP3jlyM+AsnE8DGhJ9FwMQwQqBcljTTywC2RCAFAAwPDMCyIQZBnd9SJpmS+4M1A2aYBFFSBLlvDeaPX8rQdBfUo8NsNESshnGkSPoFEEy2TFCixsTunQPWlkK1nnKHbEAra6ewJlEiEhWQYRBzsCcXHn2E8HQGq3GYXZ1aWRG3+YvQFlQTC/ICESGNZouSkjtKPKUIAIPIaLLOd7XJOQtnWjpZs5V2cFH1BA5FF0Kh1kKAQNJqJa1xafq7hlKoNiBJTQomSzZGuMUluiGCeB/yiayFegWDPDI5M33x3LJ3+ZaI+OsiSqQKE1eR95r1Ic+3u5W8Mdbvz9vdNqJ3TOZQ3X0roXOTszNGqAMJshy+7prPWzR4qxQAW2M7Lq/K1tsPb5hSqDagUq9Widkqg4gZXUcoJET6EXVL8hghZz1ea03OrIjbWh19Q4VnCg31SkruABRTGYqfsdaskkJ5rC11CemVs5eudJZbTaaQ7q5r9pjiJcHPDQFbYzxkK0Xp3zHKHbIBXrVq0sRojMopQkoBAExQKLwXGGNACp96naPXkGOL9eY0HL53N+qxpOQNEq6jtQhSjT4qDWkgW24loZ18OmtlqwZGKea4EULyOVEoRQYKayqBmiRNBynMgkt6KHfIBhBzrYgeKMbo7oo91vkr+hpJ7rL5K7Mz3vuQz7eF6B01SqkquZMU5xZpdNOokm5BoUoFK66drXpR6TWBbmQKVYBNkgyX9f6upRSqDSDmBohCLdO4WC+i3sKMMGbWq8JlrjV9cXLG527LRPwhXDTd60rDV+4NVCoped1c7zS6UXPhzUoimiOXeVKESKui/mSPSBcIlExqh2iL9OW6k5RCtRGMwdh1fi2IIJxl3TD1UDWNoaJLq/NL8yJbo3RSge9JSFzrv7WW91FScrsU500M0O7ej9YKUpEt5qICbMdm5OgSw7hiDMEGItWFqL8cl6+l3CEbQIx6KLyzdlKhSMzT0GYirDIIxGZZMjS7V9/WQoMor62q1p7Yil+35K4Try2EXmOh1MsWonW2lfl2PglVh64tJk721n1VZobzvnY9DXsrUwrVBnTb+eDqUyZELGkMqABEBBBZhjXt7lRpixBDhcNkNw4f679gKVYlt8p1vU/RQgEAEpo7Xu+Vm5ILFy74dqu1JM77rmmzGFaKFWV8mIjgnEu3oq/ujVIK1UaoctcsQQrEyhQhIj34qwixKK3XJakNdsBmS43aHGe56BWonkGlpOT10Gv+u3o0JqjGqs9bDBJaybPMXWs2Dw0+114IGGvSMurvWsodsgEUaib1VDgucj4QHgv9UmGFgI4sL1y0He82iuPZvKz10QtNEsMIUkZUlLx+ui0cYx+t4ooRMBQMe/1116ZGvS5r7vLQJjyUTArtGDR2aw7jigDg1Nqh/UNskjKeopdSqDbAkiWKrdZVikg/QJXAZEASLjR2qvlKe1VfeMGjvUXKpkcE0rV+sioMoj20xzKz1Sq9FL7H620lbxwFQBrLkSGM18oMAYG2qMkr73SW4H2HNPQLCj3DOGgVQj81KMGrQBlm4m0T1lS35ury9VIK1fVYHz3QgyK2KxX18LoKxZaK+AMA0zNoULB4lpTcIdauqzAJIGgs9rLxFbe5IU/LpOgU+R5XdWS+yphOAJFprijrlhtR3hilUF2HwpK+IRps7CoiIn4pWjW2FBJOja04bpTcQ667CieATLSzbz1WCGj2jhMbjixhbkx52iAt3VRXUe6NjdnwPMK6J1TVeZE5IHaZ3kKIJmUDqpK7imzRhbtA2gS6qiDA+u9ZXGnBBbz+2ZJSqDZAr7tCCgUku/dUM/Uyr1ou1EtKbsaG0x4txuXYnn0rQuyJ6JoxovvVi/sha1GNz0Ir4JIupVBtgGJj4bk6kpSg0LYKVrei6a+k5I7TU4asu4KI/wAQ6xZq79sDCSkRheIuVz2x9mOxkGIlqXEmvCXXlq+fUqg2gEDdSNqNIKIiurSz3va8xdiK40bJ/ch1r7bND7MSYhnr3gtKEYNJitcRg5Sk3RgVLcv9XUUpVBugqkIUziTaIHUozAAJIPIC39mSl5m5geO7pOQOQN3VVeEO3ZrzPTZKIDVhehsoBCoMHGFVGfeFXDzZljxfP+q8tSmFagNERUK5JMQGid3mbgEN9uSQsshbLpACAGARuxvH7xpbaPduJSVviOJcYgIToOK3ZOkTUaaQQVUE9gWK/DxBsbwCvHNOX3xxy+VlvlFKodoAFc21W+tkrRjt+rFZScWAt+Y0MAoU1lwLJSV3nmJZoUBPNbytBa8VuO6l+9UL9RJFnmWdtbGnpKAUqg0QkaaIyjU2v/UuGw355Nc4SbcIITexdw5YUnJnKYIpFBAJLeC2HkpaxPz1xkgUA0cwfhJsYmHYNLfqePJGKIVqA7yXJRGRYha0kZkrPNct3HrtCzY5JF6hoQ5ZScmbjkKJNo623eyQEAikvT2oFABiy6Du68AwxMsg2pruhDdAKVQb4L1fFfE+THeiEm0kVkqkIaJn6+EcNEo1lVO8krsAkb+2SdOWoXcpVawki7sEEMPnHt7JIsq8zGsohWoDVH1TRHzvJROCJ946uKsurQ1CH0tK3jDxnOre0Drj2NZA6er2Hr0iBRSTYYIX0TzP51W3XqWbN0opVBug4tsQzcPoXCSJh9L8YWXVPc0UuuW6ZwPRbh4S5Xse7P5cSPbt3t4pbv6+6z/61hj+woB2o+3Wvub6/Xc3b2Pz0RikFC6xuMSgrXGUroG1W3Zjoy9Y7B2F+jzLlstKN9dSCtUGGNgMSg6qqurBbKA9iQ8EBURgGAq1W7LmM1tSZaMKCyjAsfIzFID09L64wcax71BxWwxUb3Tj3vdc975KBE8Ex2ETCq81Qps8PrPYr9zt3wRd2xQMTwwfvzOwdsyEAM8oVizXHKfb2orfv91bJRA4TH5IEKILPFgBltBCZlMfnhshobWJotglQbeMKowqOMYsiReXdbLVUqiupRSqDTCOm8i0xaSq6kI+kRJUQn8qIJxcDGaQNxvPkzY5DAAWCgOS0JMqCBWtCXacKN7oFj23iKvP623ABg9etcUBr0ekqDsQhtcIAB8HZok5KkYAozc/2Ys2DNfb7imKrhArEUIWXxTsKEBCgC/y/7pCpVBSeEL3dzY6Trdye4343M4tGKBisBYICUACJgWJgIBQDu+e7+g7j3qEYweFIFQRYAAGCqPS7fKrEK+qrd7LoSRws2v3LcnC9PySa3UWDEgMMbxzIDYx+Tf4q5LUwqtPcnGVMK3dWmjuYQRgITAxRONlRgqla28BRbfyVLwtHl97/ibbTV4jFAZdJQnmo26lq7XXhCE8tPgufi5es6mvfiq+b9yKgR4CowIjAlaBkTBLN4Jwv9gXGvZPCD3b+Hjd6DbsvSgkhaDcxm1xFAoxFVa47sqX4ZjQIbc1PaGsUCIKpk5AISBa88h1TaAendTYVQrNfkt62HID7J1g6uLkcqfZmoJXx8TQMOMDEEu+EOBVkXtfMzYZ6SrYVoKhVlSNSJgLskA4igT3CEYUiHD/6q0QlnArUPJrA+1tbuH3w9/zrPGzFAPvmhhRYRhTiWYV6Xn9+i+5uVASgFx3I3IgOBh1sOqQiIdVH2bpCMctrmXAYc0VBHuDY3WzrZgIrH/81jcJn0a5e5SEDXLDyJiRM6kKbfLZxMaE/U8aVpYIx0Cjpy76vVkJJLKSN9uLKqXpbz1bb4C9AyxfvtLkTC5CNIcqmDjMhFSDfZkZzuVQ1UatVt3JxHb9e2x2EqoIMwkI2oGHt4CwBvdU8S/+LFGMik03uNVQxBcoFgcbbDeCNFiQPCl8z/sWAtULK2B7/GpCgAuHcFNT7COlsP+lK95hdRXEKYh5OBYEX5jsuiuajY/PrdxK/Luv5x9BkYgi9YTEA1YI1ofNRB8iuZudBZsTivMEMrGmYfdbEggc/w+lXOevnJ9e8M6XQrWOUqg2Iu9kFdhpVnLe+1jVOKymVAREBFEFmBMlHg0lXLcW3nt4UvKGKGOFt8FRH2aBa1t3HOzdsMFtvNP1L8Wfex+70QZEP1SkWB2FWwpLQDBIGSwMI+EWYAhxNDet/f5mpdgfSoVPqjCnafDJxceKYBJPDC0CLkLLd+Ca/Xfz22uO8W1urEDFK6pOkEoQq8QDFUeoOELqSJMtWpnCAwmghkJhwzi3UqDwARLAAhjBzMKFy6s+d1tyP7wRtsCl+yawCOdb+SXj0YFXBeLynAhaVFZiBgwZp9J3C376Tcf86iJaUDhDUCZIoVAASPlqIZF4P94iPt97G0ascBtivK6+DQEC179FnHfGjgndaDcq3lsJJAQIB79avIWGdUYRZLCZ4fh9aV2kXx59PI4JnoMohwhAhnDYf4S1Y7bR8bmV2/XH+XZvg39G4VmQmyCq4biGb5f5fLMfoo0hqinDFpmYvVH4CoTEehE1Oa7ArTahsjX3wxtgyw2wd4Qp+MXJuUuaSceAQRKcnWHIA0QEYAJb5mqjWiPeoGzFJufi4owsq+9kxGKSFPAh6i8MlkU0WPz5FrZiCaYI+Wgb3na9KhvfUoxyYylC1PmqDd2/FUP+4uAoYVa7qQn70YDVgsWA1EBh4MnAE8NxDE8vRIo4eqmiyMu1x+SubgCEBbn1aFlBxwK5IXgm5EzIDTqXm/PeXZ1nv0WgPpBWBELBN9WVLKgCIgpy6juLzXO6JCvQTT+nuuOUQrUx2p5fnpeO61g2GkoIFdVdolNZBcZarjVqKe/ezbBby021kOfZivjjLaAFMcqe42CHsA+0Kx9gCgOpoSK3MYgaxQEW8X7wKcV9ucFtYdsL0hR+r3g8iKSCFTASo9i0mJIWv1s4/AGJiy4QwgRj08eTEbr+Uon7NcRGxGc57psQim9E4/7SEAkoCpKYYhD3Z+9tsQ/XP3718Y6C+XpugRicHSIBNeZ7ZQQ0LftFljPnV1dXctl6qwky1C+EiqgSEaJXiqBK0GKy5zVfurJwTo5LC1n3xC+JlEJ1HazyFcncMikLRQ8IxdUUcfDYszVQgqk9s8dyNQmTpC3CFaB5ud360rLgihOjjARMBhTSYRBGsLCpCqASVp0qgEgsVxbDcKmIlrjOVvw+gtO9+J0geOE5gsIAsDFB0kBBHIyuSgqJgyAxQU2YvbuYr8OqsCrgOI/tZaMajvcnCq/h+0EFVgHyAivB/xOSmgErQCKKRBVWFMZ7GPEg9SHqLx6LQjTWjuXac9fdNojGvOUt9jSDKsgDRgiijBYRFoy2LmbNr7ymMpOHk2JLwQZ9ypoACjYMQrTQEINgYIihTlrN2eXL4sWt//2SUqiuiwFm4WSWQCKiICaICKy18F5AxoASA4H2DeN8hSnfLCPeLXEB8C/OXf7+Rcl+uJSkiy2TiCODMB/kMLMHBft6HMfUC1QVTCH3Ksyjg/yAQsRTjxWwu3X1gxHNgABi+C4QHkP4a6AYzcdSrLrCM0D4m6ohss0RkKuDqiAVoCoEs4mHQCWFZw9HGYgECQEJMZgAJoJ4H/ZDV1fCl1UGvAkh/UVFhDCbD3MEivuN4u++aRuAYNSzYG8gnpGzxWqS5Bc1P/Hy0szXL4lf9t1Xbx0EfoANJWwZCoFELSK2YLYhhSrLV6gll0m1FKoN2HLRaneKal/iBg5t/0g61veYI0okzghtYpC7LFj/yUBX85mlly9/fuHo7KzkW8tssdJpLg8hbacmrVeqlWGGpAo1ykyFP0SYoWyh1kLYwJuwSeHgJw6bYXjDcCb8ji82Cg5/b+L7xfcsSgEVf0M45t9Ef5Y3IVE0Y4JjEwIHQMigyAyQJwzPADGjqgbWx3B6imkGm2o1FYRKLQDygHOwBIhKKBeVWmQESNzvYZ8yMkvIDKFjGc6Gx4ogixBoEfabj8fIUzhea/fXbj1x9/1fz+bYoK0ESVKIqSAz1i8buzzJ8vLh1uJv/cnU+T87693KZvclXsPYGO398L6P1fYMflgSqnmmMNFjEzrZicICqHRw+vLXT//bpdNzs+pk/bu85dk8V+o94J3/wyf/Sf+zO/+hS82QEx9KnxiCQwYQIeUKkun81dO/99xfO/cHr7zgVrMtNxt6G2rVh/oGHv+xbTs/sbti3lZXt88wNUiVIVAmUmsMGWaQggSq3gt8MOWpUlHMF9FHoohzbELQDiCskoiZYYhAxEQh7ypO8+Mqi0mZQvyaU0Ebop0YhckgVInhxKFjAbFE8I5quehEZrjf6UQltUNg8GYVKkkEKh62LTCcoCnaWVKZadXTpQ4zCMwMVqNQUa+Z95qpU8dhNctgqBdiIhhrwcRw3oXVGBXexMKfFNZnxf3uE5F4YK4HrX9SESY0AoIKJCfMTmedo+faS1/5+srsN7+ysnylJbLlRuiB97w9feoXHvzv04f7/m4n0QHhGAjEFrkPfsVEPMxU83Pf/q//4D9vXVm+vP49SkqhuiHv+Kef+IXGszv+F62nO4RAoT+TB9Iwm7Vqkc76C2f+4IX/y7nfe/mbbjXL1r/HFoE+UhutbKvb3Sn0ASYMEWAZ5A0zjDFk2IBA5NWrdx5evIbCOVAQgUJZH+Xg6lMEg153PGMJQsXExMz0CIhqAJahJAqqkypZ0mPEmgHqRLQjXjLxEAUMERINxyUPQXGsIlRzKh+VevWpgdHPbK+lP5aKr0XZ23RC5TgU9E9yhlKCGXEnT64s/M4pckeYWZrMpp+MnhCVtojP8lwzOPWkIcxfAC+eGASbJGBi5M7BiwMRh0yAHqHqhqcFE6FSFLz4mvVa1EU3GFcUjFw8NBxh7wmTsysrp5Y7q3MvqLj2+l/YIjzwwQcaO3/ubf+beXjwF/MEDY8wWTOcwqtFAgvO25qfnv21H/7Tz/937enV2fXvUbLBCVWyxhP/6EMfHHrP/n9OjcqjsGwIBCc5NFF4cTCaoL5Ms80/P//Lz//Lr/9Re7HVWv8eJa8L+jiAPgBToWAQJhAsX38GYDW85roD5Xr+Luq1n9//+H/1YNX+oz7fGSr8N5tNqHJyIBASZ5BxgvPiPv/Viyf/2892ll/uU81nARoF9MthH93y/il589jxI7tHDvzsO/5V7dGxn2iTrxYuBFKD3DEqtgKTdzqt45P/9MX/4Uv/3/ZMc2n9e5SUwRQ3ZPLMxanOSmtaRT00VKMgZngfLOlkAE5sZce+veM2SUp/351DvwDo7wP6LUC+B8gfxvtxAL6tQXgGzU4rTXPHZlMHqbNaMCxEGBkZtNJqdk5k5YcK94dxX/3h2j4quQ8QTvpsmo6SIVNE3lORTxi3vJMvLc8unvFe8vW/XxIoheoGzJ69uNiZW7nMjpzEmnFCiHFTBlCCE2+ozoNg2lqJVFuICQAgoW4e16aUq6IHF4fAClKIJcpRpdDNqOR+ZHDHtnFbrw6pghMA7BUiDIEBLMEwwc23L8+dnb4kud9yPu47RSlUN4LbS2i64+woE68QEHLvwGxhEAvVGpglbY1KTZINE3VK7jlHAW1zHvKurkOoil90cL7/CCHnhSNeAfZQyWPSdcn9yq5De7fbRqUBBSWx+K7CwMPAqQN5p7TsTzYvzk+Ji6aakmsohepGtNDRhc7LvpWtMocYNALFNjsKQwwQGWd0f+VAXx8lXI4Z9yFfALAKkVuxiN3Xqy0tZkIae0WtpeKW3JeQJ+2nxKbOe/Ia0tLDhAggUuSdjtCqP5ZdWJ5Xt7XSW+4kpVDdiBchS8emfuBX25dI1LMqjOEQYu2lqB3JabWyf/uhAwM23VrVKbYKhwCkodDgNRTCpBp6BG0G1iL8Y2rV+heU3B/0gz3LkIokoggFgg1CpQ7Jod7BtbP28pX5w3JJVuE2OkNLUArVzVk9NnuhktOrVjSDCLioBhDy+yHqSS31DU2M9Blryv15H/JxgPqKQ7YBm0Wg1qOAWWvcUXLfsbdivcV2J74CIgqJ1gCQw8AhYUKF7fT80ckjvpNv1dSWO0I5sN6EmWMzLptvvSydvFVUPoYomBRMYQ+2fV6HxUSIsCi53zgKaCdkBW1ORboBW+4LbSFqE2MVU0t2seVUATgQhBiqDgwfCgd35PjcDy9c8W1X+qduwNYXql27CNu3E8zr15Dm7OKraPn5hIxAAec9RGPyrwHEYICr6QEQJet/t+Te8wUAK9qtRxHTVYuU1bX7GmqFXv34Vdv9hsLfnx+sBMCOPTtG0kZ1D1uTiCpEAdFQcsWQgnP1stw5DNHXn385NkYwjxOQrn9mS7Glhaq2Y//A9o/+hWd2fvwzHxp58n2Pjj7y7KBJK7f9nS8cP/VaNt88w44cASDDABOcCsQoqGbrteG+PSMjI6l5A4JY8ubRbVTRUwlX11fGjT9f9fhVr7nfKNdT9zMDQ8MPUGL3OvGWiUKzy5hDRSBw5pf9cvuYit622W9g/2Mjg4fe/cS2D/+FD4++/RffP/rYe3aYtLJlU2Rue9DeLNS376vu+JHPfPDBQx/6xwff9hP/876f+uV/9PBn/t5PDj7wzADb9LZGncWp2Yu6nD+PTNtQAhmz1tabAbVkuJ7uHHl4R92k9rbeu+TN5xCAKoXA87X/3Zj70m/V87FVAQWRbEV75haBq8mDmpjR3OdMTLBkYMiGpqsgyHJ+fu7M1HHJ/e0k+lJj32MDO3/sr/6FnZ/+lf9m9zv+4v+886cO/k/7Pv2Xf6nx4BO7yG7NwgNbVKh20fi7fuLQ0KF3/LW56sjHL6HvPa2hPb/ghvf/ysQHf+5HqwceHSGb3PJ3zy6vrLavrH5H29JUH+rJdXwOj9AAzhslqtkdC8Odhg/tq0ruIz4OUH9R2DaO9+uF6GZRf/dDftX6TxASJq55uOQ+oDHe4NpI3x5TsxWYsCIv+nAZMIwwZCk/cvH86XO5u/Vi1oP7Hx3f8eO/9Bd0z6G/1xnd8zNXzPC752vb3t8e2vl3Rj/8qU/V9z7cT2brTZZvebDeVIw+nVb2PPqT7b7xD8yb/vocNTCLenXKVZ9N9z75D0Y+8MmP8QMP1W65K+8F+JWLiy+6pc4V8uLBDMQAPy8ewgpNedhU0A/aovt0k6NEBA29s64nSDcSo+v9zr1FKRih78fP9tam/9GRSmW4vssbsjAcOoIDIBGQEjorWZ7NrH6rPbcwq7daNX5ou9n1o7/wE5V9h/5hszH8thXbqC6igpV0gBaTgf21vY/8wuDbP3KAq/Utt6rakoNq7fGBbRje9oEFrYwuU407toG2qaGdDphWdfBdjX2P/Y2RH/nxh8zOXemtBlm0Ts1ekuXsBeOoTRIaBxpjQNEEmLMOju3eMWETe2tvWHKXCYWHev0696f43DpK4PvUefaWp22pP2Od8FYNDEFUwKQg9WAlaMtfnr4w/33/nDRxK6Xj+8fs4LOfeFR3PPyLC7bvsVWuphklUFtFhypY4RovJQOPJDv3P0V2XwW4xUn4JmFLCtXYjr0HfGVwX0sTq6YGZQsvBGctlpQT37ft/dt3PvaZ/sffOc63GFxx6Qen2rTc+XpVeJ6dap7HPj4AmBnK6Nv74IHdSZJu7fCbTQrFc71YUW0kUr1llMICLLzueq+/14QWfKX5735kaGx0hyY0JoaMkIIY0BCgDvZQ683LV47PnHedWwtLrz78zrE97/jYX12tjr6jU2lUHFuIKFKbApSiowlaVOun/pEnqP62Bqiypc6JWxqkNxX1MVMZ2r4vR6WhXGEiA/YOBg6578BZRl4darSr45/etv+Zd5mkWln/FtdBFydnX5DlzjkLdolJkJABqULUIxNX6Rh9qLKjUiN7AxtSyV1nObRB7x6TG5n4NhlUhlLcl/Dug/seShrVUc9gQSh0JXBgUsBpGx15Aa/OrCLzNz+AA+Nm9JGn3+9Hdn6yafv6xdZIFDDeweQ5UkpAXIWYeuLT/ofqeysDnGydkxxbUahqe56scG3oUa+mn8mCvEeSZ6iRh+EcngSrPqG2GT6UbDv40+nuQxNk01vaD6dfOXJq4fLMC5prx5ABFJDcQ1UhhBSpeXL0nbsGTbUspXQ/MQWQi4uPQqQ2Eqv1K6j1K6ySkluiL00GR4feTgkPOQiBCR4KIQEbgu+46bnJ2Re887di9EP10ffsSHc/8peWkD7gKzXb8QKCom4sqJ2BcgGpgVDKSGr7Rg9sHzaJvaUxbbOwpb4MAIzt3VO31b4DatIKKciKR0U9jGvDsoNAkHlGbvrSTmXsg0Pv/5l3mm3ba+Cb74rmmZklWWx/zTidh6iqCFSC7ZmZOGfZ1zexc7extxqlUXK3IISodEL84TpitanQUJR2/cMl95bRx3f1U80+KtC6qBCIQEyAUaiKdpbahy8cOXXUZdlNw9Lt2O7Ktsff8REdnnhXxyQVWAtVICEGiyAFgQVADqgnOKfDplLZBqYt5Su/+ei8yaj09Q9k4HEHsioCAwUswytBhGHIwgDInaCdNvY09j78qcbj79rOafXm++IC/OThi99cnl08kedZLiCwSWDIgEgoQ2tnfaT2JBm+VXNiyV0iFJsggK5T8O8mwRX3p6gpfPHdSu4b9jy+Z6+v835KOIEKQlAfQaGQdpa5qeZXV1+5eE4yd9Ow9KFnPrazf/+jP+0q/eOZMrvcg5UBYbRdDk0NDBNMrD/KZAdhkp3A1uqPd/PBeZOROz+aAaM5kSka5TkycLYCRQUkFkYcrAFaINOq9L9n+NAHnjSV2i0FQVz+3oVZXe68SKC2koVyAvUAkYBr1Ghsqz9c31Wrl36q+4cOAFe0xOgx62Fd/tSNxOhGInY3Wfus989nKulhF4gn6g92ajpOFmxUoVGsjBJ01U22z818T874VdxsPTV+kIcffPL9eXXo2Q7SKtsUBIaFAZThKwnaRuA0h+VQg5Rsknpjx0Dliuq+hqzZAWsGYQwRxVkMAAFDivI4iNknSUKa1vYkg+MfTXYeGCR7C76lyeXcLrvnTMvNI5T8i9F/CrZEmuLh4Wcmhk11a9mINzMrobHCbXEj0bp/2BQf8i1F7dFa2rdr6BEzUGnk3gWLHzMsG1AHzrTp+3OvnD/lO/lNV1Pp4x/ahqEdn2wjnRCyrCCQhpUTAAgRPIfEC1IJzQGIExju32pj+5b6MgDARAOGuUrEMcEzxEURUWh0CIKQgQdDhaDKVar1v2/gnR/bz9XGrSyXZfbU5ed5ITtKmc9VBRz9W04FYung6O7de80WLWWyabnJ6qNXmDaHSJXcj4ybXaOUJm8Xy1XlIFKkgFUGtWQhn25/ffHw4qJ0btIksW8kGR3b9n6q9D3rTVpRttf0cu59g+4Yx2yYTYot5rvcckIFBHMthclHkTgTnqFwMIUIPuZKejXkK30H+ycefCdv39+HWyg/cv67r51unVv4kjbzFaiCmSEh8g9ieWTb7vGHbWJKP9V9hGooS7ue3oi+Mrqv5I2ybf/ePelA3z5v1CoHWw4gQMcrr+Dlyyemv+Myd9Nq6X0PPzs4fOCRT1JjeLtwQrmXIFTXOz1VARCImQ0bvr4ndnOyBYVKET2X3XvhEAJQiaHkBB8OKpQMsqTRlwzv/Ojg0z+ynav1m+6T9qsLrfmjk1/Gcue8VfJeFV7jKWmo8f9n7z+j7LquM1H0m3OtvU9OlQOAQgaYM5gpUhQlUdEKlmzZV5ZtqSW7ff3evW/c8d544/17P+4L976+3e3Q3Xa7nW25ZVvJylagKFGkmMUIAiAyUIXKdeLee635fqy1TxVAkAQKBRLhfBgHVXVC1dn77DW/NdM3paBvDMZKRdK90fQ99HAZgcpjfduoEPR3JGYDZ280FNBKOu3jS985+tShV8+kyXdgy86NKA/dtGh1vm2JWAXdYqCVkDTP6jdazAxWb1AxdJHiTY3yRQeBiFgS981JD0DEq2e7fBVAMABalnUUlm4eHtuyQ+vwTGZKydSRI3vMfPNRjkxDDCDMEGKoUAU2S7cO3LF+g8r1wn8XDl7rKvW8px7WEoUNlYwtBdc1bKsSScwUOIk1Tqyothw+9tLhnyQvTi2+aZNvbUxx38hNLZUfS3ReQYUwK+QA08034CfQ+K/pz0T8xr//IsSlR1QEmwZ50lCO86b8gFfyFV+etARAZJnalBmU8sgNGB3Ln4lYbePY/FL7+ML3zFzzOAsbYeWITyxFymwc3DR0o96ocpeY5NYli4s17HfpLeCLF8N3bxozZX0DAs6z1/cTEVDHJKolj5545uirSefNS9J560011EZuT8JC0agsibDLdfnHU2I6dU6DFevt3FnXDl3wuPSuc3JC2SlEBCAfCRQLEeMqZJxDBTADrJFQJiu5yq7stbcPUyb35p7QPtjZ/Yd/bmYbTyCyHYChVQAmwCqbKw5Wb8xcVyxRphf+uxDwehx0KkFdHGTlgtnkBQwvhnd8yWMAVFo3dJ3k1Q4VcEAgJHECMgTVwlTz6Pz37KtLc4jfpIgCoPLw8A6TK19jgmyYOO557efs9twrokZdbUohoh5RXeggVkJEQnBeE0Tgpms6YUiIBXnJfSsGRgyYNQwUojC/szawY6dSZyYse+QX+4+YyfrXuSOTbMmK8bI7oaJMNXflcGHTsOJe+O9CgK+jcd+fRhYp7ae6cHuT3M7KvcfXJ94e3iZsDcLihr4bw0q+ZMWQFiDkADohG820frb3+8//NGp03rSIIhwaCoY3b9uli9XRjoGKjIFWCjDGV4d50vK2Lb0M0utBRCyD4hXRwUsClxxRQcR3gsMVSwCu2WkFSATsq3FcU7BLRsY6HMwOjt0eDo1Xzmj42MtIjj9+8OGgYZ/WCXW0ISSxhQo0kNHr12/dtCUIgzPJefVwHlEEqFsGlS7odCW/+ae8Ao4s3pbb6ad5dA+jh7cX+dJgP3LBlRJIhhXARhBaBrVlrnls/ptzT08esR0/buENULnulv6wb/SejuhqLELMBLIGK7NOKz/wVEOrq6VlxRhrm6toHbygcckRlbUWxhgrkG4IUKwjonT/QZI2yDlxR4iBwKJtbc7miu8oX3nbKJ9J+A/AkUdfPb6wb/JfuRHPaMuWiZGIoC2dgaA/e2dhqFBgP2Sxh7cHQwCUuLUu8DY/tf/+5zO6gd6+2+l46tIr7rposX7LpiuDYrAtRhwAFloAFcFyHU9NvXjwkaQTn5EAbblv4/ZEF67pWJURIihlAWugALAP9522J9CXp4tIYm0y3yOqCxzW2sgYm0B8rEecv3SyoUm/85bKe1aGmU2QncgPb5xgFZxZGcQi4uMvH/yhmVp4FlESEStYEcQs2SiT3Dt218YNOn+Gv6uH8wZ7afoeNjVdpz7Qw1uIEnhk29jtqqBHDRIWm0ABUG07v3ho9ruTTx86bjrJmxNHbUwFtbFrYspVKcix2+AaWLEnRYXSEGC6SeHUqwIgxhobmaaIvPnfu4hwyRGVGDsr1jbFAUh75AQQsLul/OQyWQBZCCwEjBhBnxocvgrDw9kznP4rx548+IqZXPqabUfTiTFiWQGBpjgj2wdv3rRL99fyZ6LO3sP5Q/qRX1oQsZfkcV1cKF87UKNyeKeQLSvNJNaAEitYip488tLL30uORoswb/456S23lOL80LUdymaJQ1hrYG0EUgTx0aEuSZ3mt5HbqMeJNU2fzbhkcOlZT6IpYpoXiE0T40SuUU6IYUhBQM4vltRltrBkAWZEljUK/VfR9hsqOBNFdQDYvRQde3bPjzr11nMG1CGlYRiwGcqH1fydpavW93HY0/57u7AEwNLp4iUXO8gSyC7vrXt4y1EFb7n9+muQVdsSJIFiAEwwUbw4f2zqq7Mv7d9r4jfX9QOA6sDIBuSqV1hVCK0oGEkgZEBOa8c9SdxsF3iyovSrv1lrW0aSRUHPo7qgwYR5RTxDIJe4XFHuZcE+3p8We6b3WzifikE6S7HO7czVtmw64/AfgIM/27N/9tCJb9nYToslawAgw7Ahrt90w8jGIHsGzVk9nBecACQBy2vs+esMc0pjaRcks6VvWAAWMctmq4e3A9mthXzfxqG7M9V8H2smawwUKRs34mcPPbPn4fjFqIHo1FedBvkBVR2fuEUXauvAGWUE0IECMyGxxotppyD/z6EbISJAROomtou9HNUFjqjeaGnIkmLXS0Cs3FK24oooIKBuNt1Lj4AAYkQJkHAWEYUTgxs27VLj6wpn0vwLADiK9uTTR79FJ+KnqGk6ZAWkCXFgN/StH7hJT+hsr/n3bYTQ8hbT7z5ZALIAp5melKBOKaK4UJDmWUEACUEbEnWJhXguNqzbvHUceX2XZCknDLBhBE010z7a+Mr840cO2PabyyUBQHHixmxQHbm7w8FAxwhbY6Hh5kyJ9Yo6HiuLbADAkoUlgRBBgRejqbm6JKZHVBcyZo8fipF06gz4rl6Gte4jZRgosWAhkPhcFQkYDBYNCrLoCCOmsBQU++4qXn1zjTNnGP4DZOapY/vM3qV/zrbpaABlQIRYmaIp4O7ynYNDnO+V/71d8J6HM+ppD8qKW/d5p5BU+sjK8Mpqb2sB60WVBYA2kODC4tLLCwMDNH71luu4GmxpSitIjEHGhok9Ef/k2EN7v50cjc8oNwUA/esnKjZf2haxzrJ2wxAlMYARKFfN53v8nFapq1d2F6n41IWIIGRVnz+yt2Pi6Iz+7sWCS85wtpsn4rjdmIZJYgAwxlXMKKVA5PYhKQQEBoNkORQoRABrTWHu6v7C6Iiis8gtHViIDz+95wfJbOtRHVObhCCa2GRl19aJ628KR7JZnFF9Rg9riQwA5TlHPGt4Qa2TyOh0K/tCJAEL8TtosYTk9LLwPZx3FK/fWDGV8F02x8MJCTM0qI1jS/tn/mn64f2vmtaZ5aYAQMrFrYnOjlpSyu08xF99rhdUsHK3lBZX+Ksz1aq11jLMHFTcWbOd0QWCMzfCFwuWVEKJPcKwHeczA+wbf7vGyS9sFgaJ0+gjAGISiE1gQGRYD2f6h7fT8HDmDKv/AABHnjtwZP7g9NeonhzWRhuAIDk1VBnpe2fpqlo/Z3rlf281igC0QJznJBBn5GEYMARX+LIizEc+LJj2rVxIa55gIQRYEsQsVtDxIjs9vKUogTfsCK9DlW9v2jinSAMJJdQwDx/52Z6fJe3ojPqmAAD9w6GuDd8mOlMVUiRkIWR9Tl1ByEV/XE2YD/12icrZLhaBImsVzBQtcgf2Qrpqzx2XntGcJsNxfFxJ0iYRYWYQMxLfFJ4aKRfqJ5C4GwRQDCjNMADalnNBZXgXbbumhjBz5ufp8GJ86Ecvfa9zdPEHaJglsiSJBsc5e8uGsW0bAh2eOev1sCYoAaItxIV83X2psTfsvBO3rpcj/xcaQQFwiioCH/4BEgaiFR5hD28d1IZMrjIxcG84UByzWa2IA+gWjizum/6n2ScOHTFnmJsCgOxVdwzRwNjNRmez4sTdIDCwxLDQnoxO/ZSd1mOauyIINGxi486kzE53YN5Eof0iw5kb4IsGz9jW4vETZDttzdapTohXTPcQguvqFwanYT8SmKTtDBUrRNDUDgo3FysTW5jPvPoPAKYf3jNz/JkD/8x1eTFEmCBkSgo0MXrV+psr66t5PotoYg/njmEAIUTYi3vCh1JSgrJdVkqLbU7OLaX5qrcTbm8lQKqm4smq/Tohyx7OL4Y2rpsIB7K3RdrkEwKitmmYydY3Dvzw5UfiZvSmmn4r0Te+4+ok33dlpLKhZYaQcTcQQOm+1kcDVr5wxQ8kFhomaS/OHRf7SoQzKjW8eHBJWsyFmRPTFLWaCkasWFjrx8V7txndXagjK3cnwCwQSZAIIeYQcaa0dWjjzlv16FjubMJ/AGT/j196NDrW/CqadgGARNpUaTDz4MQ7tm4Icj2v6i0HiU1laFjcCOg0xN8N+XU9KWcUUqQ/vd1klb4jFkBZ5131hCTfBtRCvemGLfdm+vLXipYMEgHV7e6pX+z/x6nH9p0w7fjM9w7lIZ0bXndnFBZHExWyK5RJrVP6/7LbnD4m3otKpeAYFspGndb81JQ1bz5K5GLDJUlUnfb8LCeteZbEKh/P7apiU5qngicpR1QkAKyBMTHACkZlsCS6hNLgOwpX3jxwFtV/AID4lfmlI09NfpVmk2dUTB0EzI1MfEP/dRN3q76geGme+QsTLwHSEbIEEiUEBjljL66PktP4v39+WvwLT04Xgke18u9rC2hL0JYkt8JL7OEtAY3dtXlTdn31vR1O+qxJkIt5Pj6++JXJR3c/Z9pxfOoL3giZbTcPU2n4LtH5kmVNhpx6jktJLMsjAanC/7LSf3e7LQCLRShxPanPzsC+ufjtxYZL8hoPTVKnqD7HNjaUFlN0882pwKfbqaQXBAHIBAEUyJW0c4BIZXWSK980Mrhzq1bhWYX/ANh9D+15eWH3iX+wc51jCmw7ofSbwfCB0lWDQxz2StXfKnwXwGLaVweCgh9C53uolFC3RP1Cy0ulEABQDGMslBACS2ArYk7y/Xo476gEwZV3XH0/VzM3SsAZHVMnv2geOvqD5/9+4aX5afvm86aWMTBAtU07bpBMaQdUJjBgH9hVICgoQbedBlgeS3NS57ofzshiENhoQTVbs05Z69LCJWksdacRc3tpWos1SBJABMzsRWjTnu7uPsV/9Baw6awfBSENywFaVvUHA+O3ZAbXl85o9MdKHD5s9j367HfNidaPuU31RIEXdXLtutuuvirIZTOnPr2H84dIwcQQESFQumP14TMFL0R0SsgPWK4GfDs9KhGnRGmZYYxAkwY7zzDuAJdW1vwCR9+N44NRSd0r2aDGrCgbq331F4/9zfwP9x+0rfisPJlg+3XFzOimO0TnC9b60eQECCmQKCgRsFhvrdjf4ElrOdtKECgScNRakLY0IZeWKgUuVaJqTr8Q6XhpL5uoTWJ9cC9NSJ+8a06rvQBAhECkACGIECwUYgq0yVfuKl9z18SZjv5YiZkXDx1sHFz8G8wnzyFBLIFaX904+O7S1sFBdspgPZx/yJI1cYcICRGMK/kDCYGN86q0Dwd2X3A6clpRdLG62+pA5DZXcWKgMyFIeSkwzc0mUacnTPsWoZpV22674npdy90ApTM6Ug1zvPH13d984qGo3j7zcnSP/qErdkpp6A7RuWyS2GVHSBQABovA1SCLiwSdVEyxPPyTiaAhwknrcHP6QMOas8iRXSS4NA3l4cMmWZzdZzvtuiKyLszjy459+AcALLt+hZS53G5bObMibhdjoZBki9eUJnbcpYIwd/IfOgNMwhx6aPdP6ntnvxi06YiyrIJK7t7NH7zx+qDY86reKkx1GosNRUmsNRLFsKzA5IKAZOQkaVfPY12jkBZgdAlnZUng2dzOBcTu+tQhOtaiDUEdtrUbEsU9onpLULl+bKi0oe9BzmVGlFU2XMLPDv7rS/80//zczFmF/ADkBzZwbeOO90ihtiMGB0oplys9yUoJlA9JOyPmkF6bKUkxABaTJO36Xjn00zbisyo6vChwaRIVAGk3D5CJpxXBumXsDtX1TLkLwcLCknElv+IuDSLtSUrgAn2MtsoMhsPj78mu29FPOjx1n/2mOPGzfY1Djx76qpqKf1g2QQOELaM71r9LrytVoVeqePVwvnC80ziwALPU0mwjxUjIlf4SqW4fHcTlL1NDIF7JhFY0/76dYGIYEbRE0NBkj5t2a7dIcmkVIl+gGMjzll0bb84MZN+pA5Xnjhxc2nvirw7/6yvPJc2zK6AAgOqVdw8mxcEHkCv2d4whYhfWczqkfufhbZXzo6ybo+ethSW3m04r/2BMw3QaByBy1u/lYsAlS1SdxuJxsslhskhgrdt5+OZetwch3/xrnTIp4AwXXOiPAWhxr2tB6Xa2cn315vduU9lCeOrfOhMc+/nhQ/PPHvr7XN2+aJNEokDuGXjH5itUPuxVGL8FOLq0uPtE0nmxzmi3tZIOwZEVnDIJ+yIb8Tp6bgfrDMFKlYq3G4kRJJkAjYxqHjTNVxPYS9IwXWio3bCuXN00eF+s7ai2aMtM5yt7v//cD+PG2fVMAW5AohqduM1kipsS1tpqhcQaJ5DcHfTqFEjE2ykvmeW9LUdSko78EAFsMt2uzx+01lxypem4lIlqZmpqLomiVxWhQ25D0lWhcFU0bsds/dBEQABhAE5tna0BGwMmQoc1NSkzlBkYuTMY3VglHZy9FzQ5aQ58/9kfz7x46O8QmSNG2e07btjxoYErRnq5qrcALy0tTe2bn/3adNTa02GKY06j/6mHvfwRnJqfWg79vX0gAWAIAkabqXk8bjy5f3Hu57GxnVOf28MaYyDP26/YeB0K/A6DOBMvNH9+8PkXvnjiicNHz2hy7ynIX313NTO26V2xCqsGTFYRSPsiHwBI1dDhNP1cQY+3UYAjq7RMHQIREWPtgdnjh47Y5NLroYLfTl6SSDok1atvX0fVkTtj4aKQcl6zD+cJuRwVkfFhP4YV7TrBRaBgwTaC0gptciHjLFnS2dyzzb3PHpOofVYVPgDQnm4nUaF1NDtWXaeK4c5cJjOSrWVfOPHkoQNJ+8wFLHs4e8wBQp3O0RFSupDNT4BViYkUEZMBkChCrBix/5owwxI7nTWvtxYrQsIMs8rbm702IULCBMP02sdYoyMsTcWNw52lnz05c+y//mh2/pFD1rbO+kLs4axQvXPz0OZbtn8BfXyvUnzixHNH/uPLP3j8ofhou4VVnPzxOz+4i8e2fkaKfetbQsqQBisnm0zixnYQSbcsPWGBsBtPRCCIT08oJFAkIGtNJm78cPa5H33bHNm7iEvQqbpkiQrtOSldcVst6B97d8S6ZpQ6qaUTMAAJlgOB7HfVBCIvUyMG0AoJGExEgaJyKVDH2kf3PRPNn2jDnvVmCnW7tBTkcgt9IwPbKMvbs5kwqh868Xhjsl4X0xMXPZ/YZ5J6YuyrSmfiutbNZhAsLSo1N02YmQGmZhRNzjJPzRBPzRFPzRNPzYOnFqCmZglTM+xvhBOzhKnT3CZXfD3uv3ZvM0yTc4zJGaapWcbkLGNyjmVyhnF8ltPnydQsU/p7pmbd35qcZj52iOjVvUny018sTP759+dmvv2otUudXiHF+UUpo3c8cM27C5tqvxXkgkLjyPyX93/7xb+sPzk3I9HZFVAAgB7cFA7e/O7f5P71727rfCFRIcVWoIih/Mw871Z1N9SGXaWPEpdTTawAZKDIgCVByIh1c/bri89+66d2+lhrNXbpQsfZh7AuIpQe+NyV/be/969b5dFr2zqv2Lr+GXgFbfgTkJ4EWRkJJTezKM1bMBJo0zKFpcmf2N2P//6Rr/7Rc0l9fhX7KQDrctmbfv3OTwzcuOH/FscdbQ9M/y+P/umPv9s60GyuZofWw1mBrg+LxZFidbSWza7PElfJ2gBJYkm5+Io46UdnKqxTsLAk1M1potvEAvigMQB4/RMhuJaY7h/0V9Py98vLzqfKBT43Ti706CbSODAASUh1GuDF+Xbn4NLi5NGnbRK1eyR13tF3+8bhHb9yy/+WG6u8L5le+PHBb7/w/zr8nd1PrKaAAgCq7/rC5tFb3/Vfk8rIHYs6H3ZUCBELBYI27kqwxDCUFvZYN44eAFsNIoXIJCC2CFUC6rRQYllK9j//e8f/8v/xpWRhunnq37wUcEkTld71q/3Dd73rr+z4jnc2VSFDnqhSeZwuyBWFrsxLYEVEWABXqK4sgsXJmerMgf/rni//8X+PDj6/ajd75PYNw9s/dsPvZYdLnwpifvilh5743w98afcLSb0XAuyhh1XA7UDXEIWxSuaGT97+YO664f93wmgcfuz5/+erf/nst5PFaHVkMLAh3PCh3/vl0rbr/9e6Lq9r6jx1SIMZYJNA+eIICwVL5MnKApT4/LqL+hgIrMTIhQSO6sjWlw61X3r8UzNf/f89aupzqyLQCx2XdBI/Ofrqkuo0Xg1JYjG+Sp1SL2lF0vyU5HmKld4WQBArEJ2pqsGR+4o3vHOUM/lVh06PP3Jw6qWHHv/TsIFvZIqlXdfec9f7Mvlc6dTnrQrVjVwau7JYGLuiP7/+qiINbFdQveLCHi49qKGN2dyma0bK227aXNp6wyCPbg3W6lrfdN/VGwa3b/ykaiHT3Dv1d/NPHXrIdpKzr/LzKFx331BubP27OkrX2mLJMsGIgbUrC9D9vLRUyR/wKiSA8o48A7BJAmsFDEJgk8OdVzvHJJJLdpO7akN7UWDxsK3svHnC9o3eFulckdgVVLxm23VKK9NpOAsEwFoDHTCBkC3n9IHk2IuvRAtzkawyJtyIl5Zqpb6ZQn/fjUEus3F+3+QTS8cXpsWs8hcCyA5vqFRu/sg1o9fefX+w6fp7cttu2KqGd/bnMzaOOrYlUcPg0pMC6+EyQzAwns+v27apeNsH7ilfd+8Hqtfe/UB227XbMDSRzbNpRrOTTTmXmUzFMLjmA3d+NNtX/nB7ZunhPd976s+mHzt+1HZWtzZztTE1fteDD9rB9b/W4OxIokIWFSJNSyt2kR5HVC7dAE9KTocEIGJPYC5kDAhCE5lSe/H7k9949OtJ4/kGcEk6VJc4UQHo335TxtRG74mDwiApzUK0rEAMR1Lp1xSnElX6swigtKaWNeVCLhMWA/vIwp4X5k3UWd2CmIPUp+amCgNlmysVbq2t74+OHzz2cjTfaq1KrWtoSA3d+YH3jl5327+NRyc+HQ+tezcPj9xTHBm4ZWDbFaUEhRPt9tScNJZMbyhsDxcriiObctWb331n7c4Pfia39brfTipj7zWVgVuSUuW2/ED16uFNW8zs4cMvmYXp9mo3ZWN37tw6ctXGf0NA4+ije/7dwR/tfiE5i9Hyp2LstvcPF6659X9ezJR3mTAfis4itk62n+AU/J2io3RJCl7WK43sGCdECgKglIKIRca068WlE1+ceeKPHzPt+Uu29/uSJyo9vEF4cOJWW6hsJg4CdxF46YEuPy1fMCtx6s/ipGuRiKiAqZDTuZcah/fsjRam49VW2nQWOrbdaBwen1hXKA3139DJmiNzL00etZ0znxAKAKhWuXLn/VtrV935f+9UN7zrBAp97UIlMPlivk1qGDqzva+/v5DkwmOdpelZqS8lPbLq4WJDZmRzfv09H72jtOPG3zV96z8U5QfGGyiEHc5ypMLQMo9kWEZaiX4y2v/cccSds1tHAKobBvpu+eA9nwoL2cGju/f+/Qv/9LOHV6Pll0IPrAuH73zwPe3B9b9WD4uD0AWypBEnXoiAxOn8EXxqwtko50Wloz4IovzkBwswA2IS5E3rCE3u/eu5Xzz0iulcup0KlzxRNZNyXNq4bZuqDt0oOsi5yC9cADCdVeXFHU8lpuWf3SuIFBJjQUpBYPOhMmCtn2ru/cWMXa1XBaA5WW+FxPuq64YmBkZH1k/vnXy+ObvUlLOoflVbrshvuPm9n5KBLZ9qhIPlli4i4gCxEESYhIOSypS3lfL9WZulfZ1oaVYWFuxqCbaHHt5yVEaDoXd8fFfxiuv/z6Y6+kBTl0pt5Aich1AWHQsEQcBkk8G8jWdbB175hanP1c/Sq6LrPnjrPYPrR96zMHn8n5/6+g+/3T7Rarw2X3DmqN7+oY2FK27+/aVs9UaTrWYiQxALaN+z2VVRczIT3ehOSldpP5Uol8dyhRUWREay0dKT8y899sXG3ienJI7O4V1e2LjkiQqLoS1u29Gv+4ffZYNsyRKfykcgZlhrX0NWJz+RwNAugakYIEvgpBQEvNceObw7WjgRiV39hmbq1ck6QFODI4PrSv3VeO745Gyn3o7PdIEMbL91XWbzjZ9bCoeubFNRC2VcEtZYKAso0ugklFGZ/LpKtiwYqBzu7J6dl2jOYlVxxh56eAtRGQ3Kt7x/V/ma2z4blfve3Q4L5ZjzlIgG2QBWCIYVrBNy5QITZxJ6rHH4xeM26ZzxBT6ycaS846ar7ltaqL+659GnvzX38uy8xKsPPej+sczwnR/4kBne+KvNsDIgYYHi2IKEkWHlRs2wtzsri7q8QK0PDAJESCAwZEEgKAZCSqyqz3x9+idf+a6ZOlDHOdifCx2XdNWfwz67dOLg87pdn1UmtgQLN/rD62TBiX0Cp1woK0C+Y1yEoEiDLCBC1A5yI9I//MG+mx6YUNnVVwCmePG7T7z0yg+e/mo+0KNbbtzWH2bDM/58BtdvH6Xs4CboSqAoi9AycsaiIEDBKnDCMJSlhsqPJP2bfn1w6IbfyG+8b4KCc3/fPfRwXlGrqeKN79o6dOs7/09xbfyXmmGl2uYMJaTATGARKAiIGZElRCqLWOW2Dm3culkHwRmXABZrxfD2d99+pbSi/T/9yg//8cCj+2dM5xwKMgCqXvuOCT2y8cOtbHnEqCwnCSFUIQJiwBg3q8FYP67BeU4ugrMc+4GL9gFMsGJhYcBkEcBG8cLMU3LkpUUkl643hcuDqICoMXU4iJv7VBLF6URMpJeEuItCsRMnPdWPWgkxLqZMAggx2qKDKFu6ldaN3xOObSqtSgPwFDz7/ScO/PzbP/2ZraNOaVfyGSC2Qa3DuXKHQzLEsDAgicA2dirxwkgEMCqLui6PLBWGf7V67xUfzWzaOUb6zAmxhx7eYlDxpndMDNx816c6paH7OqpUTihHiWhYAqwYWMSwSGBggSBAogJ0OCi0hAcs6Iw3YvliPtQcZF596pVH42OLszBnFzM8FWpgPNu3+ep7O9nqtW2VCw1CuF5ONzqexQkeO/Byrwwc+ZJYuBIL9xAzA+K/mhgZ01mMl2b2Wmsu2SKKFJeFgYomn2/o1uzTgY0bChBFrhxUsbtoJJ1V5UVrl+Fjxh5OLsCpFrPSMFCIJDughzc+2HfH+3eo7E0BsCpx9ZWQyRcPH3zyuz+bbjfbZ7xQYuIgZqVjZopZYMjAUISEIkQsiF0jBiwzFmNwVBxcp0av/K3y3Z/8QHbztX2kg8viWujhIkK1yoVt1w8NXvvgJ6K+jb8W6UrNco4EISBO705gYSmGpRgGMYTdJOREKSUqDH3s7IwwdWiq+fMfP/azl59+eSaO4jNee68Dqt34zi0yuOF9SbY0GFnFAgUWBltfdi429ZWc/yQECPspD87JEvF9VQQkcYJQazABmixUe+lYtP8Xk6spGLnYcHkYp337rJ078RQ6nRNkxTqBm7Tihpy+1hmEod2GxvpcpwIjg9ho1dGlWyqbr/9AcfP7Bzkovi3nlJQYgbXWxymFDSwbGDZIWGAY0JphTAxhRsQBGkF5a27jVb89cO8nH8xvua6/R1Y9XEgoXnvHyMgHPv/xZHDTrzWDyrqOClVC7KTOhLupVQULJQYZWHASgUwCk1hriZKzHM5i9z+/vxN3zn1Cbm50c2Fo+00PRvm+GyOVzYJ0d+6ZHyQDYesnOKRjZbxyjpAb+bEi/CdICysAiIUSE2dN54X2M99ftO3GOb/fCx2XjWFqTR1/XjrN3cramERgEwOxtrvdevNtl7i5VeRqQ5MEUBKCkKNmooaSUt+Hh95RukGN1jJQZxxtWDOIidpk2xEhElACsG8cZHIK4ESwImBY5DIKxibokFbtbO2Gwqbrfm/w3o+/N7/p2mqPrHp42zEwQMWtNwwMX/mej6rBbZ9vc3kngkKQkHLadwKQMMh7HxqEUAR5AJkoRmAMlNjEQponhUTeKpTGefiuj16JoS0fSPL9w4ko1nDRG1e3ZyBkYMjCsCcqMKxv72U/ioi9SK37BwRKA4mFWAOy8TzVF34Ka1cn53SR4bIxSgu7p46aZusRxdQKfMgPYv0O583gQoAWCYidFpcxDJYQAWWRIKSlRG3mofH3h9fsGqcw+5YzVbw0v6jiVkObjlUw3W52AUNEQcAwJkGgGWIjaAaICYkKuREUbwjHrvzdoXs++UBu07W1tci19dDDalG68Z6hofd/4SNmaMdvtXR1B6mCpoSgrAWJ8Zp4BEDDQjsDT+SKE0gQKkIu1E1r4lkRecvDYvntd/YXNl/7wWZQ3hFzLhDLQGJd5MZLJFmyMHBzpwwTLBEsOaJys/Occe4uRCEgsVDEIGtBJt43eWD/k0kcXRbzyC4bopp/9VC7NTv7iESdRUVuRKIAALkm3mUHO5UoSX9aoQfo48VWLLQKQEIwCaB1Hh2E+Xqm9N7KtlvvU33jJbB6S419Y3pyTkWN+dB0rLaJT9IqPwzSlTMSABELaxIQLJgMBBZtCoJWtnZzftO1/3bwnl9+oDDRy1n18DZgYIDKO64fHNp+74ftwJbf6RSGru5wMYRoaGMRWHdTInBiQgxLCgkxDFyLSaAIZBOQJHOLs/MnrDFvKVHp2lg4dMXOu+Ni34cizvcnoonT4gjvGaU+Uhr2E7heThcUdF8Jp/iC/nu2Ai2JqLj17PTuY4dMdGkOSjwVl5ExesYmCwd2U2NukpK2sWKdIWcNC8B0ScqVrZMz5d4ddwY/DZ8RDDQLSAysNRAOYIICtYLyhszoll8qXHP3Zs7k3lKvql6fWZRO62goNlHG+PevYMVNDWUIFBOMsWBmGOOOOBHABjm0g6Je0JVbsxuu/d2Re37lvfmJ6/t61YA9vIWgyi33DI9+4Lc+agc2f76tS1fZTDFImJGQANqpxzijbrsTb0nIERYIIFesgMTCtNpHlo4fn7bJWSq8nCOqN96/Prvxyl9uZ8tbjA41AGitQGy9RTEAOYFsAoOFoay7AS5XlbCFYetJbAWRsYYxMXI2sjI/+Sz2v7qAOFlJZ5csLitDFB18fLYYzT6nk06TmQSkYKCQCEGYAD8wkQVgSwC5HZuIdlNeoSEgKLIQ2wJRDK0JHWMQU4hYFbilijcPXHP7g9WtNwxw8NYZ+mT+2IK06k+HYtpu98YQUrDEILFQ5MKczldkEGuANEiF6BhCm0K0M8WwnqvdFmy97t/23/PJDxU2Xz9EOnxLCbeHyxC1mqrsvGn9+FX3fyKpbv58J9t3tQnyYWwtLFkk2qAD4wLaxEjIwlACgumKs4LIKcdEAm1JuN15MTn60owk0blW750xsuu2l2pX3fy+uDJ8W1vlcoYIIglIAUYMSFwkQ/z7ZWFowwgMQXsFJcuCRAkSdqSVVgMKGJFYKAXkTetE/eArz5j4521g1cpOFxXeMkN6IaDxzE87udb8v4ZIjisia4yBiHXlnrw8ANh9EbCYdK/mT5WPAXY12A0E7gIELIwQrC70B7WxX9lw3yfvCDZcnVurkQNviqP72mZp9hHbWprXMH5yTfovLYX1QrxIm5hd/gpu2hYiUUgyhaCu87tyE9v/59F3fuJjpa03jHDPs+rhfKE2pso3379h5P2f+7Tt2/I/Rrn+a0xQCIWVu1olcTesKOX2smeuzXCZrJgYsBYUdaJkafZxmXx2Hmb10mZnhdqYGrj34zfx0MSnWqLHYktsiSCwiE0EVl5nQnx8g9wNvpKPvaiAy2PBH5sLBLpnCRQDShITJp2nl/Y8vd9Gncsi7IfLQkLpFOQ2bGvpgQ03NRFsSlhpFQbQJCBrfT7H2WQil8NRsP4+Nxbad/t2s1hpqWk6vj4gYUqSWimX5TgsvNTa9/S0RGfeD3UusP1bOvnB0XdTvrwu4UCJsAsvwM2Vtf5tM1yfRirRwv5/MT70CWFmGSgWC5uy/SN1iVvHO5Q0pNV0JVc99LAWqIxlKrd+YMfIVff+alIa+3QnU9kYqaxOOIAFnMdELhqgSMDiNo3WG3rnSbm53CyOwNjEKMT1w/N7X/qj9is/OyLxW7P2Srd/eEPf1bs+Gxf7748pV7AUpA2bTnDWWjACAApCgKVUHonATlfD75Btd4OsxAUIHakJtCTI2lZdzR79h7nv//VDprlwebhTlyNRteNOKzOyfX2mf/TWiFTWEhAyw8QJiAK3AEhAlECLAQMu9OcvFofUxFtXOegXEVMqIMkKwFBfIVtfOLLnuWT+RPOtEH+N29Ie3XHVdShUr45VmDGWoVQAIsCK7zIkN4SN/OLuUpXf3SnFMGKgAkWJxUBQLG6sbLmKknJuqjN7fFEajd6IkB7OGcWJK0qZa9594/iN9342Ko18qpPtW9fReR2zhiFAyOV0XJO93yqmQhHkQ/G+ZzC9jo21yLNJiu2ZHx7/6Xf+Ppl6eRH2/DsdmdGtmXV3v/9Xkv4Nv9ZSxWEKCixgxNaCFLvNrIUnKnZNyV3h2fQf/MbX5bEY1hVEkasIZAiU6aCQtPY29j73Z0sv/mSPRO23NP/2duKyI6pkdtLw6I6wNLbpgY7SVUNMIWuwJVjS7gIi6womJIYCYJESlfsd7sLyrjkJOA0/CEOEkEDBEOXAGNSl8ovNqaNHbGM+OUsV57NHY1LWX3tHvy333yZBoZKIJlIBAIGBgbAjo9QfPImoxI0QMACEGZYJEUAmDPtVobItX+zPqIyeM/WlObO0cP6PpYdLE6USF8e31Ubv/9QDhR23fDYujb6/la0NRjrPiQpc0QD5iAZcI37aKMtwwtFACIGCZQNAukZMbIKKNvPB9L6/nPnhnz9qmovnX1qoPKRG3/Ur1+hNV/wvUWHoyo7KBaQysCJIrIGQgMhphLJoH5lxFX/pWgQY7JrDVhCVe1SIYJmgIMjYSLLNue9N//Tr/z06unsW9vIopMDlSFQAUNx0TTM3OPYOyZfWJ6y1xALm5V2aJes9KgsSR2BCzmUn+F53FzvzROXyQZo0lM6gIwAFAVm2fbVKmVqxvBQdfHEaZ6HivFqUN14hVBq8EfnqhoQy2lLgKojE+ITzciOh8/7cOGshAEohNgZQGsIKCREMaepAVUhntw/2bxgOKv3zptOZjeenOmLPSbCzh8sOA1S4ftf6sbs+8oFgfOfvdIqD97TCcjlWWYrFeR5EAiIX8ksNNaABUiBfLWcR+vWYuAZ8uFB2gAT5zsJT7Zee/IuFlx87YOPzv97y179zdOimuz7bLg+9P8pUC5FoWOvJdsWgBvLySYDLrQn56gm/YUzL17vpbz/lV+D6q7QYFKUdydSBP539wV8+YpoLl0X/VIrLkqiCfDGqTWzfYPLla2MOClYUAYH3MwTCToFCi4BEuco/ckUUnp+6F5XzslwuyIm5AJY1Egg4IFashrIczmFh+uVo7ljzfBv3yKKZG5oYplL/LYku5Dqk3PEweTplkKQl+NINOwi7tLQKQ4gIDAisAxgwjGWAgpyl3OZcdWQsN7KxkzTnjsczx1vn+3h6uDRQGBwPiuvvGx/cdf+v6/Etn2tmq9e2gkLGBHkk1mlvMhkwjCs/h3VkBAW3Nhkg41de4EvVjTf2BCWCgm3HdurVv5x7+Dvfak+/WpfzHPbLjG7MjNz+vvfIyJbPNjOV0QghCwUw4myDVuw8QqeRDhYFFmdfbJpGoLRYYvnmmn8dUfkhwAhsjGK0dLSx54U/Xnr5kQNvVe7tQsFlSVSdyQOS37jTSmVgl80Uh3VYVLFx/UYEC+N3O64MwfVSOW/KeyDivKjl6iOGQIGgkBgDChRiG0HIglkXMkG+vzay+eDcsVcOmsWZ+HyGzaKZo3FufFucHRq/v6PzfS1mZu2StansTLogAL9zY3csxIxOHCMIAkAISWzApEGWwRxQbHUQkdoQlAubcus2RaY+Px3PUF3MUm+mVQ+vCzU4kVl3x/uuHbj9nZ/A0KbfbOerW9sqqyMdIhECrIEmt80juB4p60qUINCAKO9lWL8Ondki/7MBIUAi1aR+ZP6lR//d/JNf3W07jfObvykPqeF7P351ftvNv9PM9d0cB4WsEQaz9k/wyuhCALuUgGtUtrDsRZEofZ7LwwEu4pGIhbByvZ3kmoVD04oLnbmHZ3/27S+2j70yd75J+ELDZUlUANAxplHZfOUOydWujpAJrWjvJRlYst57WiHP4i07eb+J4LT0DLnGWrfzIzABVhIQu0VkLRFRpj+byWZNyLvb+56dkuj8qh0bGa/3bdx0tSmUtkU6CKEVWZGuNpqrqfDxce8VWsCFPJl8XkCgicECaP+kBAQJQxWRHgqyhS2FsY2FZL5yXNRi3TbnenmrHk4FZUa31iq3ffi20hV3fCGubvhYK6ysa6mMSpSGYQaRuFiGGE9SqUfBACmAGEr8uHZy7RUEdsKsEECARCwythOV61PfPPrQP/5DMrV/4XwPEaze9L71A9fc+9m4b/0HGypfjUgRg0E2rZxNi8vdT+wGOrpctt8pip/G4HLFcM9lRiQCaA0DV6ClrEE2aZ3Qcwf+2+T3/+pnSXPxsgr74XImquTEkXZl+005XRl5hwkK5dgSsY+PAwDIhfKQVgHCk5dLh7oQIQiWFCw0AOX5zLoYO9zvcU3CWSXgoYG+ctyePLi7M3NsEecxZBbPZuLM2KDKjY7cbDPZvshaFjCUqOUwg0+4yYpbl4y9RI0SQFmBdocLQ+LLbZnFqv4wU7gyP1oq6oEh01mcn7FLMx2IPW/H1cNFhNKALm3YMVq762PvL1558+c7peH3tIJyf8RZNswwfvOXzmRKDbslhuWVPUbiQvAQJ6qsFMQaNywx1b2DQaazsN8efO4PFx75yrO2XY9PfTtriczoltLGOz/2MRnd9lvtXG2sAcVCCkocGaWFEIbYN9w7m+HshiNjICUq9xjBS48yw6oAhgGlySnDd1ooxPUnlvY9+if1F584Km9B7u1Cw2VLVAAQDmxplcYm7pSwNJ4orR25uCodF17QrtSA3G7PXX7pHgm+8dcpQAilyWAXZydf1QNoGAphwRlWMlYcHJ/pTB3ZEy+eaJ2/kvVJaefChezAyE5k89uFw1A4dElbLMfGXWTCrZp08aQLJ03wKoHbCZIFBeT6PAxBQROpXFbnSzuylf5tKA1FgY2m4xzXpb5kz9+x9XChQw9NhIVr7tk5fM/HPq7W7/hcu9R/UzMo5AxnXPTB7ZSgfAl2uqosuXxwKs7KAmgRaHHFFZYIrDXEJNCaoYXB1iBHcaznj35t8dGv/X3ryCuzYs5fNVwwsCEYue+Td6mJK3+vme27cglhYFiDlYKy1rWpwKUEUrHZdC05tVm34fXbRUfWKy0LKxhWiGwChkAnEbJRK9GLk1869sRXvp0cO9TAWytfeEHgsiYqG9lOdf3WDbZQvSYJdN4F83zBtrhwnltUaff7yhBgWobAcI21cG6HDwu6y84tOAsNEMiIKRfz+Vq2UHu1vTB7NFmajs9XiMLYRjNbG1W5cv8NnC3VhEO3VnzHO7rklFZWue/d7m8FYaXEBoGwgF1sEySERIhiqIyE+bFcpX9LZcPOnBnum7dTs0u2MX9ec3E9XIgYoMK6jf2V2z+0q3z1nb+ZDEz8SitT2ZIE+TCycP1PPurA5NTEl0nKqaNYUgCc5++8rVQfT3wokCDWQDOBEovQJjYXL76y+PIzfzj/ky89c169qVKJ+3b90o6+627/nXZp4N5OWMrbIEfOaxKwdeuFukQFwEcmSACwdblgv7qW15s7BySOqGIAFgZKYmSTNqo2PhYd2vOfFh/+8ou2Vb+8klMelzVRJYuTJhjZYsKhsVs7QThsmVmIoazTc3DEJK7aiFxic5mpXHNvatAB64XKHaERGCzK0ZmPryulKbEyWKgUcmFteH995tVJuzR/fhpoGw2BGZ8a3rR+TJf7dzRjykFhebp991icLsUy8aboBs69ooUgMQZaa1gxMNa4ZkalEAmz1ZkBm81eWQgqQ9l8f51Nay5a6JWwXy4IquNBdvi28cF73/eB/JU3f6FVHn3PksoNSaaoNAcgcbPRQHAZ3W6IjOGkhlyYDOIlv4Bu46sronCad0QEEuuUZJIEBU7m9dyhvz7+o6/+Y3Ji7/ls8KXi9feMDlx7/29EAyO/3MwW+lpCbEm5jZsRsF9TLs/mlGAIab+iwDJc5EWU38Q6O5NO9HUszohFoDVB2wiFpJVU2vWHph977G+ah56eFhNdluvpsiYqAEhAjeq2K7eaYvmqmHVGoBFYBSWOpISNn8S5nBztqjh4l941IqZD0NifVj922muzEwmsJSgd6g5hvDJQ5gY6r8SvvjSH+PwIZ8YzYTsYqNR1dWhrEubXWUWB6+Z3DESnkNQyTTmScgvOi2P6UCExw1gDJzwGWEWIjAGCgGJBnsLs5tLQ4IbS+OaM7TQWO8CSNJdMz7u6ZEF6YKLQd8N7bijfetuvqIltv9Eq9N9g89WiQUAkCto6AVbLLrPLAr92vGFPvXoiELlQs/NMnHdifdGSCKD8c0gsFGycaTd+WD/w8z9deuzLe6VdPz/hCQDF4Y2VdXf/2sfsyI7fauZyG9paK6tdlW9WhVBefs0ywbCLPtAKQhYCTFpdK7pLVstE5ra3YELCAsUCbdrIR40ZOXrwz49//1uPJM3DbdeSf/mhR1QzR9rVq3Yx9Q2+I1aZikBTYF2lkTPWrjnPGXhn2IXcLkiJi7MTLMAWht0oEJHANfhZF/jrFldYAukQLYWMZPT6rMot8sL0K9HMsYaY8+F5TMpSszkVDm20QW3oRqNVxbrCRF/44UvWfRm+oyoXp7Dkd4YrVJyJFYyfOMqBQmTjZfFMJggUidJhC3pDUKpdV5rYVqLa4KKtL8yZxdmol7e6xDAwQKXhzf3lmz5wb/Ga2/6NHd/yiag4sGHJcMAcIssBlAFsJ4FSARIWWHKhsPSKg+8bcsttuYiHga53kuZ6lM/nwFoELKJNdHDpwMv/x4mn/vHH9vih9vnK3QQDo8GWuz/2jnDLrt9byvZdHWUyQUwC8UKzyhDIEEAKhoFEAUIW2rpjgSdbSy6YTlCeqFZ4XD60aSF+WF6CjGmjGLd+3nzl+T9deuVbh23cuGwX0GVPVADAg+uj/ND4zRzkJ4AgMAZgFcIqhmsxTPNO6aW1nMdJf3AXom9K8s9kuCIEFzZ0MbRYBJHSJKxyhTDb3z82MWvnJ/e3Zyfbcj7yVYuTSRCMzgb9tQkUS1uNymZIDCk4z0qEAAngBno7orLs5/34YhHAlQoTCFZcaTuIYIyBYgVmhk28vA0pCGs2rEoSBJv6BkY26L6RhI1ditqmIVGj511dAiiMbi6Ubr33quEbP/ChcOLaz0a1sbubQamScJ5FNFgINvHXh3YN8IZdFth5U+73WPYtHux9K2vhxrb7WjgiWHKTtZ0LT2ATISedRb009U8nHv7yF81zP5lG1D4PGz1XvTh4xwevGbjmvt9dyg3d1ckWc1YpMhCYRJAJM0AiUKy7G1snwQYom1qCNGvtSQrsbYMbVcJuqwfDzrMkEqikgyLZVtiY/ev6k9/5bvPYnqaY8xbWvODRIyoAraWldmV8cyFb6LseKltpC0gyGcQ+AKHIeH3jZRJKSWrlTgnd8gnxVYKOpNIFJwJwoJGIAkQxhAazOhgtV/v2zk0eOmaW5s5LAUL7yGI9HCotBQPjO43OjyoY7RQAnLKYtQGYQ5fcJqcM4BTh3Y6REfgjcx33RC4OqFj5QyQwudyCVhpEBGsFFjpng8I2ro3tLG68qiSUm7ZJY9HWZ5Oed3XxorBue9/IXb90d//Oe343qk18qpUf2NnWpazlHEEY2ptjEMFCkJAjKacYvuwxpd5S4gmMIZDEIOAAIuzWiwKsdFwflQmghZAxzTjXmf1xY/czf1z/yd+9LK2l82PBS+Ncue6+9X3Xvffftvu2fqiZyVdj5WRymRiaApCFGy8Cx75uRfkCiq6VcLFz9iTlRnkYEMV+E+yKSQw7l5FtgiDpSEXbV+Z2P/1H0w99ca9pLZ2HXezFgx5RAUBjztpKbaYwsP4amylu5mwx6EAhSgyYCQG77nGBa/7telKUxtB8fH0FiVH3cf8cuA51ZoZY6y9ZYRAGmVUhyeSmOguzx+S8VMvNSRy3Z1TfOLLl2k5iVU0EbKDAOuOmV5ErCIGrveqWDbt3nh6zdWTlHcQ0dONm7BAgntxcYSAsMRnSZDjsExXsqA1U+7OD60iajYUYUVM67d7YkIsIemBdmB/fumn8nZ/4SGbjNb/dKAzcuxSW+pJsiWNygqt+6wOGhcCJsqaXh2uPcNeO+HyVeJLqXlGkfB40AWDAynvx4vqRAtOxZTRfaOx94Q8nf/qdh8z0q63zVEBBlVs+tn5s17s+mfRt+HQrLAwnitm4S96vieWVAW8GVmSyvYCuf5hcVZ87VOd1ubSA28g6hRs44jIdZE27Fdanv3z0x1/+anL0lYXLSYD2dOgRlUcnXloqT1xVplLtdhsUiokwCQk0p1IormInvS5XAwtAMYNNgoDELUIirbL5zeVSrWZ1YXdn6tiMtBeTtTbgdm4yigu5g6PrNg8kKrsj4WxeBXlKDPlikQQgV2WlLUFZt6jSHF3aCJ0WDQIuGZ4uSOd9nfqe/aBGIlaKC0oHV5QrfdfkhzcxV0tLpllfMEtvgap8D+eGgQHK9Y8XKrsevLHv9g9+Oly3/QtRse/qhs5lOipLVodIrC85p6Q7bt1Vy/rP1of8yBtlVxHn+/P8P2M1SAUgBVgbgZDAme4QmgMEtikFWz8eLB3/r4e/+89fSvb+eAHJ+Qn5hSNby+vf+bFP2tGtX0jC/IRhqK7m5+sgXQenv8+9TYKrAPbcDRL2xUoCtkBAAJI2imjva+555j8uPfwPL5zXkvuLBD2iSrG4KOGG7Ul+ePzWiLOjhrVWisEssEZAvofjXIhKRBxRWQPAwALoWEEEpVhlxirFEhOCI+0jL81IsvYyS9Y2OlpV58LKwLpMqX9Dx6rQMBErgUgC9rN9lHW7V/EMnRaTdBeX30eu2C+6/9mHQLoPMsQPfyNiGCsqFtWvSrVttaGN41SpRWzNYjQ32Tw/xSQ9nDOyI6q4655Nwzc+cG9u+82/3ekb+8CSKgy3VI5jnUUC5crOxQ84hHGbmtTthl8zshx5sP5HN3MpvZoUDBTA7CTIYKDZvT6xGsomKNiFuUz9yD8e/+m//GXr2e8clah1XnY44ei2au2uT94fbL7h3zQztStaYgNo5yd6twnw6xmejN4I3ecBfqfn8t0uD8ew7AqYYCyyDARJKwqa01+feeifvtQ5tnfucvem0COqk5H0DTQro+uHbFi+1qhMwa8uH/LzI+VXuhRnCbEERU4FWtgJT1rSMBSS5SDLQbh5YHiAkvnjL7SnaUnskpu4tlZYXJT6zNxUtjo8l+8f2twUGkEmDEACsqZbjQW46kVnY6zPfPvFtZKkTvrGLVhPbS4Uym5hu/vgjJEKqUm6EgfZK4Ly0Lbapiu0NJZm2iZuSLtXaHEBgbLDG4uFbffvHLvm/k/r9Vd9brE4cOdSkC+3KCAb5ADOwBqXnXUVea45d9mzdoE+1zjvytNT1XACnIafEEi8CgxpR2KSQLHPY1kLIoUgabTKnclvze3+yR/O/+BLL9rm+Wl8zQxOZPrv+7X35Hbs+v2kPLKrISojATsy7gYul8kHK4hq5X2vhXgP0n11GbnA5be7mn8WGSRSMPXDSwee/6P5h7/0jG0tXfbeFHpEdTJMYJNCZXgx0zd6U6Iz44mQAgUQdoMTly+y1YGEnTH3IrBgBrFyeoBMsKAsNK+rjW1abM3kD0dzL9ZhO6v/g6dDc8bGzcZxk8kv5Wv9W4ziAUBrEHtnaGW83O8UyRE0Cftfku4g08eXiQrdBevzdj4/Z8kFclQuj2ZiYVWgEgqGOVvcUVq3syalWssmnRmzMB2dTx3EHs4A1SoXRjf1jdz1kff0XXfbb6ihbR9d1MWJZpjVJswCpMFQYOOVvYnBXj7IbW6Wq9wstLu+iV3RBPtHhKDEN7+K8pWlzgsjApgJSRQBJkFeIcp35p5q7XvxP5x4/OuPmxPHOuejGEcNbsoO3fnLNxSuuvN/apWGbu/oTDaGkNtwuYL65Wv/ZLypV4XlMLrzIhkWASwTQK4sX8Mia1sdvTD51RM/e/q/R0eemcZl2uB7KnpEtRJzcwIjM9WJHSOSLd1oVTZnEJBl5Udjr56oyFfJiQiE3dgQK86oW2sgYkFBQAmoEubyGzM1qrdnj71qFqaaa224zfzRuFWf3zcwNkEqk5tAkO8zUAqp5+O4xROTD934IhLHWZ7CurkpT8DidBKFyCXKxXlWabjHKoXIWhf+BMNCcYKgmgS5qypD68fDkYmmtBuLyoatpL1oe97VW49wcDxbveWeLf03v/d9xW03/X6nOHJfJ6hWY5XhRBNYu/5AZQXaCAIBAjBgrN+vOEFZX/vmx3RoVwer3BwmEriqQCiQaK/g4nwMJx4kTgzaxMiRMcVo/oXowLP/+fgjP/x2sueJOuK1Fw8PBjYEtXs+dXP+irt/O6qOPdjgTNEqEGCglIaj3zcmozeEV6uAJ2kII2E3UZzgNA0DaSNv6oear77wH+YfeuwZ2zoYAefFcbzo0COqU9A5cdhWNl2ZZPtGbkBYGe0gUKLIEdXK9MtZIn2N8za8Yff5HGILpcgPXNOwUNVMvrg+rI7MJUszx5L5qcZakxXmjychcDBfHbZBqW9bm7iSMLN4LT+2Li8n5JK96RGs/H/ZY/L3pTk8X4ovWN5pWmJAh4htAj+Q25XDKw2rMoEJsuM6V9lWmriyms2PtVv1mXlbn4l6ZPVWYZwqm7bWqre++86RGx/4TNK/8VcbQd+OFucyMQeUsMDAgMVCGSAQghaCsq6FFSS+SMKVWruAIAOpAgO5Jlg3SNATERTEj55x/wSJjWDI9RjllTUV29ib7H/uP08/+q0vRy//aA7x2hdP6KGJcPDOj11dve6+313I1N6fZEpVQ5oIxoUgWUGs7ZLVG4f4TkZaTCEAjF8bLK6fKiEFYwVKKbCJESRLSTGa/87Uz77xN+1DD83CrP2xXqzoEdVpYIXq1bHNuSRTuz7SmaKrvzbL+eFT8GZuP5Dadq/M7kttnR6Yq44iMWBhiAGEArbgwXK5vCGsDreShRP744UTrbUmq8bRPU3Eyf5gcKxE5dL6ROmSJWJlXbOiG3HiDY+4IcFuyS0TFQCXyvM9ZekbJHJyMCm1O8Jz5flKDNgaPw9ZIKRgKAgSzozqXPmqTK28XpeH24gac3EsbYmaPe/qPKI4sjEsrHvPhtH73/feYMt1X2iUxh5shrXRFuW0VYErIUcCJgu2FtpfHynBiLhmd+s/41RpAnDNq2lfoSIAVmAhIOWICis0UYxNoAIClAGbpimaxZfigy//xcxP/uVvmy88PHU+ptqGQ+t09c6PXlu76d7PLRUGPxJligNG2GekBBBxeTJg+bpfBaQbrXCN8y62zrDWuh7EpCUl1I/TzKE/PfGdv/q5aSxGp/6Oyxk9ojoNOlMHOxgcPJYZ2HizzRTWJzbRLj91evf/jIhqxWWe/g63mH2SFW4eDQEgxWBmstYOFgqFiVxtbLK9MHM0WTzRXmuyah3f24jjwQPF4b5AZfObhLiohFkp7QIxvn+MmFeEPv2RrPSmAF+6u+JcnOa0pLOu3K46PXfkvEwVIkokiyC7qTwwuLkwMhEaVVqI2osL0uyVsZ8P5Ea2Ftbf/dGbKrt2fao1sOE3GvmBG1q6nI8pJEc4Lpog4svIfX4lLSxwjaqOnJzOXXff4kvPDdiPySHxzbHdjQ+B2bUwWAgMCVQgCKRlcvH8K8mBX/zn4w9/44udFx6exHkgqWBwY9B31we3V66953eaxdGPtFWmPyHFOGmgoVut7lI/5fo+C4hfH0ppiLiGeCYgGwSIoxay0k5q0fy/TO/5+d81XnpyUuI1zk1f5OgR1eugkSwu9m+6rsyFynXCKBERr0ympvmYFGdCVl1CSkVeff7GvdLtK7VSsDZBQASxhknp/mLfyAiXhxeTpRNHk/PgWcVHzbzEvL/QXypmcrkRy6oYi1VaKTARjIGP0zsPaHm9psfsz4kX6+36VStOCUGgxbq5PKmXRgSAnXCnnyosACVCypAeyZZKOwrVSs3mq0uB6SzEi9M9NfY1QmZgXJfGtg0O3fHxd+Z33vHb9cLoR1uFwQ0tnQ9ikCt6IK9j6dHVXfEzoxwxLasqGH9dg/xryXnN7GZDwxonNURgiHVRBJHENWoogDTBdJZMFY090YEX/nzq4S//rXnhkUmch0GBQf+moO/Oj11VuPquT0eVdb/c5PyQJWbX9+VEpp2KxPJ+bHlTtToQpb6l2+5paxGShenUparNkWTfL/798We//UQyeaRzvnQLL1b0iOr1MDcnqrZurjAwvI10uMVChULai84u28qzIav0UTc2w+/WJBWGdSZBBwqSJIA10MxIDCgO8qOZcmVDrn9gPl6cORLPrzVZTUp0pLNAJtxT6i9TppRfH8OWGaK00k5GgDwB+XHgDikxdVeyv/9UonIkxOLKc12Fl6v08sEjbxxctNGVAhODVJkz+e3FSv9EZXxLFC/OTUVzxxs9sjpHDIzrods/sG3gtg99VE9c87ut/NAdDV0oG86wEYFNWxIIPqcEMCknGUtpGNcLrXoPyt0cn6SmmCUlOie9JT7cBQEUMQJ2I+ZdjtaAkpatSPtVc/ClP5t86Gt/a1782fHzQVIYmgj7b/v41dXr7/pcVB3/xJLJDCUUKE7fT5dKnEfppiD4beYbL/HXhVslBDFuwgIxQZkEOmkjR52oHC38y9Ef/Pe/bj336Cx63tRr0COqN0CzsVgvDY2obHXo1oSzFUuaZEUBwdmQVIp0URNcp74ScrOvhGDIOvUKAmAtFCmQCqkJVgmr4WI+vy7bN7rYmZ85vvae1aR0jrTnJZl6NdPfZzLFwqBYVMVCE2nExhkbR1QpOa2sCsQKZnJvK73bLXo4MgIBpMDQfocJCAksGSQSg2g5l2EMKKEgY3OlDUGxuqk4uB4UN2et6LppLfZ6rs4eVN10VTVzy7uvL19z92+0+id+vZHr29miMGNA5MJzrvGb2BdA+JEc2hOVL4PpqimkNyLnLRMsfLF5l+v8hQPSgbsSxBEfRCDGgBBD21aSixZ326O7/2rm4a//VfzCj4+ej3CfGt6ULd75S9f133DnZ0159CNNyQ2Lyij4410OaoobLUKAoynygrOn/sYzB/uAhCgFEQstFlnpSMU2Xmy9+tx/nn7oi8+YXt/UadEjqjdCfcaINVO1zddfYXO1LQnpUDwjnS1JCQDrx4CQJyntl6Ez3m6MRpIkTthVKxgBDLvACRGxJRnNFcsTuf7xZjw/czBe89L1SWkffWEhjjsvlgbGG5wtbIyh+0UFyqaruEtIXXY6zc/pW1r51nxug9h5kb5DX+BUL6w//vRcWgigAiDIIFKBahoZzlYrV9Q2X1nU5dHZ+tKJmZ647dlgnPIT26rr3veZB4tbb/pCO9f3S51McTjWOZWAXOgNFkwCTU5LnyWdnO6q1NLJAA4CsMs9ORFW5zEz4Puj4F7j2hC8NyZIxPreQUI7duPW80psMWnsocO7/8vRh/75rzrP/fj4+SApDE2Elbs/ft3oNXd83haHPtow4UDCIUMFJ69n50ytuNaXZY7efKWfHiRwlbTMEKVgjYEmizx12nrm0J8f+8lX/7l9dM9lr+n3eugR1ZugM3mwWdt+G7g8fF2iwwHrypWW0c0xLSP1J3watntfOq9KifiqqeV17wjMNRUKuf5+A4HxOzylGBIGFANDlUp1Y1gZXrKNhWPx/OSah8Lio3ub0rH7UR2NdKE0JKz6WGttCeQ02tJ/6K7oVD3e3eNI6GTPyrU0uktOnA4cEh8uciEhIuXEbAWAYggrJGIRC8OwojZRGbnclmxfdcBUao28NXPR7PG2mN7ifiOEtSFdXv/eTX33f+QDMnHNF6Js5Y5YZQqGmVkRIhv7KjwLJoKygDLOAyAQLCt/HbKfnZTmcJy+nyMogRKC8qHs1DcRP1re5SQtIpuAlHYFFRYoKIoKnfpL0dE9fz7/8Ne/2H7h4ePno7ovM7qxkL/rozeXduz6bFgdeX9HMv2JaBalgbRVBMvrmeDC8ixpHm45jpDi1IvutXYgXQ/udzIcYQnYS04lNm8azy8efPw/zj/8z69crmPmzwQ9ojoDUN/AfKFUG0S+cnVEQdZdkwJh5wW4OP7yZeqj+l1V8eXBi77x11+07r40jAJYaxFoDSsCYxJXyq0USFxJbyQCQ8yJkaFCpbalMLSxY1uNYx3q1KXVXFMl8vax3a04lhfCbHE+n8uMqEANRwSdMBOJuPEGILAKEBmBKJ+/I0dC6agQF/N3C767lMnHQNCNDS3/8ztbV1bBbpoyKRgCOgwSrfMRaEexMrB1dOu1pj0/PdWZRl3skl1TualLBHpka9h/y3uuGrrrzs/YsW1faGUqV7RFhRyEZMEwxnqtPvd5kriG7q4VZjej2hL5UJgLkTlPylfy+c/ODXpRLnKQZnnIffYCAoIQxhIYCqExKErcKXcWn23ue/pPjz32zb9tPveDSYlaa3cRe/DQhtLQfR+9t3r1nb/bKQx+MEa2JjrLhp1OIRFBUlWNlZFsv5EUv1bTcGa6U+2uW9+G4c6fHyuPtLgI/vp2ZA6xMEIIFCFjWvP51tRfHnn6a19LDu5tIOnx1OuhR1RngGY81ypni9Nh37ob2pwbBYsWCCwThBkwgOuOcIZXyHXlu457gZDxyuR+x+l/bypV5F7jFrVbMNKdZkqeBIX8mGoIRGXJqlyfypU3VSeuVFLJL7RnlualMb+meRtzfHccLSweyBay08VicTDSQc2oMEtWiEQgQmAdomMsRCt/LL4vzE81dn5WuvSdhEzXCnqScv04SNPVvow53Yd60oIFFEGUoghKxdAjKlPYWhrdHEij70Tbzi5Ke65Xwr4MKm7YWane8yu7ytfd+9lGZf3H20FxPGalnPArue0SKT9LbOVmwpWaW/YbDzhjbJSCJa/rZ9PPyv8eMIwsv8763JWjLmfxY6/nFyRGCklroT+e/3ln/8t/cuLxr341ev6HM2s+/LBa5eL4jqHKnR+6v7Tzlt+LiqP3JEG5aDig2K8pIfjSe1cu7taw31TCrUukRyj+GpVlgjLdeXROEiqdtAAQLKnuNU4kgE3A7K7yjCRJpnnih9H+F/7b4r9+ab9tLvUu3DdAj6jOBIuLIu1ourzhygoXK9cKUxFakyGFJLHQSvldlr/IkVbyOavr1KThO9L9lb9sE/zFvPz96R6C3+3Bk0MM4hg0kCtXd5aKwwMRlw9H8zMz0pxbU7Kyc4eipdkTewq6eCxXqeWCTH49E2fBTJGxsOxUNlxjpwHDQInTM3NngGFJuenH3W16CneEadCQvTflvCovz0TucZBAEyOJEoRBBmDNzU7cny9Xd9bWV/NRNnesM3Vs9nyMSLkIQZmxbeXRd/3ae0o7bv6dTr7/wabK9RvWnLZEdG+pJ7vyijv1AvQ38QbXVcX5mWW+r0qIkXQb2F1IUJHrm7IADABjDTIwUkyW6rVk7jutPc/94YFHvv3N9ss/ml9zxYnamCrdcPvI6J0f/1h5+w2fb4S12yJdyCUcuvm7qesEdD17fzqW4b9P73alP46kxHuZboPpHndj512TsHtt+gs8qTPAZBESJBsvHY4PvfT/OfbQv/w0ObGvc55mal0y6BHVGaKzMGkzAxuX8v39m2wQbooQhCrIgSkAQWCR+AIBV8lHQoBfuG4PtXLVnz0IbheriVz4AAJRAWJCIdZqS7G/nOdM31LIzelobqqzpmPtF0/YZHbpCOf6DlbLpSpr1R8TiggDhmJIHCPDgJIESgTakvcmNSw0YsVI2C30NCyyEukZSYnp1Fv6HGUtAiK3QxdAWJFlLlid2VwsVQpAMFVQmO8sTsdrevwXE0rj3L/lqtHyHR99INx83b9tZkp3WJUtsFJkfXn5aqHEeUfUDWOnYS43p0l0OlLeuJyVcTbbkAJYEErbVtE4Wmge/X772e/90cGf/eCn8asPt5C0T/1T54bqeFDe9d6rhq+575dkcOKz9bByVRyUMoadZt/rYWVBxenh1m/a3Jyu5uWBkGlWygf/yX3vYgICIgbbGDlp13PN6a/M/PRrf91+8QezEq99uPNSQ4+ozgJLcwuzYbk2n+sbvt4EuUFQRgkxkqQD9l6+M6huwKJl59kQfIjkTRfC64OEwKRgjQudsRe27RhDCXOGM7ntteHaRHVi43S8MD/dmZ1c0+bYuDFp6kvt47mS3geB5SDYAKWLBsLMDFgLLfAk5arELBQMKSTKh4HED6E8BSuJ6qT7V/xMIiBx3qvEzmnUYRZtA6obk8+UKtuqo8PV4bFNC625yanO/InosiOr2piq3fjBDRvu/8QnMLbjc+18300mLGQtQMZYOHHl1V2DziA7mdk0HuYra9y0XgKMGO9ZO08q3ZQwE7KI45qdP6ymdv/dwhPf+S9Hv/u3TyYn9rTX2pMobNiay13/niuHbrjjfzQDE5+q68pmG5aDhALXx3UarNwQvRFSajLs8lPunAB6Rd5KyP3n/EyAyCluWE9WOunYQmfu8fndP/+juYf+/iXbWlrbE3CJokdUZ4PmjBVrpwpDG/t0sX97JFwSxQQWKE4jCCtyK+zyTWk13xts5t4cBBBpiPVTggmu4EIHUGEGrSQJLAfrwlxpqDg8waa5MNdBUJfW0tqFAhcPy0Lj6JSdndmbL1VJZbL9wqpmRJRWAZRlsDghUgEjYXaLmtOqsDcnqtcfRpcqgbgRXe58aleRpkNEzBnOZDZKqIcrgyNztj4/1Xae5Wn+4iWI0jj33fnBrWO33P2rrcr632xk+q5oczYUFSKK2iAmV4H3mvN6ZnAmWnwuNo0YuByW9RbbWtdrR+SmBEAsFCwyJooL0dzz5cX9Xzz20D/9t5mf/stu226udb8Q5ddvqw6+8yN3l67c9Rtx/8RH6ro8HKk8gzMwxoffTufSnyHIlY/AeNknl4l2ROXyVs6nEpCTh0pzWWRhYSFxLFVtT+iZV//k2E++8t3k+P4lXG6bqVWiR1RniXj6UMyF9SeKA6PjNgi3ilYhB+wq/8RVRQg5CRrXd5H+8/N2VgkBYIxABwGYCDYxruBAAGssWCnEpFWMYD3lC1fkx7fmqDo2g8WFObM0vXZkNTcnnSO755HEL2eLlXquUJrgMFsxUJpEE+DIwyXVBcIun5GS1OnM5OnuwwqySsnLbYjZzUJiV8puRGCYQFqjYyVDOtxQLNVGSwOji+3ZucPR/Np6lhcistURVbz+faPrbrvvt5ulkd+oZ2qbWiqnLSmXrmNAB6FP3b3e2X790CulhS1p+iq9xuFISsg6T6rbYsCwRhCQoEBxK9eeey6cOfQnM49/829nHvveYdNpra11rlY5N7y5f+idv/IAb7jm91ql4QdaYbkSISRQAA0NMQbsqpNOffUZQ+CLL8gxk2vY920maQEKyM+uom5xlSUDlgQF2HbVNr4z/ZOf/5fGU988KlFzjRblpY8eUa0CQaLn87XBeqZWvcloPWBAbAzAfoBF4kvOAa8wLW4/ei6LBACMAKyU27kagSYFNhZIDLQOAB2gA6XapGvIFbfXqtVyrjSyEDXn5pOF6c5aNgd3ju9rdBpLe2tDYx2dLfYnVg9ZzgSGtQ+NCIQTEBlocYv69bDSdK70qE72qrzqnFfodvt7gRXjTAgzjDAMBzqhcJSCwmh5cMOMtOan2rPHW5csWQ0M0PgtD24dvPmej9YrY79ZD2sb2yqroAPYJAbBQgcaURL5xt03JqrXhScpIfhGXoIl66s4jS/0WSYqLRYFRJ1se+Yn7f3P/eniMz/68tSj35oy7eaafg75gQ1B8bo71w/u+vD79fprP9spj97aCgrFVgIKggwCIrCxCJR2uaJVrkHxx57eGIDyFbkEV/nn/Efy59m9ikggMAhMLDWKn2sfeOFPJr/x/SdMY3+nN2vqzNEjqlWgs3jYdhqtE9X1E4OcL+0UHeYtaRLrQl5pgyC63pTbbbrLfXUgAIrJDVkEg0iDBFBKIVAaibVIrAUpDVEBgXRBWG0r9NfGVf8ItG2f6HQaLem016zfKpk53IqjzitBtjKfL1VHROuaUZwxsJRWfrmyXregX++vnkRHKwsoTv0KdsMmiZzaNixYM7RimCSBUhkkhqB0TltRY+VKZbQysqHTWpg62JmbXHPl+bcd1cGgese7NvZd/87fSvo3fXpJVzY1KavBjDjuIAwIEOPHubthlW+ENyQqf/VaAFAMQ+JzUu4qt0IAOcWFUAQF01nMLE4+uvTS0384+fi3v1F/9gfza9wjRZmhzYXhWz5048A1D3wSw9s+08zXrm1ymKUgAAHQYoEk6ebUUk9oNUiJCv56TpucyRdXCPlQNFxI1E3IsYAkYBtL3kQzNH34z0785Ktf6Rx+aL43a+rs0COqVSKeOxSFfeums9W+jcgUNkbQIaBdHkCzS52SC/mRtXAdVadY5bMEiRf39H0bwl4Y1OdvyD0Itx4JllWYsN6oytXt1U3boQK70JqvL0qzvmahwM7k/nZ7cenVMFeaRBjkKROMW5Is/OQdMRZaK1ixr3vwp7/3ZMNJlI6YcJVl1je2uIGWAgUGiwasK+QQkIpNMpYtFjYGQ6PHkqW54/Hs8fYl41mNj1Ptxgd2jF737t9qVtb/ej1T2xBRVoO1Ey1SztNht61xnv2bENGbg5BY46v7BCJOIZDhcqciAmUjKZpmvdA68b3GEz//gxM//9YPzP6f15GsodBqtcrFsW2DA3d84u7sjtt/t9234ZcWw8qGjg4DYQZJAu3bJAjsQtHpsZ8DUbkaKfERApfzkrQK0A+LVEojSQyYBAoGZCOEJmqVk+a3pn78lT+pP/GNg9Jprm3o8zJAj6jOAUvz9ZnCwGA7LA9cnajsAOtQWXL5qjSxSszQEIg1LpG9alvhfTMXY4FlF3YREh+OYNeASwraS90IiIS1SlRmwAbB1v7awIDkqwsw8eJahgLN3OF4cWpmvxEcLFWLfWGgR0CcI2KyFiClYfw8o9Ph9Pc6nGRcRfm8iG8cThtKxRVxKGGXyvZ5EwujEAaDQaE6VBidWExmThyM5ibXtnT/7UBhiGv3f2hk5Kp3fa5dXvfrneLQ2JIESqC8F2t82t+CuuXT6Ubpjc7260Ow/DnadPItEWABCwWtAnCnhb4gWcgvHf/XpSee+MPJH3zzYTPzTBOydjMAdW19mL/u9vXDd3zkl3Jbb/mtRnHwHYs6VzWZHBt2pQxOtV0AnzcyrhHPFzatDs6jcq/X1hEV/Hp0ERQFYwSZMIQ1CWzcRlZZZKVj8nHryc70q38w/c0/edI05tfuZFxG6BHVuaA5Y8UmU4WhiaIu1naI0qVEQLAWIKfVJwBCdlH9c/GoRJxWnhB7pYsEQgaWjVcCYJBoKGE3IlycSISFQqwyZHVYTSjcXhtZN5of30JxY2kxpngJayW91Jg08cLCsSCIDuay5bLS4QbSmRyHGWrFMVjr1418vtEpSYlK/O5VyFVTLhthdj1bwlBCXqE9AbGBJUEE4lgXRnOF6nClNnjMLs1OtS/yAovqTe8fXX/tu365nh/9zWauf33damWJwSRgJFBivJq5294ouBPYbfZdBQSucIUUQ5EF2fSycWFobSzK0qkHC8e+037q+X9/9Pv/8mjS/EUbWDu7XFi/o1q5/sEbBq659xMY2frppUz1+kaYzyVaUWzjVPrWEwjDkC/q8cUeadn4auCIyuWmtA/7uaIpQuKV5TVpmCRBTjOUaSOLlpQkOtQ+su9Pjjz29W8kh1+uw/TyUqtBj6jOEZ0ThzsyOnasWBse5TC/WVhlQUQ6CAAmWJu4QoLULK5unXgPLYAQuYmplIDg+lbSUKDXvAbEhQnhjbsh5eRDdS4TIZwIKv07wrHN1XCob0YarSWzOBPD2nM33M0Z25w7MqmyuUPl8lCFMpnxtkiOg4DMKXqIK3H6e0+G6x5z5dDcVez2sj+eqMhXWlpEsDCAUkig0DaBNkIjpUJmcGBs41xjbvJwZ24qughLgykzvr287r4PfdQMbfo39bC6rcVZLSqAYnLXgx8ZTwKwTQViU0989S0SjqgAVgxlrWtm9RWnIQTZpNXIL019v/HUk39w9Ps/eCxpPdUGOqf+mlVBD02E5Q1XjA7f+8n357Zd/1vSv+6DrUxpQ0tnAqMDkAJIXD6UADfYMRXCBbycl+2O61gNVi5ft9rc9ZiG/bqVfjYB2w6KKkHYmp0vmfqXDv3oy3/VefI7k4haaxNvvwzRI6o1QDtr57WuzmbKfTtEh2OxMZqYoRS5RDZ8f5BrVV8VxMvUwC88hpueSn7XDLhqIxE4P84ndLtLTADLOXRE6YSDAc4WrhoY2tCf6Ru1QdJZaJt2U9qtc/eumk3bbE1Phrn8q5wt9XE2txFKZy2YXqtR4/Dae14Lt6N14RvlQ1nasiMqAoSXB/4ZGBixYBWAOISQBoi1FTueLxUGcn0jhxYOHzpm6jMXlTZgdnxbaeD+X39ARrb9XlzovyYO8qHoDAgCsbEzyN0CFoISBUI6Kj4dfrk6OOfJlWNIItDsxJLZRMhLp51tTD/c2PvI/3H8O9/8qWk+2Vorksqs21bou+MjN4zc9dGPy/DWz7cL/btaOlfpcMAJ4PJk1nidPkcjlpRXbYcLBaaakyeNKTl7LBf1AK4NxZ1T6z1Vay0UJQhMGyXb7mRbMz+c3ff4f5r70Zde7Cmjnxt6RLUWmJyUxkJzurhuI4JybWcCqlkBKwBsBFAumXt6M33mcOEul5chcaG+btjLL1NXC+ck2sUTFftiC2dsCCoIyAhlE1Gbc6X+nf0bd2aTYm6RkriRLMzG5xwWW1yUev34NIel45WhsXUUFtbFUCHImZNT8dp7Tg/PU17E1r+KAPicVQILYre7BZQr5yCGiCtjF9a62YlHi8Vy2UruQKt5ZFLqC+acyfktQG54XTB4/6fvzm675fdNvv+WiMOsJUZiLYJAwZjYaeuJU0Tw2ToIKRjyRT6Cc2t4tQKtNASuh41MggKZqNSZe2xx/3N/OPn4P/3InHi+CbsGvbwD47qwbudI/32/ck95+y2fbxcGPtJQhYmOzgSGNMDuimcQiAkM5Y5a3NQC9gUPSmx37Mi5rMBlinK3tAJw+T639hRi5BGbkjR/sfTKC39w+NEv/yQ5cazVm5t2bugR1Vph8VgsWh3LDk+UdKG4XZgLASmCBYxSSOB2fOm/s0V3ZyjGh/cCkIRg0d1yWYKBkIEogSgvBCouTKYVAImglUASA+YQlrNh0/CoyRWuKA2sHyqMjou06osdLU1pNu05La7FRWkvLkzlBzfMZir9O2MVjIC0ciGSk83FmZyN9DVOCDUNZ7m8QdrPk+oFMDRItK8nFgAJrDUwrAHWgU2SicHBqjJZeqn16tK8xPMX9oiQalVtuveXdmZ23P17S/nhd1mdLcAr7QsEpJ0wMPvmU8/dsMQwxLC+v88VE6yOqAiOqAiMGM6DyJjYlk3zZTW9/98dfvRb30pefrKO+Bw9qYEBKo1tLxd2PXhV/+0f/Xhm/ZWfaWbK9y4iqNmwwJEBjDFQTNDszJe1DBEFgvJ6hBZajKvMEwBQXkNi+dhPvuaWCSjFqWfJnVPvvTuHqtvo6+IcTnw6w0ay0eJxvTT1X/d/96tfjvc8tYBk7fJ0lyt6RLWGiA7vbqBYmiz2D48qndnIKpOJhcmoAELKaY11y6yd0XC7wuU14qLfJ99Sw+MeFf+xOWPtXpZWurkKwG6ITSxgfXkyu9BEuqskUkgEMAowgS50CNvCQmV7ZWJrEYMDbWm0G2Zh5twqA+szphPFx0ojE5kgX9ppKaiIHzy5XM0nJxmIFO6eFdS+YjxK+gR3rN2T43rVBF3xOfL+G7N4Z85NEFbEoVJ6rFjo75ilyv7O9C8Wxaxh+fSaYpwKu+6cGLvx3Z+tF8c+3MmUaokFgRms3KRc49OLJ2VgyOelyHkTgLjc1SoJmYSgSCMxFokwMspKn20cCWYO/MXsU9//0tKT356Tzjk181JmeFO+tOudW0bu+Ni7Sltu/s2kOvaxlipsa0OHCDKwwiBmBNp5U9ZX15KXhlpeI6l0mT8PcLqYQtYpxnSjEr5sX5ZzeUCaD+5eXMtXIwsgBszKXXxCYGI3JkQMyDRRC5I5PnHgn2Yf++5fNX7x3SPSy0utCXpEtcbo1I/PFkqj05lidZMNC2MdCgLLAQkcUTGWB8+lfVGeZU5ZIMvmO11wzgy5RefIyToPKiUoOMNEILB1YRHu9lfBLeju/s/CsnttAiGrVBAJjyJTuLpWGV+f6V9PHLfrWmWaSXPRyCpzOebEgTgY2XKsWBkYlCC/w/jBk12D6v2glfekIGEny4O0B8gdJ/kdrX+WOy/piHt4j817D67aK32e+LIMBauCgmQLWyrrilPtY/v2xAtT7QuxuKK88UPV4Xve/4n2wObPt4LCaELMzvimTbapEoInKR9idteCN96+6o38cMDVwRGeFUAHGkFnsVOuH/3S3GNf+9PJn3z5iGk3VneBAEBpXFfWbR+p3fbBOweueuevmcHNvzFPxdsiXagaFShjBIHS/mN0XJhWMKbMSPBlri5p211L6XBDIQujXMSBfV+Zu7nWBnfWUi/dh/bcheTPqQCIQSwgUSCruuFGgQHZDnKm0a7EC9+ZfvZH/2HmB7281FqiR1RrjUZDkkZ8PNs31AqLta1Gh8PQgYqNQCuGYkCRE+wUwFXssZNecf6VW3TdCapA957uwnF3dRfl8s19kxqt9JY+PzVhKdHBNwu7kncNqAzFNsghyG3MlWo7aht29BUHNthOp9GMOOigvbpG4UaUNAql/jmqDN+WBPkhMHu2dO+BfJFIahzS90z+v27IJc2vdA8qxcojXnk+Vj4OCJyRsqSQWCbSYUkzyvl8de/S9JGjtj4br+b4zhdU33hu43vf/049cdVnG5nKjpiV7paYp7eTj9yh+1h6Pr0n/przduYQEBKvhKLZImjO7U/2Pfu/H/vuXzxrmourS0rlBzg3trmav+o9V4zd8aGPBxuv+kxcHbl/iTOjLSidTo2G+PJyd9WeMZY3M/BrJd0GpkMiHUH5fYx/zXLs1H9xIVUCxCYIgwBxbABSUDoLIxaKDDLSTPrQeGZu72N/cOLJ7zxmpyfb5xQ67+Ek9IjqPCCeP2JsIsfytSFFmXAnhbkS68BLVi6HXwQEYQ3DGsZLLLmyawPlmzbhd48ugHc2y/S1SNdtarRSShNRrkdLHFkRh9qQHuQwd0Wm1r9Vj2wuU/+YaEmiBHH7rGWY5o5aG22eCzZtvtoUSleQ0hlx/tGK4oeTeQbe3jrTlD5wFn/zNGC4X5eW8wcgYkn6K5Vy2CL9Qmf/c7MSdy4M61IY4oHbP3RtaduN/1MrV7kjoiBrOa2cfOsh5EZbMFlo07a51uwP5n/6L3/TPvrinJxtb1CpxNnhjbXCFe/YUbv9Aw8Udtzwq8ngul+OirUrmkrnO2IJClDK04h4Tze9TlYBSgtNxElJuSufV3hcqUeWbhnTteiEZwkWzAxjBaw1ErEwzGAlQGfJlqX5SnTgpT85+thXvp68/PwS4tVxdw+nR4+ozhOiE/vbNk4ODKzfWKEwv96QKlkBe3patvPELn8F8l6UAVPivKl0dICXZ3GvXT18WB3wpt/d2F0GomGsAnEAYY1YFMWksibIrKNS9eri4PC23PiWKtXKi2ylnRSyMRp1OdNdYzQzEBeuu2IkKffdzjoouf0t3FwtpOM9nOe0TKgnfz2XgycBVBoOYldWTCIQawOdL6zPZYLJ+MTB3fHcZPNCUK7IX3n/0LrbHviM6Rv/SCfIVRLWbo//NhEVAFgTQ4lBRqKoGC/+0+S3/vhHSX3+bKYeUm50c6F49S0TfTe/9wOVa+/6dTu86ZfrucqudrZQa7HmSCyIAK2dJ2UtAOWrFsn1gaVyYafe3gjOi0orRl0+ykU0vBwXUo/LLUxCOj/NkSV1Q9QMUhoJLJIkQiCxLZrGsXzjxJ8d/dGXv9h57tFpRBdqvvPiRY+oziM6k/vq+bHRQ9nKYIFUuNmQzltW1F1UKVuAvKKCa+BVMG5h+ES4oXTg3eqJynkwDpRGEcXnrnysXekQ8EUWohSM1uiAOFa6GOnMJpMtXVEe3jhUHNvah/FRq1udVoIklk57BfO+HvahuOvdI3F5+H7SQc3bDl8274iKuvkVhzUlqjTc44nfAhArYBVQB5zToS5XaoMHFw7sPWia8/GbH8/5Q354a3b89gc/KOM7PtPIlNfHOlDmlPzlWw2CgMQgJIsMorhgm9+YfuRfnjSt+pmUtJGqjWeqEzsnBm//8Dv7r7rrYzS85X+o5/pua2RLg50gF7RBxIrBLNBuxBuMhdvE6QxMt1p0dZ8LI5XaSn+Lax5PPSq3bfJFFv7Hld8LkWt41gESccSlbCwl2z5SaM7898XHv/nn849945Dt9EZ3nA/0iOo8Y2Fpci4ojxyp9g2NxRxOGA4ztMIiu6S/a+BlsmCfI3F5IwVLTjYJ3eW1Orjdo0sSp+ZO+UXofnblzswK1o/PcMK6ABQjtsKisiXD2SsypdpNpfzgRG50cy6pVo212kimHKO1aF+3IKE2poo3v+8uUxq6H6zK7hy4nfDrHdVr7n3NHWcOgt80+yZN40u7VZhB21hYoL+vnCsszS89GR19ZRYmWp1FPGcM0Mg9H99RvvKW/0unPHrTkspkjHJFDO5TOoeTcA5wdpwQKAbBCpvO83P7nv+ZmZ9sve5nDiAc3pjNjm4dKl//4M2jd3/kV/XYjs9G+YF3NMPSSEuFOlYBrG8kDgAoC7BNj1SDVAhLGsYK1DmU17OkBUZpBaAb6LlciOQKm9IePYIvcIIXf2YCa40oSQACtImlhGiu3Jn70tyj3/jTqR98cY9p1V//RPRwTugR1fnG4qLUm+3ZTK48p4p9G6wOxwAOHTu4sALDeAkYV5UlcE2aTgZGedO0vNtbDcTPzEmTxK7fxi98X31oTQKtCGJd6JHJgMQ4hQ0DkGSIOKcjBOUkm99iC7Wrs0NbNurxq4b02LZMFkYXK30wlIENSRCVCaWyKo5vKeRveu/27OYbPm0z5euEOEsrEv4C51mdCsLyfCq8znPOFM70KFives0MNyKcCCIMIgo4kMFMhl5Njh/YEy/Ott+Owoq+TQ/0l27c9Yl239hHO7laNeKAImOANOS16ivgHEEE8pObDTs5WsmVX8wkzUacJImU8oJ2P1Aq6GxtOFsanejPjm6cqNz6/tv7bv7Q+/Ibb/hUuzD8nnpQWR+FuUyiM2S8UouGQFnjJuW6cQAgBGAO3N+TNMd0DkQFX90ny0NNLfmLzIsbd0nKVwGKnyvnZJL8Ri8x0CQoSmcptzT13YXHn/0vUz/4r8+b1kIvKXUe0SOqtwJzR+3iwuKxbN/gks7nt2odDgor7TJSBMXkpGB8HNyuVBNwS8Yv0tXDbcjJlyl7c+fDHS4UKFABASQQE0OxhSIAJoFTTmNYCiDkKrFiI1o47ONM4YpsqXZTsdp/TWnz1VtrW64dlcroAI8MFTOFq/qzO67dNHzr+2+vbb/5V0yh78FYhdUu45AnojfKMZxhDuLNwSB2QydBjnwNBMYaMCkoJiRkc7lMpljJll9a3Pv0URO139Idcn5gA296z4ffZTfs+PxirrqlRaEyzEhMgkC7+WPnehZWCxIgIA0rFgkzkQ76yoVyrbJhZ58pDOTCzduLmexNfeH2nZv7rrztpsEb3/FA4bq7PxqMb/8kVcbf09Gl7U2VK0YqQ0YpWAAWTvpIE4EsgRH4Rm3tlfKdRBKQQLOArLteXw9d3jntzTUupIUT4jrHV2zcCGQB5VVNrADwk6oNuci2JAY5ZoRRs1VJlh5q7P7FHxz/1vceN4397d4QxPOLt+u6vywR7Li1PHDHhz9Z3nTD59u5vqvryGYS1ggUYG0HLAZCjJg0DLl8EYlFgBgM6xqGV4lu6A+uW995U74C0WktneZqcAUHDAsLRsIaBozAplN7fW8OBKBICFGbTWeOTOsoJeYw26CtkC2zym+yOruuqVQh0sw+itTFG/ktRGnn/8ne1VlDnAFyvWteeZ5cZtARt4WwRaa1UN+UNP7T7r/9X/+3+d0/n7JJfA5/9Oyw/t5fH6ndfP//d35404fnglIRKk+JMQjIGWlKKxffBpAItHEbh45WACBZk3TCOJoh29lD1hy3go5A+plkQhgjSUAVyyogZGElRMwBDJEXz3XCyu4aY0AUIIEjKTAAA5ABKAIodlV53cfOHi4f6/Jcy72HrvmXwG7PZtmFhoVc2wYTEhgYJFAgZBNB0SbtsDP7SHTwsX9/+If/+q/J/p81kPSGIJ5v9DyqtxB25kjHJp19fSPrRWXLm1oS1CjMq8SKa9ok8qPWU+U+gGDc2AZnUk/HJmeE9FXuN6RxeR+rJ99s7G/uWQwSV2RBwm56K+DCJF2icz8bJiSsKYYOIhWWYp0fTYLijjgsXxnr4rZI5wY7KswYZlrOCSzjjVb5SkfqjZ735vBmnuBGp3uhUldP6UKAsTBY6SCjwmomzD268Mrjx2zUeku8qrBvJBi86f571bod/6aerQ12ggwLK1iTYLm19O2EU4UwrHwrBRMLaSFVinUw0dG5K9tB7ppOkN+WqNxQEuQKHR2qSIdIWCPhtBTcebSuDNyRh8C3R0D53Cz5WWsJQIl7vgsQr/4suIt1uU/K9yi6m9usMAcwxrpAodYwksAYp0afJaBgTFyM6r9Ijr307w89/DffSfY9Ue/JI7016BHVW4x46mBHB3w4rI1ZXezbaCisGIEST1SSGmcRIB1n4UvVgXMrT+4STLd3ZMV00i5RpVN9nKir+97lCuANO0G6PSeWrfsdzDBCsBTAUkiWMmQ44ERpipnIcGqkTn1XpyGg5QqP7uPuOad58ZmCVhg5rzKuvFCDM4rkUoekyVqp5MLwePvIy89H85PNNRmB8iYYue1964s7d32mVRq+fYnCjFGh+4xsgtB3/pzmTL1lsMQwHCAhBYjLKQUmAcOSsJDRTAkzi2ICBWRZI2GFhByxGQKIXGWr+3xddhakvBly8lbwuo3u+krcAEz/fMCpwa8Gzov3ROWvYXdzJAWQi1iwU5ARMVAsCFigkCBnoqhmoqdkat+fHfvpl7/ZfumJhXPWNezhjNEjqrcB9YO7l0ToldzAWEZn8ptYqbKxwi4b5eBCbm6vme76zoWolsN9DinvpT1cy8zgDIILE6Y7XEdPXe7wsf3UGzMp4XH6XPd8ePuS3gNKj+NkvMb8vvYpHq/7wJkhPYU+/OkGLbr3LqRAFPqMoNWaknypWHhucffjh+z5zlUNDfGmOz/0gWRo06eXdHG4jZBFBX7XLwiZIeZc5I/WBi5Ea8FioG2MQFxTumXAsMD4T9KJtfpcUBpiThtp3QXkruiu9FN6BaZElt58sYtv03BZptWdhJVERf4acHnf9C974WilYMUANkaIBKGNkDGdpGzbL/LUgT+YeuJf/nHhme/N2U7rNZdtD+cPPaJ6m9A68lJLAYcLff2UyebXCVHZEivriYjgq5x8KI6817NaeBu9/BPxintT/cGVRsM9T+AUCbov89+7Rb/CEwM5nRlyc7CYXDBHiyAjTr/bmwdfxLGM16z4Uw6zS96nPnCWkJSk0iPvEpUbsufyWBasCYw4X80HrcUDe38ez08136gE+1yRu/Pd/X3bbv39VnHo5rbOZYQzRMQQP6BQE0OsWYOCktXDna8ERAkUEiiyLkdJTtg4vUZYAC0WSlJhWEdm7ItmnGeuHO1Y5x9xl8jc7wesJ7n0OnUN6aky/GrgrmMC/JTe9BpwUQVf2ceE2CZQDARsoDtN5CVKsknrFTN18M8nH/naV2Yf/9aMPTfx3R5WgR5RvY1oHn5xnkz0cnloLMthbkOigrIh5dvvvVH1JLCcO1odCM5SE9IBes4I+HvAAigRsB8L4nwiu5wfIPe9sNco9FkT8k2ULlntX0+n7H9FYMV7LkhVgE4+lpN+WvHDSotwrkTlT+vyqBDvLVpySXoCwZgYQALFNhMEalBlyj9qvPL4cXu+VLBrY2r4pgdvC8Z3fKEVFIciCllIO/fFihMVxvI5OcczcA5I+5icArnznjUMBUjYtVE4Skk3JYBlV2VHAnC3mMWViTs5o5Q0xG2JyFW9uhymu0ZZFFgUVFcNf3Uc4SIIbitGkuZZAfH5SUPu/RprEGogA4MwbpqCjQ7HJ479t6OPfP2vl5769nGJeg29bwd6RPU2o3VkTyMM9aGwb0RztrjJclC0RE5EwS+w1HMhWWmpPNmcBL8L7cItTGeh/fep9+Mfc985YmLXueXFcP0u14dsQAZWuZyBkK+gEgUlfgaQOO9JwZEVxPWpuPyE0zIUv6NNPZnUs0qPpGuC/CEITumjes3xngXSv9Vt6mSfn0tnFSn/nARkYzBbMpBCIVR7O4f3vBDPT7blDOWizgbl2z/UV9h646/Z8tA9LcrkYu9jEJwnRQCMNU4T8Rw8inMF+TlPIEHMjJg1EgS+ks/lMJV1nhP5sHBC7AbAW+16mEj5fqaVJOWuP6zImbpNmet5UkLQbnCzP/aVJyF99fL1/HpYJip0w+luvThv0LCTUmIGOImQMR1Tsp1X28cP/cPUz7/9V42nvnWkR1JvH3pEdQFgaf+Lc0TYV+pfV9CZ/JAlKlsmZYnhMleeUMi6xSnozlwC4JSl/cgPm45kIrckXUluahLSpem+S+mhu6P1cPf6P0X+G3KvcTvSZX8pNRVISxXI7aLT3+r02ZwFOPXvvK5dWXF/evTLZ2GV8C9179efi+7xOdJKzw0zuZ4da5QWqFyu/OTSniembNRec0M1/o6P7rIDmz/XDkobjAqVwI02UUTQ/twmAu/9vv4pO1OsOPtnDSJA/GD3dGsjcBuP1ANPLxfxuT9I2gOXblL8rftNelDuuul6+17YiwDXUoDUq083HO76F6Qhcf9hppfqCnSPmVJNSX8svunXklsXTARtDcJOp1OIGwd4/shfTP3sW39Rf+JfDkinef5ivz28KXpEdYGgdeilhUBoX2lgtMOZ7CbDqmxBipUGxELBL2zAKSmkg97ILXoiu2LSrduVuvJy5T0IuNDKSuPgrEB3jbt8U1qu7g2Rz2V1Ccp37buX++osuAZK8bvT7t9HN4rpSCr1jrrG6fXgnnDqv3ODI8308JGGseCG7wkBYIaxFlppIEkQiKWM4rwOM3vmjz//vJmbjs5UhPdMEI5M6Nx17/wfbG3de5JMsSReBzL9WFgSZ2ZZ+4q3U4j+FLzmo115qv3pe/1XvwnI0ZAgLYJwxiMNFzvv23vsXqbKNWovn290r+Fl6aKVt/SqWr6+3M1tfHwuy78Xty1aLt6BJ02H5fPk/6q7rv1J6J6PlKxS7b4kQTaOTMV0nsHkwb+cevTrf1t/4puHeiT19qNHVBcQ6odfnFPEuwv9QzkdBkMCqhJrZURgyTUjentz0gIHyJf5ut0tYaUChfjXOCPhnv9GWGkiTr6tpIyTfo3/ofteVjzj5J/eZngJKe7eIc7opeTqTZxWDLau0VbBhkTcWeTOw8m+FxbXUhm7fMeHRgqbb/odKQ9e0aZAd88jUuvuKv3sCoWSNySqU+9Yie7vPhe83ufqrrGu53TK816D09558iu7T/E/LF/HjgxX3uMedwU8KW15Su2qmhAI1lgEWoEhbto1sVOcsIIsETJR1O5DvM8ce/WPJ3/2jb+vP/mtXk7qAkGPqC4w1A+90NSQvcVqfzOTyW82RJWEtbIqcLtIIQi858TOGwDcjpsl6IZhXFFE2v2/HGY5N0N1kYOWjWdq6tAlBnKtawRfwGChYUEmYc3I2/nmTzsvPnJY1qoBuFTi6rXvup2GNv16lCkOGBVQSpUuJwn/DtlVJHaN7xt8gl2jfhr4O9/g1atGWo14rlWJb/hq/7vTMF+qeu5EnZ2Yc5pbdWHI9Eg9icK1IygiN4gR4jxsKwiMRcHaKN9eeswcO/iXk4989R8bz377RI+kLhz0iOoCRP3wy0tIzN7iwJCiINsXg/soDLXTV3eL06WpffujBD4f5UOBcAltpyQI70k5Y9fdhV6O6O74U+OVGjNfiUjsHhN4ogKsTYgYubySlxf2v/CsXZzurIVYbbjtmsLgdfd9PCqO3Jdki/lIQEzuc3MhKuc9v6aH7Qw+wdM+7u88H0SFNSApvN779nDhO98KsWLDlZJSGph0c9zcGUvDiWkUQJOCtba7ERBjEYqVku0sFZrzjy/tfvoPjzzy3S93XvzuNOJeCfqFhB5RXaBoHtvTMibabXThRL5cHucwGOiQCgyDXIUdQQugrIvPwy9MAC5fkO4a4cJb6XJ+Y3NwiaPrUS0TlTtH/pyw8hbRPcacJt+ZsiRznU77sejQi/NIzn0ESN81929R66/+jKmM7Ix1NjCE7hgLF8DyeUIfmnRfHEG+2Sd42sfPM1GtBU77vj3c+/YFGt5r7DYRe0+qS+J0anjQRSKICcZaWMUgBpTEtox4Prd4/PuNPc//4fFHvvY98+pDiz3tvgsPPaK6gNE+uq/RWKrvy5WqC9l8rs8EakiIg0BA2pIbBAcXspKuNI3t5jacDFJqjldUR12GWM6fpeYrTa0v+ysuC5Q+j8BE6fhzCthyIVp8ZvHFR/fbqH1uUtkDAzS268EH476NH29lqwMJBwQi7wFbAMoZZL8BeTNf+NT7T/0ZWBuiWguv6Y3wRr/deVSpd+kjBt2xH+7c+D2GD5eSV1bxnzYRhJ1epZBBgNgWpHU4u3T8m/PHnv2TYz/914fNwcebMGuXg+xh7dAjqgsdc4fj+tz8Hp3NHyvUKn2s9YASzrEwuco/BYGBeP06+I5+t1jdTKu0CusMKikuXXSJKvWmUsOYelRe/QOpQLCrBmMnpkrKJrlalqem9+x5LFmaap1L+C+4eldm8Io7PouBzbcvSiZLOoRYC+ULv53GomuodgS6omLyNHjNp7ryANOc1RrkJ9PChPOFN/rNgmUviU4K+cEfpKN4l6lKbyu6AsmFDoksAtuxeVM/Hi4e+7uFR7/xxycOPv6MeeXxNqL2qX+2hwsEPaK6GLBwLGkuNY4URqoHlSHKBuEAmIuGtLJKIZEErHzpNcEvYzcd2DW0piXF52qqLl44Y02nEJXLR4FSYVKvBezDSz7qBysEJVaXAiTzS/Z78eFfzCNZ/c67vPn2kezENZ9rZvs3Rzqv4FUeVbcA3IdzfbXamQ4MfD1Dv5ZEtfLrWuONf6s7J7SiK7BLUt4/TsAgFSBJ2yrYlazbVG/SJshJFOWi+d166sA/1J/9/l9OP/RPr5j9e2Mk5+Yk93B+0SOqiwULx5KleP6wOXzkhUKpGnEuvy4JdTVRSnWSBIHOOAkj309iAVey7g1u18ics7m6iOEt4bJB7DL7yWeG4MlqOVekYInjNqR14kfNlx87LKsXqqWBmx+4Idxw9adaQWXQ6AwZa6FdKbz3nHyTtDfMCm6o5puZ8td91D9woX/yr/v+4douQE7RwpF5ejSpNJf3R1nBCoHY9Z2JNdAsCGyMvO208+25X8iRF/9k4bHv/rfZn371gG03Vvs59vAWokdUFxMmJyU+snvBRO09YbUvyhSK/QbUZ0lrUEDEznuy1kJEoNiFSbp9tqkc0uWKlKi6Xb/uzjRHlVKB+OemgSXAlfyHsByY6BeLr/ziBduc63RP7NmgMhCO7HrwvbZv4oFOUChFYBJroIm6Da2p6kfabJ1Wsrl845vj9Qz+mbz27cTrvW+H9HNKPyl3NC4HtZyTMtaRWKAYykRQNkJeieTi+ky2PvlwZ+blP5v+6Te+uvTMv56Q86Xf2MOao0dUFyGiyVfrSdR6sVTtn83li6Oiw74EOjSkSIhdHB4CzQCLhRXrZIFkeYFfjnCO0orjX1kZdjormXoiaZWZNSqvabY5M/doPLlnEebsp/9mrry9Wtlx62+1MrXrY53NCCko9jmXLn+6/wUKBIB9RdvlTVRpM7v/LFJvmNK8FEEsEGgFJQYq6SBjO8hLJ8kmjRPZ+tRXFh57+g+m9n7ve9Fzjyyg06vsu5jQI6qLFPHkgY7E0cFKvjxLQYZEZNBA8sRgThsgRSBiYQGQSpMuly9cc+ipd8LnP1x4NJUBWn4M3byWNZayjFhHiz9o7Pn55Gq0/wZueOf67MQ1n47zfRuNCpWQgNkNSHThWfde4InKST25m6vafHO83rMu9E//9d434B4kwFe2OkZ32y6B9fk8JgKSCKGNkZcIuWipXbKNp3n26Fdmfv6tP5v58VPPmAOPd5D0iiYuNvSI6iJG+/j+jpmf323r0y8UatWiDsOa0rrEELbGuvo/P28n9QouZ7iMk1c3kOXQ2nKeauVuPb0n9ULJ6ZknUZJNFn+w8Isf77er0IAbvPXd15v+jR+3+dqAAVjgvF0rFsLpuIh9ACQAACoNSURBVJHlsBbg5LC61Zxn8Dm+3uMXNVF5z3b55keCAADYlVr4gY4FG0uVo8V8e+7J1qsv/Ye5Z374d7M/+/qrpr0vAXpFExcjekR1kaM9d9Q2Xn12WiscyOTLs4HO1JTOVhMKQsuKrFYwSiBiVk6IuvzgPRN4AnAkwF1lOHda3OMryco1/P7/2zvz57iu685/z73vvV6wkpQoWnJsWfZ4ke04XjIe20nGk8iTTCZVU5ma1Pw2v80/NFWTxBPb8hLHsixZ1i5KJEWRokhxBUGQBEFsIva1G72/5Z4zP9z3uiFoASiuAO6H1QWgG939+qF5vn3uPed7rFAplYeKIxTi1bPlgSNDptWI3v8km/DII/TgN374l63igb+N/EIPFEgre2y2v8eDEEGlmZ/tG0K70Tc7zq3+BTf+3nYWqo4o2fO1vtOCYIeMBhDkJDEF05rPR6VX6pdGn5x8+4XXq1eOliR2S33bGSdUO4TGjWvLptkYUrq4UujuL1Cu8ECivHysoJisS3g2OGF9QLBBuXP5sGs2Z+N9tnq/uwjBLp8B7b0pe43dpM+W19JfhV3uo3XZFAHiwadEF5K16ejGxRPR2mrjpmZUfffPggce/fY/UN+nvh+Sn9MewVOEKElAygMr+/exvVR2oJ89mFQ01y9JbkGwNt5+/0fqTmHLRgQ2i8puYrF/y+xv54mRwMRRl0QjpjT73OLpV/9x9vA775qV801IuPHhHNsMJ1Q7iGjxvSgOo0m9pzCe1x5pTT1QqpeV0ixpoYVKfc7SQGyXTGzIzsqxkVZR2TBgXQDa84MAIG2gBLLMpLOM9v5Akz3Gh4Weu0x6AB13juyIrMu8DfwbQ3km6rbPigTIKaNy0qgZs3qwPjlaljjecJ+P4VNf68898vj/9vsPfDER7ZEisACxESjPDh+0R5aK3zphyo5jPff8nN4k73t3ZLOlMkEGQYRA6Zh6AABbhxUQpaM47CkxDEBpmw0LIycGhaRZ6jW1M82Z4SeXTr/628rJ58akNeaW+nYITqh2GGZ1Kq5JaVYtzl7N57tXC11dvaSCPhadEyLFQLrIb12mPUqHBEoqVJQGgGwuUuZGTekIekr3dAjt1ks7d2p9GMpu/7Dweq/Ior3d5OgEzOyI14vUut9NlwgJgEcMjZh8RLXZmelXkrFLS4i33vib/8oPHwk+89X/pfM9jzCgQBoMDSgPIvYo7KnNsrj1J88K5bozvO2wU36zwhC7mGf3m2w+i2xcffbq0uIfIYIIg5ihSMEIQZGGEoHPSdJtWkuqPP+KuXL9xzNnnnuldenwIlzp+Y7CCdVOZGFBmjeursWtaESJnikEOc7ngr0M6iaQ1mzgCSNQCiKMRATQXipQaDtRE2W1AmlozIK3DZvtWzo/raMdcLccx+8CHwzxHzjuNtkt2Su0zaM5DXichLW5uTfM6NkpxFtv/D3wZ//tS8EjX/zvrPwHjUApL2dLq4XSCcjZs3XO2bpT/jHHuj0g+6awopQW+bTfRyRQZAvxjQBQCkprQAxUksDT6ch4EXhKEHAk3Ry1+uLGUL48+/zKudd+Mn/4+Bkzd7oBdlV9Ow0nVDuYeHEirC3MTeTC0kh3d3dT6aAnF+R6fZMEihNSihCzIAKB/CD9HM/QSKCRpMuBlPrO2Z6ebNuE0K4STi/ZHo/9aj81t29M+5e2b6jNBMSDwJM4Uc3S0eblE9clam51bYke+N7ffUv2ffrvIqE9hhSRDmCEYQAoT2c7Melvrzu5WTB/38NtR9J3Spa1p7lqNtxeIIAmiFYwRBAWgBN4nMDThEQRYo5RQMxdUW15T1R+p3Xjys9qFw7/duXU70e5NRa7pb6diROqnU5jhWvvDa1IFF4tdPXNBkS5nK/3xUaKIZNCUASTRmISaMUgMmng4DSwWHNPWwKc7hNkt0i6VGX17IOk16UhCPiwzGsboZUCTAItcdKj4rfXzh8eMq361ir/enp0zx//p++bvgNPsPJ7oTwSZZ0UhAhKqXSpa/1eYMbOECq20zYAK1fQkr6HxNpFsQCkVJrRG3hk4Cl7bogANjGKZOLuqDZh5iZeSK6+/dOpC28eXhs8suJcJnY2Tqh2Cc258UarWpkotEoTKtclutjbS4WevtDYOee+JhAlIEqHLQIQ0amTd1YmjXQo3boP+2nQyTKpTkNmJ9hm+1rr77PdEFgxFjYgSUwX4ourV06cM9Vyc0uN1Ac+E/R85Qd/I/2f+oHooCipiwiTXfZjzooLPvocbWeZF8qEyg439IThMUGJAkRDSKdLfQziCD4SKEnAwnbCMQv3IF4Kqovn4vnJ36yeef2XS28/O2jmx1pgl0XtdJxQ7SKS1emkPDYwK0ky3LV3f8nP5fcD1G/AvtKaCNyugAMUWNlAyqTWOWfjfSHTfrXi1Qmy2RDH9NZ2ReBHB+HtgAhb9wph8aP6WPm9yyfM8lwNvIVtquBThb4//t7fc+9D30rIy9n5YNbhWykNw9zOSrNz2iE7q9v47BEgZAAyUGL9N2ybLrWXAYkAk8TQiuCRgJMYCoyc1nHBhNOF6vyzlbMHf7Jw+eTL4aUjc4iaWzjxjp2AE6pdSHNutJK0mtdVjpc8rVvFrq48A10KyodoWwZB1pXalg4jHYNhL5S6A6zH6lLndzrfd8rW09qubYsA0FqBjIEfN6fWBs8e4ZWpNbDZNKXq+tyfFIpf+ubfx137vmq075OyQz1YYLPWdQ3JG4XKnrvOLdsSElC676nWvZeE7PsCBBiTQIThaQ8wDBVHSY+PxSCsnW6ODj7TGnzzF0vHf3vRTA83YFwWtZtwQrVLCRcmwkp1elhKK+eCXHEppz3t6WCvkCowKcVCACkoUhCyxrZ2Q0rBtg/bSRTZoh8R2iXWoFTYBOt6g7Z1mAUAEBG0UmA2FCSt+Wj++mvx3OjqVsxpH/72n/fg4S/+fVTc8yXych4pDyxo71FRFrDbXhmdJdbOmdu+Z5DIZlAq7ZWywzwFTAJRAtuUTlAE+KSgwmYzH9WuqNL8c9WBIz9efvvl5yuXDi2Ky6J2JU6odjOlkoRTw9VmpXw93ypfC3r2QAeFPlG6yzB8rTURCAbWlU5AtmE4FSql7Xh7FuspaEnDq6TWRKDUuimLs5vG9PsOa6NkhYpge3q8pLFaaJZeq48NLPIWeqn6v/Dtveahx/5HXOx/jLSvE8lsk5SV+lSoaF0DdiZUbUeKeyxU2Xn4KD5uoCJBQYkPBR8QwAiDyYCV7amyBSUCbUxc4GhJVVZO8PLikyvvvvB0+fhTw7w6GUKcRu1WnFA5YFamo8ro+Rnh+JpS+ZVCLie+5/UIUDTCigikSEFEoFS2ESUglQqXpEGMFCgd+Jd9b0O7FaqsyXO7YsUEEAjpuFErVhcPrg2fnjFbcFHv++K3Py37H/ufSXHPI9C+sgt99r8fAdCUjmFp7/NJW+jvF6HK3OU/6vJxkCgQfEDSDzrEqbGsfU/4JFLguJpvVQf91dnnKwNv/HTp0vnD4dCrK4gam55fx87GCZWjTWv62lp1YXE4Hz40XOyjFjx0K08VPaVyJkpIROweDQRtjzuxS38q9anLRMp2yNjg1W6h2sZCZV8Zpdmkgmdare5w+Y3VSycmTLj5clTPV/70y/LQY/+QFPsfUMone/Y6RSqwkrRBqD64CLhtIQVFtmgECvB8DUUAiYHPplU04VS+vnoknr3409b5o8+WTjw9wrMXI5ibsKhy7FicUDneT20uqo1jTuKJYd9LZnyt48DzexTpLk2kPaXIeo5bJwFA0lH3tssqK5fohNasbN3+bLOq7YdKdda+Bg3fNOOu5uKbqxePD5tw86bf/i//+29i/+f/qyn09UP5doYldayqkJrRdgon7HVAZ9dqO0MAIAxPE8AMjiMEwlww8YpfXX7XW7jxdHjprX9duPjqO9WLb5UkdH1Rjg5OqBwfwjias1eqlbn3Rr3G2pVCV3+lq7uni0DdIiYnxiiIwNM2I7BCZds0bbWf7aPKfN2sK0Xm77Y9sRkVACGIUgg4NPna7NGVgeNDJmxu+rG/9/Hvfgf7P/c3Sb7PNvvCijtgi06IMqHKBNGey3TXqlMdt01REGgygAmhOEFOTKsQN8eDtaUXw8Hpn5bPvPBK6cxz7/H8dAyzaYLq2GU4oXJ8NPWSady4sqJMck2RmqGgkJDn93tKFRXgiY2eELGBNM2d7HC/VJyIOBUua2q7XTMDKxdWlJkU8hKZfHn66OrF4wMmbG7qTtH/1e99Bw8++iNT6OsmpYmRFh+ke39ZMQXWn6H26Pm0knIbCxUAwCQIwEkhaS3naqsn1MzIU+WBN361cmz4YjR/uA5ubPMX6LhTOKFybEpjbrRZXpyeMPW1qyj0V3u7u73A0/3MkmOB4jSbElC7YIKE0+IAAbKxFSrrm/k46CMu9xZK3Q6ZGQYKRRWboDT11urg8fNbEaq+r33v27T/0SeSXG83lAanxSd2P89y94Wqc347/z76rG9W9fd+0vcBBBCGZuYAXPPD+iVVnn6pceHQT1bPvvFG5dKhOYmGDLBpUurYxTihcmyN2ooJ37u0EkbNq55Kxrv9HBPpHHlBnxHyhFRqaiEgGChiQAQkgCbr48aKwGnVYBbyNoZJ+y+rFlwfOu8t2REIBExAkWL2y7PHSoPHzpqwuelkvr6v/eBbeODRJ5JcT5donYq6va1zLrJnySoqOhlqeu2tkc2Asj+ki5npuZbO/Of2Gd/4hEQQlf5NyFbuWTGyjyUCKKUgYIgYKCTQZCQgToKoNlYozxyOZy/9vHLp6O9W337marQ03tySq4dj1+OEynFT8MJ4q7o6fkNV1gYTCuZ6+vf2iqJuI1IkBUUEgA0obfUVBrTyIEiFKqtIaAsU7DwryQQqu2Rhu10Gty6k3106lXlpvxgBAbc4X1s5vjpw9F0TNjYXqsd/8C314Od+FAU9RSgNkHWl6JTsZwHfNk9nIgX77fovn4xsvxCS7iNacQEIJDotH89EKiuJ6Yik7eW29yFll3IBsau6yCo+AaU1RBJoSRAgQZGSUt60Bnlx/Ofh2VeeXLz46rvNSydLErnR8I6t44TKcfNUKlK7cbVSXSuPBa3uSSqYSs5XvUToIqUDZiJhgu8XYBKGIJ0tRJljdidwrg+AWfC0Axlt9mL7bezFStu9QbLDJCsueY4kX106vjLw5laF6tu0/9G/ivLdXSAPTNmsysyVAusGUdoYfjuFyuorr3sM+107syP7E1Q2zJBTE1myvdtZ7iUMMKBIQZNu25NIKlpaGB7H6AK3upLmDVqde7E5NPqLtcuHXi6feXmGF+cTZK0NDscWcULl+OSUZ+Pq9ZUbjdrYQD7vLeXyBVHk7YV4Re3llNI+YgZEWTcHnwEvnS6e1XoL2UBpsyo73ZXEfoIXMhAyYDKpsHXyrHtB9sxChAJiyVWXjq8MHDm1FaHq/+oPvqn2P/ZElOvust5+6VSPdc2ynRzy9gtVJoH2OZR1M08NRKwzBEMUg4nBqbURp6KcZVU+EciIXUGEnWTIDLAYEBgeCXJiuNuY1a5W9VQ0PfqbpVOv/rT01slz0eTxGpKmy6IcnwgnVI5bZEF4cbxZW1ka85qVka5iX93z/B6lqM+I+KQVGWYopeGxghJYf7d2ILQB2PYp2TBqg6OkbtsMkLETYNu2TPcYAvISc66yuGWh2vPV739TPfTYX31AqN6X49w5oco+AAD2hGfnXrJ9q/Y5Tx0j0iXOTNwIgN1otP1ztoeOIBAQAb5iyZk4zLUqw3555g+tobeeXBo4erAxdGheognjBho6bgUnVI7bQ2UxbkwMLuRYBnQuv1TsCrpJoV9rr2BYlE8+SAh2BpOA00wKZN+ESmzA6ywHdsratZBdLrznja/pAROQ58jkqvNHt7r0t+er3/8G7f/cE1GuuxtKQ2CFSqizB3Ynhcpi9/6yLNY+YCZS6+dh2X9KKD3360RJKesoAbbVfCLQYjgXh+WuuHo6mR/9WenMyz9bPPbUlWjuWh2cuCzKccs4oXLcVmqzI63WWnkiF1fGdOA3ckGQDzyvJzYmMFqRUXYII9LArNob9WLL2ElAYCixxRg2y9L2rdouArj35CVMcmvzR1YvHj2zFaHa+9Xvf50ffPSJKOjqziok7dKfFSoRae/N3RmhsufOzsGy55uQfk2/zwRKs3U5V6LSS3relV0qZDCYGT4EBYlb+bB6LV9dfDkePvbz2bNvHGoMvukm7jpuK06oHLcdU56N165fmIrD+kBQyE8X8vm8KOyJfa+QaKUVbEGFEhuaWdmlKCYGgaGFoQVpwFQQ+G0D13tJO/MRQY7DKLc2d2jl4lvnTNjYtI9qz+Pf/zI/8Jm/ioKuPoEmUeljZY9J7QW2OyRUac9WO3sTKIK1wsr+FkJQoqHSKkAFnWZV1uXQwECU/TChEHNBwlKuUTrNk5efbA0d/cXckX8dMLMjDZdFOW439/5/v2PHEs+/11wrLY77zbXxrt7+CuVyfcrz+jTEJwbZ2VYKhqyzhco+5WfrYlAg8gD47WzDLgl+UtLM4BNd0JYOAhCYZitfmX9tZfCti1tp+N375e9+Ltn7Rz+KCj17QB51+pHu1tJf1pRtv8+cGXW7ztJmriIERQHA6SwyIF0eBAQGGgkKykSFuHKjUJ3/Q+3CGz8vnz/6emnw0CKHzuXccWdwQuW4s5SXTG1scBZJPKDzxbWeYldegfYaw3nyc8qQBqef3m08tHOvhABR6ZJfVkTRLlP/pGR7XJ/kYp0ZlLIiGiSNRr668NLK4LEtef31f/E7B6I9f/TX3LXnAVKesntTCswMUtmSn32eOyFUdl8qK5AQKDBIAAXr10iiwUIg8gHSSNhA+xqJie3eIRl4iCWfNCt9XD8bz1z/XTh45MdLR54eaC2MNoRdsYTjzuGEynFXaM6OtlqVtQlVe2Akl2fyA7WPvKDHkNZEnv2MzwxhAIpAngchgpF0/0QBgLlFY9tbCfWwlYeKwCZCgVtrQWXhD6uDx0e24p7e++++2Sv7H/1r07XnYWRClUrSXcmo0v09ssXpVqxSNwogzWyhIKTBJDBiQJohEkJ7jAAhd8fNuVxl8fXmpTf/cfncW6+WTx+c47DhrCUcdxwnVI67Bq/OhPVRmvEwfS3f19NQftAtUN1aezk7k9EGU1EChoCFoTRBaYKRJC24uBVuKdRDhKEJ4CRGnluLfmnmmdKlE5NbmUfV94Vv5LH/sf+cdO/9LEh71vMwzR/vglCtf4ashg8ABAQmDYYCeT5iE0N5BKIYGi3kdCwqaVQKcWU4tzT9++r5w/8yd+hX70bTwxUYtxfluDs4oXLcZcbRmB4qJ2E47OniZN73TC4fHBBwF4MVaQVPKRALxDAobUqNJUHaDrzxAW+CW7kvbFk2WZPVgmlN+UvvPVu6cmp2KxN+6aFHtPfI1/6Sux/4kkD72R7V3RIqpPfPsqnsZ073B5mAOEkQBB5gQvhooVtFUjC1ZVVberV14+LPK6ePPLPy7ovj3KpvmkE6HLcTJ1SOe0K0MNGsLi6PF2L/es/eLg8e9jBJL6A0CZGGgk8KILHVgFq1y9U/ObdyXzsuHhBoxZIzzbFkduS5yrUzSxyFm2YWreIe3f35P/2h9O77mpAOJHWkyITqzpen2/vbx0gHwKf9VAzreq8VQeIQOY7QhVZcaJZv5OvLr9YGRv5p6cxzbzWunlqVKNxUlB2O240TKse9o74g1cnFVZLSNS+XLxd7uh9UfrAvYvgxQNoLAAI4TuCJSkXqVsL1rdzX1swpEoATycWN4eXrF15sjQ+uIok2FSoU93u9X/neD7hv/58IVJ7TYoq7KVS2hi997PRUZg4VgEALI5AEvUjqxbByOXxv5NfVwWO/XDx64bJZuByCNy1udDjuCE6oHPeYktSnrq5FlfpIvqdvNV/sKUgu6G8xF0VrRQBUxPCYbGB/X7TOhOvjBcze51aXDe2emVYEjiIucOvS6rvvvGYWRtbA8eZChYep9xvf/Qb3P/hdJl0UAq1f8ssW4+w1Gx6uXQix+Wv9uDOy/rGF7P5UdtFi4MUhd3O4FFRXj0XzY7+YP3Hw2dL5g5McTiTOAslxL3FC5bgviFenwrBeHxOVXO8u5MXT6tME6dHaUyAPWnupi4Idw8hIy9eJbK7QDvofDNRGEbjtUL4FTflQrNWQpxQQx6Yraby7dvnIYbP0XnVLM5XCAvZ+5z98nvr3/0UM6hVSqU6xFaB0r8hmOrapVlLTXoIG2vOi7KvoGMpmosO2KhECLfarffzO2bA/Z6+fIKnVhEcKHsfci9YiLU8+U7t4+J9nL7z5ZjR6soTYjeNw3HucUDnuG5LV6aRemZ5X5eWRnq4uXegq9rPSvS2QlyhNaWjtjL1vTxa2dWxp4tGuaiMATASjFTjrH7qJKbV2om1nuQxkXSk8w1F3XHujdOmVE2Z1obm1sRUlPPinf/kZb98jTzRZ9UP7ZHuZ2C75kQZDQ0igKAGBwUQAEUg8kOhUqDrilDmcg+yek7YGSdBix3lk+Vk2rDI7J/YUWLd6DYJvorBHmsPe6tTzq2de+JfVY89c4vmxFlxvlOM+wQmV4/6iUpHG1PVSHDYvd+07sKL9/D4m2q89308Mk/I8KCI7QZZsWYBhhtIaxFnWkS5vpUFa0pJsnfZkbZVsaa5zhTXP9ZKk1WMaz68eeeqcqVc29fnL6P/6nx/Q+x75Ly0K9kF5SluNAUSlHnwqFdoE1J6/pdoipSSt2CMDRWkWly7hEa0bk7JOpDJRAwTEDJW6gUA0AqWQ41YYVBcu0NLkPy+feulXlVMvT3Loqvoc9xdOqBz3JdHCjUYYtsa0eEu93T3dvuc9GEMXVFAgYgMTtaC1gtJAIgyozKvOtrAiLRRAOqxR25W7m4bS6rys4EGLQU5Qj5duPLt24eAVDhtbDur88OO9wf7P/i3nug7EohRzAk9pkPIgQmCynnpWqNLiClHWew8CIgNQAiIDgrGOEaIAWJspa4ik0Vbj9vgOm01pshOXWWloAudMo+RV594xM2d+MnvspZeag4cWnZms437ECZXjviVeeC+qzs6MekV/tLurp88r9DwcGhSIjfI8ghFGAoanPWsF1M6ksnzCxuxOJnUz+dSHQIAnjKIk5ZXRS0+Fw2+PI25tYYPKkhz4orf3s195wuvZ+2gE5bFJoLVOrZTS/SgCyHpEQKBSc1hKX5Wxs7lsTpS+SgWIn/5XznIpAbXnSnV6paxuCXxJpFuilXx9/vXmxSv/Z+Hs04fN2LkKYlfV57g/cULluL9plbhem1vIR90zXQ88qBLCg6Sph3xfs7KmtZo02JhUh6TtEJ7t6VAmVPTJSylg7w5fDHJRY35t+tpvktEzs4g3b/bNkP1foL2f+dKfS7Hv8Zi0D4K1jhLbhos0o9LpuJNs7y0TYTtI0uqiLdW31lN2d6pdZmFnRaVzvZgIhjSE7KP4HJnupD4VrM08Hw4efnLh9eOnzfylpis9d9zPOKFy3P9UKlKZWJkXs3al71P7qdDb8+lWzH2iAg3lw8QRlCK7r5OZ1lJquJpmI2yVasMDvx9bPGH54P6UAALkOIZXL402Zq4/HU+cX0a8ebNvG9/nfZ//xp9wcc93Yh3kSdssiNkOJBSy/x3VB4SKbJ2j4lRoNQQeIF4qbpnjhIGiBCr1RBQoMGmAPCgW5Dg0PXF1VK9M/rp07uD/W3jzqSHTHI1c6bnjfscJlWObUJLG1OWKp7801f1AD8PzH45F9xvRWoHgeQQbcDNLIluIkPUJvb//6uaxmRkjL7H4tdWTq+dee8EsTFRvqjJubUH2fP0vPqP3PvIXkQq6mYiglK1cFACk243FNiNKX4ct2gPAaaWjDyHf7k0JpXayCRTFICTtUfKSFlgoIeRM0uqOyiOYH/9Z6fQrvymffGGSW/UtL1s6HPcSJ1SObUX9vWLZRFPXex94wOig+LDS3h4v8L0osYJhQzsAsiXpDLv3g7SPajNEOt5761EASAzyEplcbemV8pFfHTWNtebG39uMPY9/by/3HfhRSwd7DSliImjtweaBNvvL+qjYWsZ3jpuQZkk+BF5a7SfQSEBIQMrAgJEoOySRGPBFUBTT6g7XBr3FkZ8tnHjpt9XzB2clcrOjHNsHJ1SObcY4mjNDdW14XOe7Iz+fe0iU3iekPUUawgQoAkNgVKfnKivbbvdEbVjqy1gvUusr/hQBxAkC06r75dlnSwNHLmxlsu9G9j3+3W7uP/Ajk+86wH6gY2EQ6fRY0n0mYru/hI7AEsTuSxGlE49tKTuBQRSDKIEhK1IxPCjlwTMGPZw0+pL6WdwY/vnsid89Vx86suQq+xzbDSdUjm1JfWakVi+Xr+e7eir5rr5Pkx/sI53zwoTJ8zQMJ7ZuTiso7cGkTuwfV06RCdfGjIqyirkkRpc0l2lx/NfloRPXTbT5eI+N0AOf9Yuf+eJ/TAo9j0VEHpQHNgzVHp6IdgOvXfpT66r8YPen0r0sAtty9XS5LyEF8XJgeKBE0CNJc4+pn+ep4X+af/sPL9SuHFsR5zTh2IY4oXJsW7g03TSt+rjK99QLPXs/xTrYH4v4UASt0wIDEbAQWOyYDmQLbB+STa1no1gpEXhipJDUxsrXzz5VH70wK3F005lJMwio99Gv/TEX93w9BOXI94mZ4WsvTfbs0p9t1LU9UUra3hvtvNBmUgkIBkIGhgiickjY9l0FUbO1lxunaXH8ydm3nnu1cvXNEsfNj3/RDsd9ihMqx7YmXp0Ja5XyeK64txr09z8WdHXti+LI89KxIBABt7Miuemm30ywFDHymtirr7w7P3TohWRmvPSJBgdSbHq/8J0Dau/Df5booBdKEzGgBEDmPGE91W0xRCqSGnZp0CKA2KbfdoEFKYgQVMIocNLsN/WBcOb6Py+cfOnl6tAhJ1KObY39n+BwbGduDFRXTr3wYnNy8Odd8dqVHLcizQZkGJoUPLJNsLeEABBOombtiizeWEOyFcf0D2F52dSXlyfIxHWPIGCGpzUgttrP7kWliVVaqpjtrYmkPn1iQJQAZJf8mKyDhc+CQtyM9kvjnJob+Ze5Ey++Whl4rcRR45Mdq8Nxn+CEyrEjiCdPV5ZPPv+7tZHzTxaSxmhAiFkAIwQNgmbe1JB2ffFEdlkPx3GzXlm7JouLDRjz8Q/20UiztDIrUaukwEzC1lMitXgisdmVzbA6PwPWEopJIMQADCTtDxMoKAEKYuI9FF0JZ678dPGd518wl18vIXKZlGP744TKsWMw104urbz9/G/V6txvvLAxQZCE0zREGe44VKR1dNnl/XLUuW799QoCT5JVU1kbFWNuutpvPdyszfsmnvUhiQaB0zEhmVC1j22DP2HmmG73sNIxILY8EL5hKYT161h478kbJ559sTL4xio7kXLsEJxQOXYU4fCJ5crZV/9NL0883W2qi3lELGlTrjIMXwCQgiE7WsNGf4FWCqQUWKwiKCiQiG3AJYbPEXq4viDJ0iJgbrrabz3h4mgz1yjP+EkSg20ZulEEVgxWYi2PoK1ciUDAdng822ut4BJYCJoIASfcx+GCzE386+KJ539vLh4rIXLVfY6dgxMqx05DFo//fqL67okni2uzB4vh2rJPhpVSqVDZbMWAQMqHgoJwx6xIGFDQUNAQtm4UBAOfmyZfXxxvLV6usdnC6PmPY/xs4pVmhlSrUUbCzEojhsCQgCkTKi91g7cyxRCQMBSLHaQIBSINxQbdHC70NFf/sHTyhafWBl6ZZdfM69hhOKFy7ERk7u2jk6WrJ3+sKvMvd0lY9TgSgSBJyyqUAMTGlrF7hIQTCBt4SsETZS0tiEBK2z2jJK5zpTQoAxeaaLU2Pt9NU1uePSfN2ljOU4kxxtbOp31eSgRKAM32e1tUoeBpjSQxSIhgSMGDSD5qNLpqSy+Wzr76k9aVN6ZdM69jJ+KEyrFDGefZsy+erVw5/3+xOnvaS2oN8pQkSkMRQYkBmyaYIzusSsEKldgsSthO2BUiKAYo4fl6uTTEhrc8KPHjWJy9MeqZaMAzcVNDoFU69FAATww8SeAJ2+dGe948oAkRERICdNxs9ibVU5WzF382c/jXg0mjEm98HodjJ+CEyrFzmZ42i++8dpHnrj+Zj0qXNJI4EQOBgSa7pCcSg2GLExTZoRnCnVHubBiawYHItcWpGxMmjm/ChfajqU+O1aVeuqSSVoNMIjZrskUcShhaDJSkjhTpBOBEBEYEnufDV8xBs3RubWzwx/PHjwyZZtOJlGPH4oTKsbNZvpasnDv4msxN/DpnWvMaMYMjKDLwNOxYexYYYyfmCglYrKURAVAs8IQNxa3LjRsjy5zcvBvFh7J8zcRrC6M5JLVAQcCSzoy3xRLtsfNA2l2loYMcQIBKQu5OWvPe8tQvl88eet20TjWAW1+OdDjuV5xQOXY8lYtvl5dPvvJ7rzz7cpEbiwEiFhOBWdqTcUUIhgQJjO1QIoBY4DHD46TZKi1f5uXrddxqIUUHaZWWxtGqzAaA4SRJG3pVWqduZ0/ZIkQFJoWEGUXfR75ZXQxWZ35fOXfkDR45VYHz73PscJxQOXYDsnbxzbny1dM/VqXpQ3lu1hViCAMiGiQaWnlgMBJiSOq6Dmb4EPimNbe2OjvMJrml/qmNNCcuLEh19bLmpKWVtUyyHn8CgcCkY+TtQqTAxCECDltd1eVD1Xdf/XHl/GszHLoKP8fOxwmVY7cgKwNHrlRHzv3Kr61cK4iJPdJgURDxAGjrREEM8sg6rxOQU2w8U71WnxpY4KR1S/1TG6lcORWbyvJFbjXKMDELANYKCVH6FTAkIA1oJOjSbHR1+ZoZH/5N6cQLo6ZZuy37ZQ7H/Y4TKsfu4b3BuHzu4DsyP/5sLqzPBiwsrADy0qwFdp8KgDEJPF9BcdTUYekirrxTRXj7nR6SannQ53BGCxsBQ5SGASHrrWIl0MrAlybyrfKCzE88W7lw7AyHjdtSfehwbAecUDl2FxOD9er1s89gZe6wHzaqAVg4dVgXYfhKA8wgEhAZmKS+aNaWzsOYO1KtUFmenqBW9VpAJgInYDGAUmiZxE7pBQNxDfm4Ggal6UOrZw7+vjxxrMSJ25dy7B6cUDl2G7I8dGwinBj+db65NlTgVkQcgRRBQ4HjBGAD31NIoob4FF1bGBsZTeLwjpR/l8cvlJO1hXO+CZsBAWCBpBZKSmuQiZEzjaQ7Lg82Ji8/3bzy5phETbfk59hVOKFy7D4WFkxl8MRpWpl4VteW5nMSskcCrTzrAsEMJBECMmzqlQvVkaF5jm5TWfpGJi9HZnX+QpA0KwGMKGaABZ724IHgJzGKSX3RLEz82+Lg8VMmbLolP8euwwmVY1dSGT9VXxo5/mJQmz1R4FZTJRHiKIbSHvJBDooT5MHN+tLCEC+N3M6y9I1Ia3lpwgtrC37SMp4YKCNQRqCNQRFJ5FdXji2ff+ugmRgoI7ljx+Fw3Lc4oXLsVmT5+smJoDb/u1yrNu0lsQGAROyEDU8EOgznonI0JCy3tSx9I63xy8teozzsJ1HTZxYPZIc+JkaCOJ6oT439rnrx7UkOm7e16tDh2C44oXLsXqanzcqFoXfDhak38iYq+56WmBlhGMKDMbrVuNYYv7rCcXhHBaI+/k7UKs2d9DheRhyLhsAThheHNamsvLw6ePKsW/Jz7GacUDl2NbPnTi+Uh8//0mssDOm4EWsAHhG0mKofrr2D0ddqiOob73a7kfry/FkJwyliSbQkyCOSfGvpam1x6JnW+Lk5icM7s0fmcGwDnFA5djnjXB0+NiTzIy/n4+pKniDECdCqj9dnJ9+VJL4jZekbWZ6cnArXylcDTbE2EYpcL9Hq+MsrV4+MmLDhqvwcuxonVA7H3NVmefzKy6isnCsmrVY+aUqQNM5Nnz0+HDcbd6QsfSPJ7Fg5XJk7nYvr9VxYjbz6yvG10csv8aXBNUSugMKxu3FC5XAAKI8MTMZzU09TeX5mL4Uts7ZwXuYvrsGEd0cklq8l4dLkuWKrPNMbVaaq4yO/Wr164bqJ7uz+mMOxHXBC5XAAwNRQo3rh0CvFyvyJfq6OtuamBjm5vSa0mxHWpkZz1YVTvWHp9aVzR04kc5dqd7As3uHYNuiNVzgcu5Vocbz10Ge/FO3tzi9NnX37aGNutCJ897aHEt+YT+15iMtzs+dXBl4Z47B+957c4biPcULlcKxDILPNldkrC4NvLid3e4RGqSQUJ7NTYyM3kupCBHGrfg6Hw+FwOBwOh8PhcDgcDofD4XA4HA6Hw+FwOBwOh8PhcDgcDofD4XA4HA6Hw+FwOBwOh8PhcDgcDofD8dH8f9Cv75Dgq8goAAAAAElFTkSuQmCC', '2025-09-06T10:33:56.309Z', '2025-09-06T20:35:48.348Z', 'NH/3613/JUL-2021');

-- Table: system_settings
DELETE FROM system_settings;
INSERT INTO system_settings (id, email_notifications, sms_notifications, auto_backup, audit_logging, backup_frequency, backup_time, last_backup_date, backup_retention_days, created_at, updated_at) VALUES ('orgjewtiyzpmf7dtqbb', 0, 0, 1, 1, 'daily', '02:00', '2025-09-07', 30, '2025-09-05T22:03:50.519Z', '2025-09-07T05:06:02.144Z');

-- Table: room_types
DELETE FROM room_types;
INSERT INTO room_types (id, name, category, daily_cost, description, is_active, created_at, updated_at, total_beds, occupied_beds) VALUES ('f5eb5a2a579f8ee70ec537b59401d6c9', 'General Ward', 'ward', 600, '', 1, '2025-08-23 11:07:47', '2025-09-05T08:14:45.667Z', 14, 14);
INSERT INTO room_types (id, name, category, daily_cost, description, is_active, created_at, updated_at, total_beds, occupied_beds) VALUES ('4c38f225877bd827d6942184e950c2cf', 'Casualty', 'emergency', 1200, NULL, 1, '2025-08-24 19:21:57', '2025-09-05T08:14:28.588Z', 2, 2);
INSERT INTO room_types (id, name, category, daily_cost, description, is_active, created_at, updated_at, total_beds, occupied_beds) VALUES ('5ea3aebed6198d18fcb354a4f680fd57', 'Nursing Room', 'ward', 800, NULL, 1, '2025-08-24 19:24:33', '2025-08-28T06:58:43.287Z', 4, 4);
INSERT INTO room_types (id, name, category, daily_cost, description, is_active, created_at, updated_at, total_beds, occupied_beds) VALUES ('267a5eb438659fb34a0a6c2b45c86714', 'Private Room', 'room', 1400, NULL, 1, '2025-08-24 19:24:58', '2025-09-03T20:48:14.249Z', 5, 0);
INSERT INTO room_types (id, name, category, daily_cost, description, is_active, created_at, updated_at, total_beds, occupied_beds) VALUES ('1919a5570331e8e341cd5561dad8bc8a', 'ICU', 'icu', 1600, NULL, 1, '2025-08-24 19:20:48', '2025-09-05T08:16:58.878Z', 3, 5);
INSERT INTO room_types (id, name, category, daily_cost, description, is_active, created_at, updated_at, total_beds, occupied_beds) VALUES ('1032c0814cce9ebe4e3f92a54db6578f', 'AC Room', 'room', 2000, NULL, 1, '2025-08-24 19:23:31', '2025-08-24 19:23:31', 4, 0);

-- Table: rooms
DELETE FROM rooms;
INSERT INTO rooms (id, room_number, room_type_id, floor, building, capacity, is_occupied, is_active, notes, created_at, updated_at) VALUES ('ac6c6c1f0810bdd625318e66c9f89ac0', 'PR-1', '267a5eb438659fb34a0a6c2b45c86714', '', '', 1, 0, 1, '', '2025-08-24 19:38:12', '2025-08-24 19:38:12');
INSERT INTO rooms (id, room_number, room_type_id, floor, building, capacity, is_occupied, is_active, notes, created_at, updated_at) VALUES ('4c4aa66e56f8a582b05fbdb3de0cff4a', 'ICU-1', '1919a5570331e8e341cd5561dad8bc8a', '', '', 1, 0, 1, '', '2025-08-24 19:56:35', '2025-08-24 19:56:35');
INSERT INTO rooms (id, room_number, room_type_id, floor, building, capacity, is_occupied, is_active, notes, created_at, updated_at) VALUES ('654cd8c075cbe3688849d8e0e076453e', 'AC-PR-1', '1032c0814cce9ebe4e3f92a54db6578f', '', '', 1, 0, 1, '', '2025-08-24 20:39:14', '2025-08-24 20:39:14');
INSERT INTO rooms (id, room_number, room_type_id, floor, building, capacity, is_occupied, is_active, notes, created_at, updated_at) VALUES ('f9b02d7b006ace1c271874a784199f79', 'AC-PR-2', '1032c0814cce9ebe4e3f92a54db6578f', '', '', 1, 0, 1, '', '2025-08-24 20:39:19', '2025-08-24 20:39:19');
INSERT INTO rooms (id, room_number, room_type_id, floor, building, capacity, is_occupied, is_active, notes, created_at, updated_at) VALUES ('93aad9ef9784a581ad4c6a5f734672ef', 'AC-PR-3', '1032c0814cce9ebe4e3f92a54db6578f', '', '', 1, 0, 1, '', '2025-08-24 20:39:25', '2025-08-24 20:39:25');
INSERT INTO rooms (id, room_number, room_type_id, floor, building, capacity, is_occupied, is_active, notes, created_at, updated_at) VALUES ('8149c4b2d578474b07c52b2aa5c9751b', 'AC-PR-4', '1032c0814cce9ebe4e3f92a54db6578f', '', '', 1, 0, 1, '', '2025-08-24 20:39:31', '2025-08-24 20:39:31');
INSERT INTO rooms (id, room_number, room_type_id, floor, building, capacity, is_occupied, is_active, notes, created_at, updated_at) VALUES ('864a513986193554da6f64f9422e0324', 'PR-2', '267a5eb438659fb34a0a6c2b45c86714', '', '', 1, 0, 1, '', '2025-08-24 20:39:38', '2025-08-24 20:39:38');
INSERT INTO rooms (id, room_number, room_type_id, floor, building, capacity, is_occupied, is_active, notes, created_at, updated_at) VALUES ('bcb34cc99c4c3ba6415bc7c4cab2a516', 'PR-3', '267a5eb438659fb34a0a6c2b45c86714', '', '', 1, 0, 1, '', '2025-08-24 20:39:48', '2025-08-24 20:39:48');
INSERT INTO rooms (id, room_number, room_type_id, floor, building, capacity, is_occupied, is_active, notes, created_at, updated_at) VALUES ('a7f3bce32344ac87ab1f79feefada487', 'PR-4', '267a5eb438659fb34a0a6c2b45c86714', '', '', 1, 0, 1, '', '2025-08-24 20:39:54', '2025-08-24 20:39:54');
INSERT INTO rooms (id, room_number, room_type_id, floor, building, capacity, is_occupied, is_active, notes, created_at, updated_at) VALUES ('dc3516b4306cd1c430843450a2e7a4d9', 'PR-5', '267a5eb438659fb34a0a6c2b45c86714', '', '', 1, 0, 1, '', '2025-08-24 20:39:59', '2025-08-24 20:39:59');
INSERT INTO rooms (id, room_number, room_type_id, floor, building, capacity, is_occupied, is_active, notes, created_at, updated_at) VALUES ('210ad46019bf1d8a1e27ce487c130aa3', 'NR-B-1', '5ea3aebed6198d18fcb354a4f680fd57', '', '', 1, 0, 1, '', '2025-08-24 20:40:23', '2025-08-24 20:40:23');
INSERT INTO rooms (id, room_number, room_type_id, floor, building, capacity, is_occupied, is_active, notes, created_at, updated_at) VALUES ('20feb7b78feb678587be219e4e9820df', 'NR-B-2', '5ea3aebed6198d18fcb354a4f680fd57', '', '', 1, 0, 1, '', '2025-08-24 20:40:31', '2025-08-24 20:40:31');
INSERT INTO rooms (id, room_number, room_type_id, floor, building, capacity, is_occupied, is_active, notes, created_at, updated_at) VALUES ('1d8871cbfbd397aabf95916756c8f48d', 'NR-F-1', '5ea3aebed6198d18fcb354a4f680fd57', '', '', 1, 0, 1, '', '2025-08-24 20:40:38', '2025-08-24 20:40:38');
INSERT INTO rooms (id, room_number, room_type_id, floor, building, capacity, is_occupied, is_active, notes, created_at, updated_at) VALUES ('8951dc972f20c5b4c9c1b179b9d525bc', 'NR-F-2', '5ea3aebed6198d18fcb354a4f680fd57', '', '', 1, 0, 1, '', '2025-08-24 20:40:45', '2025-08-24 20:40:45');
INSERT INTO rooms (id, room_number, room_type_id, floor, building, capacity, is_occupied, is_active, notes, created_at, updated_at) VALUES ('54efc6270dcc86e7ea464e2a0f93aa2a', 'ICU-2', '1919a5570331e8e341cd5561dad8bc8a', '', '', 1, 0, 1, '', '2025-08-24 20:40:51', '2025-08-24 20:40:51');
INSERT INTO rooms (id, room_number, room_type_id, floor, building, capacity, is_occupied, is_active, notes, created_at, updated_at) VALUES ('444d269d36b4e9b4437d23b39615f3f5', 'ICU-3', '1919a5570331e8e341cd5561dad8bc8a', '', '', 1, 0, 1, '', '2025-08-24 20:40:56', '2025-08-24 20:40:56');
INSERT INTO rooms (id, room_number, room_type_id, floor, building, capacity, is_occupied, is_active, notes, created_at, updated_at) VALUES ('9d4f5e90d9ae425749865c55d5063e42', 'GW-10', 'f5eb5a2a579f8ee70ec537b59401d6c9', '', '', 1, 0, 1, '', '2025-08-24 20:41:56', '2025-08-24 20:41:56');
INSERT INTO rooms (id, room_number, room_type_id, floor, building, capacity, is_occupied, is_active, notes, created_at, updated_at) VALUES ('b0650b6816528bb40e9dcc2154734c23', 'GW-11', 'f5eb5a2a579f8ee70ec537b59401d6c9', '', '', 1, 0, 1, '', '2025-08-24 20:42:04', '2025-08-24 20:42:04');
INSERT INTO rooms (id, room_number, room_type_id, floor, building, capacity, is_occupied, is_active, notes, created_at, updated_at) VALUES ('4d71d6459aefe324947df257e9efad66', 'GW-12', 'f5eb5a2a579f8ee70ec537b59401d6c9', '', '', 1, 0, 1, '', '2025-08-24 20:42:15', '2025-08-24 20:42:15');
INSERT INTO rooms (id, room_number, room_type_id, floor, building, capacity, is_occupied, is_active, notes, created_at, updated_at) VALUES ('e61d4cb31cadad5875703bd34b2d8c13', 'GW-13', 'f5eb5a2a579f8ee70ec537b59401d6c9', '', '', 1, 0, 1, '', '2025-08-24 20:42:28', '2025-08-24 20:42:28');
INSERT INTO rooms (id, room_number, room_type_id, floor, building, capacity, is_occupied, is_active, notes, created_at, updated_at) VALUES ('3524e33c17218f8e1426532c74eca384', 'GW-14', 'f5eb5a2a579f8ee70ec537b59401d6c9', '', '', 1, 0, 1, '', '2025-08-24 20:42:32', '2025-08-24 20:42:32');
INSERT INTO rooms (id, room_number, room_type_id, floor, building, capacity, is_occupied, is_active, notes, created_at, updated_at) VALUES ('7f93747e1457995a5c7f26b6ad35e761', 'GW-15', 'f5eb5a2a579f8ee70ec537b59401d6c9', '', '', 1, 0, 1, '', '2025-08-24 20:42:36', '2025-08-24 20:42:36');
INSERT INTO rooms (id, room_number, room_type_id, floor, building, capacity, is_occupied, is_active, notes, created_at, updated_at) VALUES ('112e1d94504e71a4d673d946e0441a39', 'GW-16', 'f5eb5a2a579f8ee70ec537b59401d6c9', '', '', 1, 0, 1, '', '2025-08-24 20:42:40', '2025-08-24 20:42:40');
INSERT INTO rooms (id, room_number, room_type_id, floor, building, capacity, is_occupied, is_active, notes, created_at, updated_at) VALUES ('947e6d0bf439ac5aa67573f231ca8da6', 'GW-01', 'f5eb5a2a579f8ee70ec537b59401d6c9', '', '', 1, 0, 1, '', '2025-08-24 20:43:10', '2025-08-24 20:43:10');
INSERT INTO rooms (id, room_number, room_type_id, floor, building, capacity, is_occupied, is_active, notes, created_at, updated_at) VALUES ('2df7930116eb23e17a60109228e03765', 'GW-02', 'f5eb5a2a579f8ee70ec537b59401d6c9', '', '', 1, 0, 1, '', '2025-08-24 20:43:15', '2025-08-24 20:43:15');
INSERT INTO rooms (id, room_number, room_type_id, floor, building, capacity, is_occupied, is_active, notes, created_at, updated_at) VALUES ('2432deda8c9659d70cdf76149c6ce164', 'GW-03', 'f5eb5a2a579f8ee70ec537b59401d6c9', '', '', 1, 0, 1, '', '2025-08-24 20:43:20', '2025-08-24 20:43:20');
INSERT INTO rooms (id, room_number, room_type_id, floor, building, capacity, is_occupied, is_active, notes, created_at, updated_at) VALUES ('ace2985fcc6101ed4e26ab937d7fe976', 'GW-04', 'f5eb5a2a579f8ee70ec537b59401d6c9', '', '', 1, 0, 1, '', '2025-08-24 20:43:24', '2025-08-24 20:43:24');
INSERT INTO rooms (id, room_number, room_type_id, floor, building, capacity, is_occupied, is_active, notes, created_at, updated_at) VALUES ('ede600da1cf68385a0ce7c36e0549b9f', 'GW-05', 'f5eb5a2a579f8ee70ec537b59401d6c9', '', '', 1, 0, 1, '', '2025-08-24 20:43:30', '2025-08-24 20:43:30');
INSERT INTO rooms (id, room_number, room_type_id, floor, building, capacity, is_occupied, is_active, notes, created_at, updated_at) VALUES ('377bb2490a395acc30433a923e8a0782', 'GW-06', 'f5eb5a2a579f8ee70ec537b59401d6c9', '', '', 1, 0, 1, '', '2025-08-24 20:43:35', '2025-08-24 20:43:35');
INSERT INTO rooms (id, room_number, room_type_id, floor, building, capacity, is_occupied, is_active, notes, created_at, updated_at) VALUES ('b29292f7e97b1f494fba045644b972fb', 'GW-07', 'f5eb5a2a579f8ee70ec537b59401d6c9', '', '', 1, 0, 1, '', '2025-08-24 20:43:41', '2025-08-24 20:43:41');
INSERT INTO rooms (id, room_number, room_type_id, floor, building, capacity, is_occupied, is_active, notes, created_at, updated_at) VALUES ('70d2e2cdb94d7312dcd8cf14a8be815f', 'GW-08', 'f5eb5a2a579f8ee70ec537b59401d6c9', '', '', 1, 0, 1, '', '2025-08-24 20:43:47', '2025-08-24 20:43:47');
INSERT INTO rooms (id, room_number, room_type_id, floor, building, capacity, is_occupied, is_active, notes, created_at, updated_at) VALUES ('c4f82674c51e1eea6c3a525b3f8afc21', 'GW-09', 'f5eb5a2a579f8ee70ec537b59401d6c9', '', '', 1, 0, 1, '', '2025-08-24 20:43:54', '2025-08-24 20:43:54');
INSERT INTO rooms (id, room_number, room_type_id, floor, building, capacity, is_occupied, is_active, notes, created_at, updated_at) VALUES ('f4386cb0dc2a1e5217e3551ca0c98cfe', 'C-1', '4c38f225877bd827d6942184e950c2cf', '', '', 1, 0, 1, '', '2025-08-24 20:44:09', '2025-08-24 20:44:09');
INSERT INTO rooms (id, room_number, room_type_id, floor, building, capacity, is_occupied, is_active, notes, created_at, updated_at) VALUES ('429b68d4a253bd710f23488b14899596', 'C-2', '4c38f225877bd827d6942184e950c2cf', '', '', 1, 0, 1, '', '2025-08-24 20:44:14', '2025-08-24 20:44:14');

