-- Hospital Management System Database Backup
-- Created: 2025-09-06T10:35:27.636Z
-- Backup ID: BACKUP-2025-005

-- Table: users
DELETE FROM users;
INSERT INTO users (id, username, password, full_name, role, is_active, created_at, updated_at) VALUES ('admin-user-id', 'root', '$2b$10$9Rubi44BWNBKz.Xp7Bh3qeZOcoO/VE4/nSAvnrjjva9WAMe8d6ix6', 'Root', 'admin', 1, '2025-08-22T19:55:11.898Z', '2025-09-05T21:09:11.315Z');
INSERT INTO users (id, username, password, full_name, role, is_active, created_at, updated_at) VALUES ('86c432e393c2b19c1e0dd1a2ad86e8d4', 'mnnsi', '$2b$10$piILB5C0XxNZV3U8O536heSJuZZwc/23Ys35xRTPbhJEtbZzjxleK', 'Manan Singh', 'admin', 1, '2025-09-05 20:55:29', '2025-09-06T10:14:25.363Z');
INSERT INTO users (id, username, password, full_name, role, is_active, created_at, updated_at) VALUES ('931da3de7e99d4218a74b84a656c0a16', 'rajnish_m', '$2b$10$cTnzctM.3nNh9lEx7b9VTeTeq30BvNklNzMEEJLntxRsSS9oYwIU2', 'Rajnish Manikpuri', 'billing_staff', 1, '2025-09-05 21:41:02', '2025-09-05 21:41:02');
INSERT INTO users (id, username, password, full_name, role, is_active, created_at, updated_at) VALUES ('40359c619f53f5bce0f3724be640a09a', 'ankit_c', '$2b$10$xxaFruZCmxaMeqED1t5qS.rwTsd3FrQcv2PMICkc/xy9QNUjZf9IC', 'Ankit Chandrol', 'admin', 1, '2025-09-05 20:57:58', '2025-09-05 20:57:58');
INSERT INTO users (id, username, password, full_name, role, is_active, created_at, updated_at) VALUES ('26ed965629f0ee7e26f9b4fef81ec7c3', 'dr_gurumohan', '$2b$10$JcAqKDUp5sr65LfiRMAqBejGduVSLc4PsJCs0bYxTuHEUF9VCX.5S', 'Gurumohan Singh', 'doctor', 1, '2025-09-05 20:59:07', '2025-09-05 20:59:07');
INSERT INTO users (id, username, password, full_name, role, is_active, created_at, updated_at) VALUES ('c9e78ceb32b3e46bc59aa357dcca471b', 'sita_p', '$2b$10$gs13Hy34Vg23FMGN3j45Q.Z6Xa0ATFZJLKQ3yPuQW5Vwt6UVeO9Nq', 'Sitanshi Patel', 'billing_staff', 1, '2025-09-05 21:43:38', '2025-09-05 21:43:38');
INSERT INTO users (id, username, password, full_name, role, is_active, created_at, updated_at) VALUES ('a48f98c604b9411da332ae6cc26e8f11', 'sourav', '$2b$10$KcftF6pf7YGaphRUw3N4Kex9vENRXBxPfuv80EBFCwfvRIW/dNXM6', 'Sourav Patel', 'receptionist', 1, '2025-09-05 21:44:44', '2025-09-05 21:44:44');

-- Table: doctors
DELETE FROM doctors;
INSERT INTO doctors (id, user_id, name, specialization, qualification, consultation_fee, is_active, created_at, updated_at) VALUES ('8a5d3fa53165827b7afbadc2cdeaf97b', NULL, 'Dr. Gurumohan Singh', 'Surgery', 'MS', 310, 1, '2025-08-22 20:07:57', '2025-08-22 20:07:57');
INSERT INTO doctors (id, user_id, name, specialization, qualification, consultation_fee, is_active, created_at, updated_at) VALUES ('9b25e50ddf70456e460eec7c08cbc98a', NULL, 'Dr. Prakhar', 'Radiology', 'MS', 444, 1, '2025-08-22 20:08:18', '2025-08-22 20:08:18');
INSERT INTO doctors (id, user_id, name, specialization, qualification, consultation_fee, is_active, created_at, updated_at) VALUES ('febec9b9898c88d201dadd8ff4746433', NULL, 'Dr. Lily Susan', 'Anesthesiology', 'MS MD', 400, 1, '2025-09-06 10:35:10', '2025-09-06 10:35:10');

-- Table: patients
DELETE FROM patients;
INSERT INTO patients (id, patient_id, name, age, gender, phone, address, email, emergency_contact, is_active, created_at, updated_at) VALUES ('dfabcb5d90b5d3181662f3071f399bda', 'PAT-2025-001', 'John Doe', 35, 'male', '1234567890', '123 Main St', NULL, 'Jane Doe - 9876543210', 1, '2025-08-22 19:55:31', '2025-08-22 19:55:31');
INSERT INTO patients (id, patient_id, name, age, gender, phone, address, email, emergency_contact, is_active, created_at, updated_at) VALUES ('81c17bd3964e9370097e5717ac896b8e', 'PAT-2025-002', 'Manan', 24, 'male', '7441143536', 'full address nahi, just city/ village/ locality.', 'abc@xyz.com', '132443423424', 1, '2025-08-22 20:03:33', '2025-08-22 20:03:33');
INSERT INTO patients (id, patient_id, name, age, gender, phone, address, email, emergency_contact, is_active, created_at, updated_at) VALUES ('0728f70605672699f3525e3bae548d6b', 'PAT-2025-003', 'Manan S', 24, 'male', '7441143536', 'iosan idjs dsio', 'abc@xyz.com', '2432523543', 1, '2025-08-22 20:34:50', '2025-08-22 20:34:50');
INSERT INTO patients (id, patient_id, name, age, gender, phone, address, email, emergency_contact, is_active, created_at, updated_at) VALUES ('2a624c5dc6529d3893ada1a46507573d', 'PAT-2025-004', 'Ankit', 24, 'male', '2776188890', 'eqjwd diidj d', 'dcdisdi@did', 'e34343453', 1, '2025-08-23 08:44:43', '2025-08-23 08:44:43');
INSERT INTO patients (id, patient_id, name, age, gender, phone, address, email, emergency_contact, is_active, created_at, updated_at) VALUES ('3cae64d54afee015e3f202549cd5d852', 'PAT-2025-005', 'Goku', 100, 'male', '1357924680', 'CN-TV', 'goku@dbz.ani', '1234123412', 1, '2025-08-24 20:46:54', '2025-08-24 20:46:54');
INSERT INTO patients (id, patient_id, name, age, gender, phone, address, email, emergency_contact, is_active, created_at, updated_at) VALUES ('943d00ccd6bbebd287eab818d220ca67', 'PAT-2025-006', 'Vegeta', 101, 'male', '21341442422', '2ed', 'dfudsndn@wdfd', '23213233', 1, '2025-08-24 21:54:20', '2025-08-24 21:54:20');
INSERT INTO patients (id, patient_id, name, age, gender, phone, address, email, emergency_contact, is_active, created_at, updated_at) VALUES ('394d152a418054267667e6d197c2485f', 'PAT-2025-007', 'Baka', 18, 'other', '2343244324243', 'asdsa dssd sd sdsd sds d sdsdsdsd dsdssssssssssssss ddd', 'manansigh8989@gmail.com', '2333233233', 1, '2025-08-24 22:27:47', '2025-08-24 22:27:47');
INSERT INTO patients (id, patient_id, name, age, gender, phone, address, email, emergency_contact, is_active, created_at, updated_at) VALUES ('b2e6b51111f3ddeb2c341ff4059e9990', 'PAT-2025-008', 'Mann', 21, 'female', '1234343243432', 'dddfdf n ijdoi  iajddn, jij dii', 'sdfds@fdfdf', '2323 2323 2323', 1, '2025-08-25 09:28:18', '2025-08-25 09:28:18');
INSERT INTO patients (id, patient_id, name, age, gender, phone, address, email, emergency_contact, is_active, created_at, updated_at) VALUES ('527c3cbca2852a0b2c74da51ccb1cf11', 'PAT-2025-009', 'Saitama', 20, 'male', '30449491838', 'anfi fi fi idj dij ij di dndinnd ijddl e fninfunf', 'saitama@onepunch.man', '234233v4324234', 1, '2025-08-25 09:57:50', '2025-08-25 09:57:50');
INSERT INTO patients (id, patient_id, name, age, gender, phone, address, email, emergency_contact, is_active, created_at, updated_at) VALUES ('553e88102b23c6f7bd48ad7f03417a96', 'PAT-2025-010', 'MS', 21, 'male', '3224234 34234', 'fsddf', 'fgfsfddf@fdfd', '3432434', 1, '2025-08-25 12:02:26', '2025-08-25 12:02:26');
INSERT INTO patients (id, patient_id, name, age, gender, phone, address, email, emergency_contact, is_active, created_at, updated_at) VALUES ('147855b589b649a6529549417b8c3b7d', 'PAT-2025-011', 'sfsfd', 12, 'female', 're2343324', '', '', '', 1, '2025-08-26 11:52:39', '2025-08-26 11:52:39');
INSERT INTO patients (id, patient_id, name, age, gender, phone, address, email, emergency_contact, is_active, created_at, updated_at) VALUES ('a02be052a1eb8b53d2bd4963ae9e30aa', 'PAT-2025-012', 'Bakana', 23, 'female', '342332432434', 'fefdf', '', '45435435', 1, '2025-08-26 12:09:10', '2025-08-26 12:09:10');
INSERT INTO patients (id, patient_id, name, age, gender, phone, address, email, emergency_contact, is_active, created_at, updated_at) VALUES ('370ebf4bccacd9d107e17e86c16b8c22', 'PAT-2025-013', 'Rajnish Manikpuri', 25, 'other', '1111111111', '', '', '', 1, '2025-08-26 13:40:02', '2025-08-30T19:07:37.653Z');
INSERT INTO patients (id, patient_id, name, age, gender, phone, address, email, emergency_contact, is_active, created_at, updated_at) VALUES ('f5a63a74f5f3a4cd02a82c228cae7176', 'PAT-2025-014', 'dfsf', 23, 'female', '133232323', '', '', '', 1, '2025-08-26 20:05:12', '2025-08-26 20:05:12');
INSERT INTO patients (id, patient_id, name, age, gender, phone, address, email, emergency_contact, is_active, created_at, updated_at) VALUES ('ba50ec1ee71a4a3bddb346e8f6aa8fa6', 'PAT-2025-015', 'itachi', 26, 'male', '1231231231', 'scdsvdsvdsv', 'shadow@leaf', '21221212', 1, '2025-08-28 06:58:17', '2025-08-28T19:17:16.576Z');
INSERT INTO patients (id, patient_id, name, age, gender, phone, address, email, emergency_contact, is_active, created_at, updated_at) VALUES ('c4b735850d56a0d59a328f35e972e7d8', 'PAT-2025-016', 'bakano', 45, 'male', '42334234423', '', '', '', 1, '2025-08-28 19:18:26', '2025-08-28 19:18:26');
INSERT INTO patients (id, patient_id, name, age, gender, phone, address, email, emergency_contact, is_active, created_at, updated_at) VALUES ('99f9a4b60fb56c2db70c958a30636063', 'PAT-2025-017', 'Manan Badwal', 24, 'male', '1231112321', '', '', '', 1, '2025-08-31 11:00:19', '2025-08-31 11:00:19');
INSERT INTO patients (id, patient_id, name, age, gender, phone, address, email, emergency_contact, is_active, created_at, updated_at) VALUES ('7008ccd58e817294ae4402ce3c2cfd81', 'PAT-2025-018', 'Man2', 12, 'other', '34123412', '', '', '', 1, '2025-08-31 11:36:27', '2025-08-31 11:36:27');
INSERT INTO patients (id, patient_id, name, age, gender, phone, address, email, emergency_contact, is_active, created_at, updated_at) VALUES ('111b47095570f64589b62754ecb60558', 'PAT-2025-019', 'bak2', 42, 'female', '34224234324', '', '', '', 1, '2025-08-31 11:37:30', '2025-08-31 11:37:30');
INSERT INTO patients (id, patient_id, name, age, gender, phone, address, email, emergency_contact, is_active, created_at, updated_at) VALUES ('bf4d14d688dc259fffaffd8cbdd5f7ad', 'PAT-2025-020', 'Man3', 23, 'female', '434424324324', '', '', '', 1, '2025-08-31 12:14:07', '2025-08-31 12:14:07');
INSERT INTO patients (id, patient_id, name, age, gender, phone, address, email, emergency_contact, is_active, created_at, updated_at) VALUES ('6689022e9c52aedafb4ed02f9fde6748', 'PAT-2025-021', 'man5', 23, 'male', '34634366356', '', '', '', 1, '2025-08-31 12:26:28', '2025-08-31 12:26:28');
INSERT INTO patients (id, patient_id, name, age, gender, phone, address, email, emergency_contact, is_active, created_at, updated_at) VALUES ('fdd8de115ef81cf32bae39ee0f045e9a', 'PAT-2025-022', 'man7', 65, 'male', '454554554', '', '', '', 1, '2025-08-31 13:30:32', '2025-08-31 13:30:32');
INSERT INTO patients (id, patient_id, name, age, gender, phone, address, email, emergency_contact, is_active, created_at, updated_at) VALUES ('8e4a4b7f9896752fc6335dc0ae203ed0', 'PAT-2025-023', 'Manan Singh', 12, 'male', '24873294873894', '', '', '', 1, '2025-08-31 14:20:49', '2025-09-01T14:21:00.207Z');
INSERT INTO patients (id, patient_id, name, age, gender, phone, address, email, emergency_contact, is_active, created_at, updated_at) VALUES ('8e482369bd27098a426a158c95141c8d', 'PAT-2025-024', 'Manan23', 23, 'female', '23432432434', '', '', '', 1, '2025-08-31 14:21:49', '2025-08-31 14:21:49');
INSERT INTO patients (id, patient_id, name, age, gender, phone, address, email, emergency_contact, is_active, created_at, updated_at) VALUES ('5a680c6bdb19d4c6bc8b5e07cdc98ca1', 'PAT-2025-025', 'Shoeb Khan', 33, 'male', '8989079251', '', '', '', 1, '2025-09-01 18:24:10', '2025-09-01 18:24:10');
INSERT INTO patients (id, patient_id, name, age, gender, phone, address, email, emergency_contact, is_active, created_at, updated_at) VALUES ('acc2ec9fa9eb891ff459f92aa9a83026', 'PAT-2025-026', 'Rajesh Maravi', 34, 'male', '8817064911', '', '', '', 1, '2025-09-01 18:25:25', '2025-09-01 18:25:25');
INSERT INTO patients (id, patient_id, name, age, gender, phone, address, email, emergency_contact, is_active, created_at, updated_at) VALUES ('c36556301bc4cc3939a1113582c29068', 'PAT-2025-027', 'Narbad bai Dhurwey', 65, 'female', '8815709251', '', '', '', 1, '2025-09-01 18:29:31', '2025-09-01 18:29:31');
INSERT INTO patients (id, patient_id, name, age, gender, phone, address, email, emergency_contact, is_active, created_at, updated_at) VALUES ('5679dfc2e47babf82b35a807f6bba5d7', 'PAT-2025-028', 'Raju Yadav', 27, 'male', '7828124670', '', '', '', 1, '2025-09-01 18:30:47', '2025-09-01 18:30:47');
INSERT INTO patients (id, patient_id, name, age, gender, phone, address, email, emergency_contact, is_active, created_at, updated_at) VALUES ('060bd772fe3e53f6f9a21c4bf49b41df', 'PAT-2025-029', 'Besart Maravi', 46, 'male', '6269433481', '', '', '', 1, '2025-09-01 18:31:44', '2025-09-01 18:31:44');
INSERT INTO patients (id, patient_id, name, age, gender, phone, address, email, emergency_contact, is_active, created_at, updated_at) VALUES ('a5e395c12e0e18aa99f5eb8a03acad36', 'PAT-2025-030', 'Sargeeta Sahu', 35, 'female', '6265938199', '', '', '', 1, '2025-09-01 18:32:35', '2025-09-01 18:32:35');
INSERT INTO patients (id, patient_id, name, age, gender, phone, address, email, emergency_contact, is_active, created_at, updated_at) VALUES ('53a3cc1b3801e632d40fb466ab4e4083', 'PAT-2025-031', 'samiksha markam', 12, 'female', '2343423552', '', '', '', 1, '2025-09-01 18:34:50', '2025-09-01 18:34:50');
INSERT INTO patients (id, patient_id, name, age, gender, phone, address, email, emergency_contact, is_active, created_at, updated_at) VALUES ('f8cfe424f6436bcc8f440ca87621dcf2', 'PAT-2025-032', 'Dhamendra Yadav', 37, 'male', '34243242344', '', '', '', 1, '2025-09-01 18:35:41', '2025-09-01 18:35:41');
INSERT INTO patients (id, patient_id, name, age, gender, phone, address, email, emergency_contact, is_active, created_at, updated_at) VALUES ('d186bc723d504604059b28abadf3d8e5', 'PAT-2025-033', 'Marohar Singh', 65, 'male', '4234342343', '', '', '', 1, '2025-09-01 18:47:36', '2025-09-01 18:47:36');
INSERT INTO patients (id, patient_id, name, age, gender, phone, address, email, emergency_contact, is_active, created_at, updated_at) VALUES ('3c7e1ff1637ee78887d56c9abc9b5eb5', 'PAT-2025-034', 'Choukhay lal Warkhade', 65, 'male', '2343324343', '', '', '', 1, '2025-09-01 18:53:51', '2025-09-01 18:53:51');
INSERT INTO patients (id, patient_id, name, age, gender, phone, address, email, emergency_contact, is_active, created_at, updated_at) VALUES ('6dd47c5e3cdce44e85dadd50ac49c600', 'PAT-2025-035', 'Ashish Hardha', 43, 'male', '24334324324', '', '', '', 1, '2025-09-01 19:15:24', '2025-09-01T19:19:34.105Z');
INSERT INTO patients (id, patient_id, name, age, gender, phone, address, email, emergency_contact, is_active, created_at, updated_at) VALUES ('0ce3c4f0bdde4fbc310658075243c9fc', 'PAT-2025-036', 'Krishna Kumar Hardaha', 69, 'male', '3643489372', '', '', '', 1, '2025-09-01T19:17:28.243Z', '2025-09-01 19:17:28');
INSERT INTO patients (id, patient_id, name, age, gender, phone, address, email, emergency_contact, is_active, created_at, updated_at) VALUES ('597361c79623d673e9990e33daa157fa', 'PAT-2025-037', 'Phoolmati Uikey', 55, 'female', '2442443422', '', '', '', 1, '2025-09-02T00:50:09.011Z', '2025-09-01 19:20:09');
INSERT INTO patients (id, patient_id, name, age, gender, phone, address, email, emergency_contact, is_active, created_at, updated_at) VALUES ('3eca153d5b05de4cfc25d5f5b44c6e3a', 'PAT-2025-038', 'anan', 23, 'male', '442344', '', '', '', 1, '2025-09-02T01:28:16.416Z', '2025-09-01 19:58:16');
INSERT INTO patients (id, patient_id, name, age, gender, phone, address, email, emergency_contact, is_active, created_at, updated_at) VALUES ('b616784beaafe0430628da7542b6ba5a', 'PAT-2025-039', 'Mahin Solanki', 23, 'male', '3243434342', '', '', '', 1, '2025-09-02T11:29:33.282Z', '2025-09-02 05:59:33');
INSERT INTO patients (id, patient_id, name, age, gender, phone, address, email, emergency_contact, is_active, created_at, updated_at) VALUES ('a3ec4d043d10f8498fe2fe2ac7bd4f8d', 'PAT-2025-040', 'MananTest', 12, 'male', '2434242343', '', '', '', 1, '2025-09-02T11:48:50.392Z', '2025-09-02 06:18:50');
INSERT INTO patients (id, patient_id, name, age, gender, phone, address, email, emergency_contact, is_active, created_at, updated_at) VALUES ('22d525238cb5b2d6b5de06c957bb08b2', 'PAT-2025-041', 'ManTest', 12, 'female', 'ey3894937', '', '', '', 1, '2025-09-02T11:53:54.941Z', '2025-09-02 06:23:54');
INSERT INTO patients (id, patient_id, name, age, gender, phone, address, email, emergency_contact, is_active, created_at, updated_at) VALUES ('26d0cb0b5596088c80db389b24f22c0b', 'PAT-2025-042', 'Womentest', 12, 'female', '423525234', '', '', '', 1, '2025-09-02T11:55:30.649Z', '2025-09-02 06:25:30');
INSERT INTO patients (id, patient_id, name, age, gender, phone, address, email, emergency_contact, is_active, created_at, updated_at) VALUES ('22db7f2a9da62cf7ea461a73aeb6a331', 'PAT-2025-043', 'TESTTEEST', 23, 'male', '45354535544', '', '', '', 1, '2025-09-02T13:39:38.070Z', '2025-09-02 08:09:38');
INSERT INTO patients (id, patient_id, name, age, gender, phone, address, email, emergency_contact, is_active, created_at, updated_at) VALUES ('d381854beeeca1af89910c17dd506b2d', 'PAT-2025-044', 'manpls', 42, 'male', '43243432223', '', '', '', 1, '2025-09-02T13:49:29.581Z', '2025-09-02 08:19:29');
INSERT INTO patients (id, patient_id, name, age, gender, phone, address, email, emergency_contact, is_active, created_at, updated_at) VALUES ('b5f82d266401aa73d94831a87ad960ed', 'PAT-2025-045', 'plslpsl', 32, 'male', '3124224324', '', '', '', 1, '2025-09-02T13:57:34.390Z', '2025-09-02 08:27:34');
INSERT INTO patients (id, patient_id, name, age, gender, phone, address, email, emergency_contact, is_active, created_at, updated_at) VALUES ('a5c9c60492283a5f4435e56343ed745d', 'PAT-2025-046', 'correcttime?', 21, 'female', '13331323', '', '', '', 1, '2025-09-02T14:16:43.057Z', '2025-09-02 08:46:43');
INSERT INTO patients (id, patient_id, name, age, gender, phone, address, email, emergency_contact, is_active, created_at, updated_at) VALUES ('10695de3cb048c81db5fd51e45ac877f', 'PAT-2025-047', 'finaltimetest', 23, 'male', '23244324432', '', '', '', 1, '2025-09-02T14:22:10.715Z', '2025-09-02 08:52:10');
INSERT INTO patients (id, patient_id, name, age, gender, phone, address, email, emergency_contact, is_active, created_at, updated_at) VALUES ('e359dc35f2860628edb14ac376670777', 'PAT-2025-048', 'testoncemore', 23, 'male', '343224234324', '', '', '', 1, '2025-09-02T18:45:37.223Z', '2025-09-02 13:15:37');
INSERT INTO patients (id, patient_id, name, age, gender, phone, address, email, emergency_contact, is_active, created_at, updated_at) VALUES ('f1e4a881da91843c35bc4f60f8cd3628', 'PAT-2025-049', 'amnnk', 32, 'male', '42344324322', '', '', '', 1, '2025-09-02T23:57:22.503Z', '2025-09-02 18:27:22');
INSERT INTO patients (id, patient_id, name, age, gender, phone, address, email, emergency_contact, is_active, created_at, updated_at) VALUES ('7ef76d14a868b296f29070df5df65925', 'PAT-2025-050', 'ManS', 21, 'male', '234234324', '', '', '', 1, '2025-09-03T00:05:56.585Z', '2025-09-02 18:35:56');
INSERT INTO patients (id, patient_id, name, age, gender, phone, address, email, emergency_contact, is_active, created_at, updated_at) VALUES ('6433a23edac0278ff42daf73c3f66a67', 'PAT-2025-051', 'testdoctorharddeletion', 44, 'female', '234423442', '', '', '', 1, '2025-09-03T15:36:09.096Z', '2025-09-03 10:06:09');
INSERT INTO patients (id, patient_id, name, age, gender, phone, address, email, emergency_contact, is_active, created_at, updated_at) VALUES ('dea92b974cc822aa4cdfbf958848f560', 'PAT-2025-052', 'TestAdmit1', 21, 'male', '12312321', '', '', '', 1, '2025-09-04T03:13:03.718Z', '2025-09-03T21:44:40.703Z');
INSERT INTO patients (id, patient_id, name, age, gender, phone, address, email, emergency_contact, is_active, created_at, updated_at) VALUES ('f043628eef58f7878f1429ee0c75ecfd', 'PAT-2025-053', 'TestAdmit2', 22, 'male', '3432423424', '', '', '', 1, '2025-09-04T03:14:33.976Z', '2025-09-03 21:44:33');
INSERT INTO patients (id, patient_id, name, age, gender, phone, address, email, emergency_contact, is_active, created_at, updated_at) VALUES ('b4659b4a53fc8e7810a67d3b2c6bd371', 'PAT-2025-054', 'TestAdmit3', 34, 'male', '2342343242', '', '', '', 1, '2025-09-04T06:29:40.504Z', '2025-09-04 00:59:40');
INSERT INTO patients (id, patient_id, name, age, gender, phone, address, email, emergency_contact, is_active, created_at, updated_at) VALUES ('8cc3c42c2363dfe90ada2309036ca820', 'PAT-2025-055', 'TestAdmi4', 44, 'female', '3424234235', '', '', '', 1, '2025-09-04T11:11:34.451Z', '2025-09-04 05:41:34');
INSERT INTO patients (id, patient_id, name, age, gender, phone, address, email, emergency_contact, is_active, created_at, updated_at) VALUES ('6ca2988d9bbc6d50cd9797f4ada416c6', 'PAT-2025-056', 'maann', 21, 'male', '4341423232', '', '', '', 1, '2025-09-04T12:14:03.821Z', '2025-09-04 06:44:03');

-- Table: services
DELETE FROM services;
INSERT INTO services (id, name, category, price, description, is_active, created_at, updated_at) VALUES ('6bf366c647300623c59ac7ff7d2abc12', 'X-Ray', 'diagnostics', 500, '', 1, '2025-08-23 12:02:56', '2025-08-23 12:02:56');
INSERT INTO services (id, name, category, price, description, is_active, created_at, updated_at) VALUES ('f769e4c322d2efcf0b9f93744d06db9a', 'X-Ray - 2', 'diagnostics', 800, '', 1, '2025-08-23 12:03:16', '2025-08-23 12:03:16');
INSERT INTO services (id, name, category, price, description, is_active, created_at, updated_at) VALUES ('af99bc5b5f862a125a4a2c5ffe85da1f', 'Nebulization', 'procedures', 50, '', 1, '2025-08-23 12:05:44', '2025-08-23 12:05:44');
INSERT INTO services (id, name, category, price, description, is_active, created_at, updated_at) VALUES ('cc365cf80fb2bd8895d07a28a673f87a', 'Tapping', 'procedures', 1500, '', 1, '2025-08-23 12:06:30', '2025-08-23 12:06:30');
INSERT INTO services (id, name, category, price, description, is_active, created_at, updated_at) VALUES ('289a870c6421c0bb42b40bd456c80d5e', 'Enema', 'procedures', 100, '', 1, '2025-08-23 12:17:19', '2025-08-23 12:17:19');
INSERT INTO services (id, name, category, price, description, is_active, created_at, updated_at) VALUES ('5783d31298cf8d845f4385556e603cae', 'Catheterization', 'procedures', 500, '', 1, '2025-08-23 12:19:05', '2025-08-23 12:19:05');
INSERT INTO services (id, name, category, price, description, is_active, created_at, updated_at) VALUES ('6efba208b3ccf8a451962853194648e5', 'Medical Fitness', 'procedures', 1000, '', 1, '2025-08-23 12:19:21', '2025-08-23 12:19:21');
INSERT INTO services (id, name, category, price, description, is_active, created_at, updated_at) VALUES ('bea1600c95925a94db1688ee5de96a7d', 'Oxygen', 'procedures', 100, '', 1, '2025-08-23 12:19:58', '2025-08-23 12:19:58');
INSERT INTO services (id, name, category, price, description, is_active, created_at, updated_at) VALUES ('364073bd899d6990a5ad476e3ea5cdec', 'USG', 'diagnostics', 1000, '', 1, '2025-08-24 04:21:00', '2025-08-24 04:21:00');
INSERT INTO services (id, name, category, price, description, is_active, created_at, updated_at) VALUES ('b8195a3e807fb78e533b182aec15e976', 'ECG', 'diagnostics', 200, '', 1, '2025-08-24 20:44:51', '2025-08-24 20:44:51');
INSERT INTO services (id, name, category, price, description, is_active, created_at, updated_at) VALUES ('520c4710efb60e537a3352d7684b1a05', 'Ambulance', 'misc', 0, '', 1, '2025-08-24 20:53:38', '2025-08-24 20:53:38');

-- Table: pathology_orders
DELETE FROM pathology_orders;
INSERT INTO pathology_orders (id, order_id, patient_id, visit_id, doctor_id, status, ordered_date, collected_date, report_date, remarks, total_price, created_at, updated_at, receipt_number) VALUES ('db03d75f72383998a64a06cbbebb23bc', 'LAB-2025-001', '0728f70605672699f3525e3bae548d6b', NULL, NULL, 'ordered', '2025-08-23', NULL, NULL, '', 1600, '2025-08-23 03:10:01', '2025-08-23 03:10:01', NULL);
INSERT INTO pathology_orders (id, order_id, patient_id, visit_id, doctor_id, status, ordered_date, collected_date, report_date, remarks, total_price, created_at, updated_at, receipt_number) VALUES ('ce4d0b3b7f76e09e0abf5196d8d4acaf', 'LAB-2025-002', '0728f70605672699f3525e3bae548d6b', NULL, NULL, 'ordered', '2025-08-23', NULL, NULL, '', 700, '2025-08-23 03:12:10', '2025-08-23 03:12:10', NULL);
INSERT INTO pathology_orders (id, order_id, patient_id, visit_id, doctor_id, status, ordered_date, collected_date, report_date, remarks, total_price, created_at, updated_at, receipt_number) VALUES ('8c002d7d9fbac62b6781bc798cf92177', 'LAB-2025-003', '0728f70605672699f3525e3bae548d6b', NULL, NULL, 'ordered', '2025-08-23', NULL, NULL, '', 500, '2025-08-23 03:20:00', '2025-08-23 03:20:00', NULL);
INSERT INTO pathology_orders (id, order_id, patient_id, visit_id, doctor_id, status, ordered_date, collected_date, report_date, remarks, total_price, created_at, updated_at, receipt_number) VALUES ('8a634068ca0c5630e4f9378c9ff8a27d', 'LAB-2025-004', '3cae64d54afee015e3f202549cd5d852', NULL, '8a5d3fa53165827b7afbadc2cdeaf97b', 'ordered', '2025-08-25', NULL, NULL, '', 200, '2025-08-24 20:48:06', '2025-08-24 20:48:06', NULL);
INSERT INTO pathology_orders (id, order_id, patient_id, visit_id, doctor_id, status, ordered_date, collected_date, report_date, remarks, total_price, created_at, updated_at, receipt_number) VALUES ('10eec729a2533f180e1526b11aac113f', 'LAB-2025-005', '943d00ccd6bbebd287eab818d220ca67', NULL, NULL, 'ordered', '2025-08-25', NULL, NULL, '', 1000, '2025-08-24 21:56:41', '2025-08-24 21:56:41', NULL);
INSERT INTO pathology_orders (id, order_id, patient_id, visit_id, doctor_id, status, ordered_date, collected_date, report_date, remarks, total_price, created_at, updated_at, receipt_number) VALUES ('8ee8940daa8a201922115d5c590a6e50', 'LAB-2025-006', 'b2e6b51111f3ddeb2c341ff4059e9990', NULL, NULL, 'ordered', '2025-08-25', NULL, NULL, '', 750, '2025-08-25 09:30:21', '2025-08-25 09:30:21', NULL);
INSERT INTO pathology_orders (id, order_id, patient_id, visit_id, doctor_id, status, ordered_date, collected_date, report_date, remarks, total_price, created_at, updated_at, receipt_number) VALUES ('d3f4c076f41ff1c2bdc8cba30dd8e557', 'LAB-2025-007', 'b2e6b51111f3ddeb2c341ff4059e9990', NULL, NULL, 'ordered', '2025-08-25', NULL, NULL, '', 150, '2025-08-25 09:53:06', '2025-08-25 09:53:06', NULL);
INSERT INTO pathology_orders (id, order_id, patient_id, visit_id, doctor_id, status, ordered_date, collected_date, report_date, remarks, total_price, created_at, updated_at, receipt_number) VALUES ('5e2edbd4b8aa1a699adb0ac66af41312', 'LAB-2025-008', 'b2e6b51111f3ddeb2c341ff4059e9990', NULL, '8a5d3fa53165827b7afbadc2cdeaf97b', 'ordered', '2025-08-25', NULL, NULL, '', 560, '2025-08-25 09:54:07', '2025-08-25 09:54:07', NULL);
INSERT INTO pathology_orders (id, order_id, patient_id, visit_id, doctor_id, status, ordered_date, collected_date, report_date, remarks, total_price, created_at, updated_at, receipt_number) VALUES ('d6a3d5f2e4fa00205220dd4b0d85a7bd', 'LAB-2025-009', '553e88102b23c6f7bd48ad7f03417a96', NULL, '8a5d3fa53165827b7afbadc2cdeaf97b', 'ordered', '2025-08-25', NULL, NULL, '', 2600, '2025-08-25 12:04:13', '2025-08-25 12:04:13', NULL);
INSERT INTO pathology_orders (id, order_id, patient_id, visit_id, doctor_id, status, ordered_date, collected_date, report_date, remarks, total_price, created_at, updated_at, receipt_number) VALUES ('069f39ed2d3bf5d44bf7aee20e7827cf', 'LAB-2025-010', 'a02be052a1eb8b53d2bd4963ae9e30aa', NULL, NULL, 'ordered', '2025-08-26', NULL, NULL, '', 2150, '2025-08-26 13:23:59', '2025-08-26 13:23:59', NULL);
INSERT INTO pathology_orders (id, order_id, patient_id, visit_id, doctor_id, status, ordered_date, collected_date, report_date, remarks, total_price, created_at, updated_at, receipt_number) VALUES ('6f5c589b927182cbc75200d845995402', 'LAB-2025-011', 'ba50ec1ee71a4a3bddb346e8f6aa8fa6', NULL, NULL, 'ordered', '2025-08-29', NULL, NULL, '', 1600, '2025-08-28 19:17:41', '2025-08-28 19:17:41', NULL);
INSERT INTO pathology_orders (id, order_id, patient_id, visit_id, doctor_id, status, ordered_date, collected_date, report_date, remarks, total_price, created_at, updated_at, receipt_number) VALUES ('663f2bc9dcf023f5358b73e64d8815d8', 'LAB-2025-012', 'c4b735850d56a0d59a328f35e972e7d8', NULL, NULL, 'ordered', '2025-08-29', NULL, NULL, '', 850, '2025-08-28 19:25:27', '2025-08-28 19:25:27', NULL);
INSERT INTO pathology_orders (id, order_id, patient_id, visit_id, doctor_id, status, ordered_date, collected_date, report_date, remarks, total_price, created_at, updated_at, receipt_number) VALUES ('fbf058483126da6a23c09225d18fe54d', 'LAB-2025-013', '99f9a4b60fb56c2db70c958a30636063', NULL, NULL, 'ordered', '2025-08-31', NULL, NULL, '', 850, '2025-08-31 11:35:45', '2025-08-31 11:35:45', NULL);
INSERT INTO pathology_orders (id, order_id, patient_id, visit_id, doctor_id, status, ordered_date, collected_date, report_date, remarks, total_price, created_at, updated_at, receipt_number) VALUES ('9d003285bc73e5e79c18da85ce702de9', 'LAB-2025-014', '99f9a4b60fb56c2db70c958a30636063', NULL, NULL, 'ordered', '2025-08-31', NULL, NULL, '', 850, '2025-08-31 11:36:01', '2025-08-31 11:36:01', NULL);
INSERT INTO pathology_orders (id, order_id, patient_id, visit_id, doctor_id, status, ordered_date, collected_date, report_date, remarks, total_price, created_at, updated_at, receipt_number) VALUES ('ff5be0668fb16115dee00edf83c634a9', 'LAB-2025-015', '7008ccd58e817294ae4402ce3c2cfd81', NULL, NULL, 'ordered', '2025-08-31', NULL, NULL, '', 850, '2025-08-31 11:37:02', '2025-08-31 11:37:02', NULL);
INSERT INTO pathology_orders (id, order_id, patient_id, visit_id, doctor_id, status, ordered_date, collected_date, report_date, remarks, total_price, created_at, updated_at, receipt_number) VALUES ('97dce2300320052f289535e6c0dea394', 'LAB-2025-016', '111b47095570f64589b62754ecb60558', NULL, NULL, 'ordered', '2025-08-31', NULL, NULL, '', 750, '2025-08-31 11:37:38', '2025-08-31 11:37:38', NULL);
INSERT INTO pathology_orders (id, order_id, patient_id, visit_id, doctor_id, status, ordered_date, collected_date, report_date, remarks, total_price, created_at, updated_at, receipt_number) VALUES ('5b453e17b40e0099180862ca9b37ca8a', 'LAB-2025-017', '111b47095570f64589b62754ecb60558', NULL, NULL, 'ordered', '2025-08-31', NULL, NULL, '', 300, '2025-08-31 12:00:13', '2025-08-31 12:00:13', '0005');
INSERT INTO pathology_orders (id, order_id, patient_id, visit_id, doctor_id, status, ordered_date, collected_date, report_date, remarks, total_price, created_at, updated_at, receipt_number) VALUES ('65cb01fefe41cfe1288f28a4e514dc81', 'LAB-2025-018', '111b47095570f64589b62754ecb60558', NULL, NULL, 'ordered', '2025-08-31', NULL, NULL, '', 600, '2025-08-31 12:00:27', '2025-08-31 12:00:27', '0006');
INSERT INTO pathology_orders (id, order_id, patient_id, visit_id, doctor_id, status, ordered_date, collected_date, report_date, remarks, total_price, created_at, updated_at, receipt_number) VALUES ('c320b72d0543af654b0e07b0a4b1c99c', 'LAB-2025-019', '111b47095570f64589b62754ecb60558', NULL, NULL, 'ordered', '2025-08-31', NULL, NULL, '', 700, '2025-08-31 12:04:35', '2025-08-31 12:04:35', '250831-PAT-0007');
INSERT INTO pathology_orders (id, order_id, patient_id, visit_id, doctor_id, status, ordered_date, collected_date, report_date, remarks, total_price, created_at, updated_at, receipt_number) VALUES ('e934bf0898e89796f589d6cb311dc7e7', 'LAB-2025-020', 'bf4d14d688dc259fffaffd8cbdd5f7ad', NULL, NULL, 'ordered', '2025-08-31', NULL, NULL, '', 700, '2025-08-31 12:14:22', '2025-08-31 12:14:22', '250831-PAT-0008');
INSERT INTO pathology_orders (id, order_id, patient_id, visit_id, doctor_id, status, ordered_date, collected_date, report_date, remarks, total_price, created_at, updated_at, receipt_number) VALUES ('d5f49c102ec51b5f20138388988b3f0d', 'LAB-2025-021', 'bf4d14d688dc259fffaffd8cbdd5f7ad', NULL, NULL, 'ordered', '2025-08-31', NULL, NULL, '', 700, '2025-08-31 12:16:59', '2025-08-31 12:16:59', '250831-PAT-0009');
INSERT INTO pathology_orders (id, order_id, patient_id, visit_id, doctor_id, status, ordered_date, collected_date, report_date, remarks, total_price, created_at, updated_at, receipt_number) VALUES ('a9a88ead25c82c4e7e07570d984bbd61', 'LAB-2025-022', 'bf4d14d688dc259fffaffd8cbdd5f7ad', NULL, NULL, 'ordered', '2025-08-31', NULL, NULL, '', 850, '2025-08-31 12:23:45', '2025-08-31 12:23:45', '250831-PAT-0010');
INSERT INTO pathology_orders (id, order_id, patient_id, visit_id, doctor_id, status, ordered_date, collected_date, report_date, remarks, total_price, created_at, updated_at, receipt_number) VALUES ('ecaac171edb5e155ef4bbcfa7eba61db', 'LAB-2025-023', 'fdd8de115ef81cf32bae39ee0f045e9a', NULL, NULL, 'ordered', '2025-08-31', NULL, NULL, '', 600, '2025-08-31 13:31:17', '2025-08-31 13:31:17', '250831-PAT-0011');
INSERT INTO pathology_orders (id, order_id, patient_id, visit_id, doctor_id, status, ordered_date, collected_date, report_date, remarks, total_price, created_at, updated_at, receipt_number) VALUES ('e08d61905f85b57b11e4c57e48b3bb37', 'LAB-2025-024', 'fdd8de115ef81cf32bae39ee0f045e9a', NULL, '8a5d3fa53165827b7afbadc2cdeaf97b', 'completed', '2025-08-31', NULL, NULL, '', 150, '2025-08-31 17:28:33', '2025-09-02T19:50:03.454Z', '250831-PAT-0012');
INSERT INTO pathology_orders (id, order_id, patient_id, visit_id, doctor_id, status, ordered_date, collected_date, report_date, remarks, total_price, created_at, updated_at, receipt_number) VALUES ('19e76d7f691e22ed4a8b7b852bd5d3de', 'LAB-2025-025', '22db7f2a9da62cf7ea461a73aeb6a331', NULL, NULL, 'processing', '2025-09-02', NULL, NULL, '', 1000, '2025-09-02 08:13:47', '2025-09-02T19:49:58.429Z', '250902-PAT-0001');
INSERT INTO pathology_orders (id, order_id, patient_id, visit_id, doctor_id, status, ordered_date, collected_date, report_date, remarks, total_price, created_at, updated_at, receipt_number) VALUES ('5d5b90b8b8d926580977ede797bc4d4b', 'LAB-2025-026', '7ef76d14a868b296f29070df5df65925', NULL, NULL, 'collected', '2025-09-03', NULL, NULL, '', 700, '2025-09-02 19:27:12', '2025-09-02T19:49:52.043Z', '250903-PAT-0001');
INSERT INTO pathology_orders (id, order_id, patient_id, visit_id, doctor_id, status, ordered_date, collected_date, report_date, remarks, total_price, created_at, updated_at, receipt_number) VALUES ('cd3b9defc1388e88b7ee6c53c706eda3', 'LAB-2025-027', '6433a23edac0278ff42daf73c3f66a67', NULL, NULL, 'completed', '2025-09-03', NULL, NULL, '', 850, '2025-09-03 10:06:31', '2025-09-03T10:11:46.040Z', '250903-PAT-0002');

-- Table: pathology_tests
DELETE FROM pathology_tests;
INSERT INTO pathology_tests (id, order_id, test_name, test_category, status, results, normal_range, price, created_at, updated_at) VALUES ('60a179342d74d05a360ff600af503579', 'db03d75f72383998a64a06cbbebb23bc', 'Bilirubin', 'Biochemistry', 'ordered', NULL, NULL, 150, '2025-08-23 03:10:01', '2025-08-23 03:10:01');
INSERT INTO pathology_tests (id, order_id, test_name, test_category, status, results, normal_range, price, created_at, updated_at) VALUES ('0407ddf13171dcbda92f092ce14e0622', 'db03d75f72383998a64a06cbbebb23bc', 'Uric Acid', 'Biochemistry', 'ordered', NULL, NULL, 200, '2025-08-23 03:10:01', '2025-08-23 03:10:01');
INSERT INTO pathology_tests (id, order_id, test_name, test_category, status, results, normal_range, price, created_at, updated_at) VALUES ('562593932db85a59612c9d96b729e495', 'db03d75f72383998a64a06cbbebb23bc', 'Lipid Profile', 'Biochemistry', 'ordered', NULL, NULL, 600, '2025-08-23 03:10:01', '2025-08-23 03:10:01');
INSERT INTO pathology_tests (id, order_id, test_name, test_category, status, results, normal_range, price, created_at, updated_at) VALUES ('e33265453a63af3a565844410637e5a2', 'db03d75f72383998a64a06cbbebb23bc', 'RFT (Renal Function Test)', 'Biochemistry', 'ordered', NULL, NULL, 350, '2025-08-23 03:10:01', '2025-08-23 03:10:01');
INSERT INTO pathology_tests (id, order_id, test_name, test_category, status, results, normal_range, price, created_at, updated_at) VALUES ('72d6748cbb23277d7ea0e010668a7856', 'db03d75f72383998a64a06cbbebb23bc', 'CBC (Complete Blood Count)', 'Hematology', 'ordered', NULL, NULL, 300, '2025-08-23 03:10:01', '2025-08-23 03:10:01');
INSERT INTO pathology_tests (id, order_id, test_name, test_category, status, results, normal_range, price, created_at, updated_at) VALUES ('2290504a5e3332ddfffa9a65c1254c5b', 'ce4d0b3b7f76e09e0abf5196d8d4acaf', 'Amylase', 'Biochemistry', 'ordered', NULL, NULL, 700, '2025-08-23 03:12:10', '2025-08-23 03:12:10');
INSERT INTO pathology_tests (id, order_id, test_name, test_category, status, results, normal_range, price, created_at, updated_at) VALUES ('dc31e0cdebccd8be085c5248ac85b936', '8c002d7d9fbac62b6781bc798cf92177', 'Folic Acid', 'Biochemistry', 'ordered', NULL, NULL, 500, '2025-08-23 03:20:00', '2025-08-23 03:20:00');
INSERT INTO pathology_tests (id, order_id, test_name, test_category, status, results, normal_range, price, created_at, updated_at) VALUES ('8332775bda27387c64b9d2233adb3f6f', '8a634068ca0c5630e4f9378c9ff8a27d', 'Serum Calcium', 'Biochemistry', 'ordered', NULL, NULL, 200, '2025-08-24 20:48:06', '2025-08-24 20:48:06');
INSERT INTO pathology_tests (id, order_id, test_name, test_category, status, results, normal_range, price, created_at, updated_at) VALUES ('bb108406464dec19ac42268589ee7e8d', '10eec729a2533f180e1526b11aac113f', 'Amylase', 'Biochemistry', 'ordered', NULL, NULL, 700, '2025-08-24 21:56:41', '2025-08-24 21:56:41');
INSERT INTO pathology_tests (id, order_id, test_name, test_category, status, results, normal_range, price, created_at, updated_at) VALUES ('da21e4af04b0d501e1a251aa2afed884', '10eec729a2533f180e1526b11aac113f', 'Blood Urea', 'Biochemistry', 'ordered', NULL, NULL, 150, '2025-08-24 21:56:41', '2025-08-24 21:56:41');
INSERT INTO pathology_tests (id, order_id, test_name, test_category, status, results, normal_range, price, created_at, updated_at) VALUES ('f39961737c9a87faf428cb9a02084a74', '10eec729a2533f180e1526b11aac113f', 'Bilirubin', 'Biochemistry', 'ordered', NULL, NULL, 150, '2025-08-24 21:56:41', '2025-08-24 21:56:41');
INSERT INTO pathology_tests (id, order_id, test_name, test_category, status, results, normal_range, price, created_at, updated_at) VALUES ('474927d6549fe9c675f25ab832e4c86e', '8ee8940daa8a201922115d5c590a6e50', 'Bilirubin', 'Biochemistry', 'ordered', NULL, NULL, 150, '2025-08-25 09:30:21', '2025-08-25 09:30:21');
INSERT INTO pathology_tests (id, order_id, test_name, test_category, status, results, normal_range, price, created_at, updated_at) VALUES ('e11b84f3d1b7ab321f27973a8ea0406c', '8ee8940daa8a201922115d5c590a6e50', 'Blood Urea', 'Biochemistry', 'ordered', NULL, NULL, 150, '2025-08-25 09:30:21', '2025-08-25 09:30:21');
INSERT INTO pathology_tests (id, order_id, test_name, test_category, status, results, normal_range, price, created_at, updated_at) VALUES ('f3da90e38ceade09f43e265c94fafc1a', '8ee8940daa8a201922115d5c590a6e50', 'HbA1c', 'Biochemistry', 'ordered', NULL, NULL, 450, '2025-08-25 09:30:21', '2025-08-25 09:30:21');
INSERT INTO pathology_tests (id, order_id, test_name, test_category, status, results, normal_range, price, created_at, updated_at) VALUES ('27fae6d5a02a4d56c02ca05f777f9646', 'd3f4c076f41ff1c2bdc8cba30dd8e557', 'Bilirubin', 'Biochemistry', 'ordered', NULL, NULL, 150, '2025-08-25 09:53:06', '2025-08-25 09:53:06');
INSERT INTO pathology_tests (id, order_id, test_name, test_category, status, results, normal_range, price, created_at, updated_at) VALUES ('28b3b289e9a3df6addd58c5842be1042', '5e2edbd4b8aa1a699adb0ac66af41312', 'VDRL (Venereal Disease Research Laboratory)', 'Microbiology', 'ordered', NULL, NULL, 200, '2025-08-25 09:54:07', '2025-08-25 09:54:07');
INSERT INTO pathology_tests (id, order_id, test_name, test_category, status, results, normal_range, price, created_at, updated_at) VALUES ('4af0f727a6d884a8804c6cb1a0f48f6e', '5e2edbd4b8aa1a699adb0ac66af41312', 'Widal Test', 'Microbiology', 'ordered', NULL, NULL, 80, '2025-08-25 09:54:07', '2025-08-25 09:54:07');
INSERT INTO pathology_tests (id, order_id, test_name, test_category, status, results, normal_range, price, created_at, updated_at) VALUES ('00474c73e8b503753377c56d65684d17', '5e2edbd4b8aa1a699adb0ac66af41312', 'PS for MP Test (Peripheral Smear for Malaria Parasite)', 'Microbiology', 'ordered', NULL, NULL, 80, '2025-08-25 09:54:07', '2025-08-25 09:54:07');
INSERT INTO pathology_tests (id, order_id, test_name, test_category, status, results, normal_range, price, created_at, updated_at) VALUES ('ed5711cc5fdd456f78847f1069e5bc92', '5e2edbd4b8aa1a699adb0ac66af41312', 'MT (Mantoux Test)', 'Microbiology', 'ordered', NULL, NULL, 200, '2025-08-25 09:54:07', '2025-08-25 09:54:07');
INSERT INTO pathology_tests (id, order_id, test_name, test_category, status, results, normal_range, price, created_at, updated_at) VALUES ('ad7a8a3a0770988409235235700955e5', 'd6a3d5f2e4fa00205220dd4b0d85a7bd', 'CA125', 'Endocrinology', 'ordered', NULL, NULL, 1400, '2025-08-25 12:04:13', '2025-08-25 12:04:13');
INSERT INTO pathology_tests (id, order_id, test_name, test_category, status, results, normal_range, price, created_at, updated_at) VALUES ('3837cc58e17e496fab7d78ac417c572b', 'd6a3d5f2e4fa00205220dd4b0d85a7bd', 'FSH (Follicle-Stimulating Hormone)', 'Endocrinology', 'ordered', NULL, NULL, 450, '2025-08-25 12:04:13', '2025-08-25 12:04:13');
INSERT INTO pathology_tests (id, order_id, test_name, test_category, status, results, normal_range, price, created_at, updated_at) VALUES ('defdee0ddbe271c9c73e01fe37ac553d', 'd6a3d5f2e4fa00205220dd4b0d85a7bd', 'LH (Luteinizing Hormone)', 'Endocrinology', 'ordered', NULL, NULL, 450, '2025-08-25 12:04:13', '2025-08-25 12:04:13');
INSERT INTO pathology_tests (id, order_id, test_name, test_category, status, results, normal_range, price, created_at, updated_at) VALUES ('a189f771206f37a863d7c3cffe618126', 'd6a3d5f2e4fa00205220dd4b0d85a7bd', 'CBC (Complete Blood Count)', 'Hematology', 'ordered', NULL, NULL, 300, '2025-08-25 12:04:13', '2025-08-25 12:04:13');
INSERT INTO pathology_tests (id, order_id, test_name, test_category, status, results, normal_range, price, created_at, updated_at) VALUES ('7f03f7f260e27ccc7613728ba0393c73', '069f39ed2d3bf5d44bf7aee20e7827cf', 'Amylase', 'Biochemistry', 'ordered', NULL, NULL, 700, '2025-08-26 13:23:59', '2025-08-26 13:23:59');
INSERT INTO pathology_tests (id, order_id, test_name, test_category, status, results, normal_range, price, created_at, updated_at) VALUES ('c052c1ddfb896870836b56f8b91a2c32', '069f39ed2d3bf5d44bf7aee20e7827cf', 'Bilirubin', 'Biochemistry', 'ordered', NULL, NULL, 150, '2025-08-26 13:23:59', '2025-08-26 13:23:59');
INSERT INTO pathology_tests (id, order_id, test_name, test_category, status, results, normal_range, price, created_at, updated_at) VALUES ('5c87e32573d5f7f3e8a954462584c7b1', '069f39ed2d3bf5d44bf7aee20e7827cf', 'Folic Acid', 'Biochemistry', 'ordered', NULL, NULL, 500, '2025-08-26 13:23:59', '2025-08-26 13:23:59');
INSERT INTO pathology_tests (id, order_id, test_name, test_category, status, results, normal_range, price, created_at, updated_at) VALUES ('ad39f922ebd61b0366d9840697c39a98', '069f39ed2d3bf5d44bf7aee20e7827cf', 'G6PD', 'Biochemistry', 'ordered', NULL, NULL, 800, '2025-08-26 13:23:59', '2025-08-26 13:23:59');
INSERT INTO pathology_tests (id, order_id, test_name, test_category, status, results, normal_range, price, created_at, updated_at) VALUES ('1a1f786af20d971c7e6a7a25b2c6ac38', '6f5c589b927182cbc75200d845995402', 'Amylase', 'Biochemistry', 'ordered', NULL, NULL, 700, '2025-08-28 19:17:41', '2025-08-28 19:17:41');
INSERT INTO pathology_tests (id, order_id, test_name, test_category, status, results, normal_range, price, created_at, updated_at) VALUES ('5a9f83546b52d853c08de8f260623653', '6f5c589b927182cbc75200d845995402', 'Bilirubin', 'Biochemistry', 'ordered', NULL, NULL, 150, '2025-08-28 19:17:41', '2025-08-28 19:17:41');
INSERT INTO pathology_tests (id, order_id, test_name, test_category, status, results, normal_range, price, created_at, updated_at) VALUES ('2717d36eddc007bbe7c0dfae867d77df', '6f5c589b927182cbc75200d845995402', 'Blood Urea', 'Biochemistry', 'ordered', NULL, NULL, 150, '2025-08-28 19:17:41', '2025-08-28 19:17:41');
INSERT INTO pathology_tests (id, order_id, test_name, test_category, status, results, normal_range, price, created_at, updated_at) VALUES ('7ebab828cc825e27ff3ac6061be7c00a', '6f5c589b927182cbc75200d845995402', 'CRP (C-Reactive Protein)', 'Biochemistry', 'ordered', NULL, NULL, 600, '2025-08-28 19:17:41', '2025-08-28 19:17:41');
INSERT INTO pathology_tests (id, order_id, test_name, test_category, status, results, normal_range, price, created_at, updated_at) VALUES ('b65dae8f4645910792a7cd58df49eea4', '663f2bc9dcf023f5358b73e64d8815d8', 'Amylase', 'Biochemistry', 'ordered', NULL, NULL, 700, '2025-08-28 19:25:27', '2025-08-28 19:25:27');
INSERT INTO pathology_tests (id, order_id, test_name, test_category, status, results, normal_range, price, created_at, updated_at) VALUES ('bd822dff2dd338cce588d2a674eb6679', '663f2bc9dcf023f5358b73e64d8815d8', 'Bilirubin', 'Biochemistry', 'ordered', NULL, NULL, 150, '2025-08-28 19:25:27', '2025-08-28 19:25:27');
INSERT INTO pathology_tests (id, order_id, test_name, test_category, status, results, normal_range, price, created_at, updated_at) VALUES ('355406d33373d6e7d6838dabe33f1bf4', 'fbf058483126da6a23c09225d18fe54d', 'Amylase', 'Biochemistry', 'ordered', NULL, NULL, 700, '2025-08-31 11:35:45', '2025-08-31 11:35:45');
INSERT INTO pathology_tests (id, order_id, test_name, test_category, status, results, normal_range, price, created_at, updated_at) VALUES ('364bd9315e3194c285a5a9d01999efdd', 'fbf058483126da6a23c09225d18fe54d', 'Bilirubin', 'Biochemistry', 'ordered', NULL, NULL, 150, '2025-08-31 11:35:45', '2025-08-31 11:35:45');
INSERT INTO pathology_tests (id, order_id, test_name, test_category, status, results, normal_range, price, created_at, updated_at) VALUES ('2b6e2e3b4613f2f241f19a9f9b191376', '9d003285bc73e5e79c18da85ce702de9', 'Amylase', 'Biochemistry', 'ordered', NULL, NULL, 700, '2025-08-31 11:36:01', '2025-08-31 11:36:01');
INSERT INTO pathology_tests (id, order_id, test_name, test_category, status, results, normal_range, price, created_at, updated_at) VALUES ('d3a8e9707bdd357dde7c7c6e22344f52', '9d003285bc73e5e79c18da85ce702de9', 'Blood Urea', 'Biochemistry', 'ordered', NULL, NULL, 150, '2025-08-31 11:36:01', '2025-08-31 11:36:01');
INSERT INTO pathology_tests (id, order_id, test_name, test_category, status, results, normal_range, price, created_at, updated_at) VALUES ('a0222144ad2b4a488d4255abf08746c5', 'ff5be0668fb16115dee00edf83c634a9', 'Amylase', 'Biochemistry', 'ordered', NULL, NULL, 700, '2025-08-31 11:37:02', '2025-08-31 11:37:02');
INSERT INTO pathology_tests (id, order_id, test_name, test_category, status, results, normal_range, price, created_at, updated_at) VALUES ('38d5ff836ab567c05dd527ae9924a5e1', 'ff5be0668fb16115dee00edf83c634a9', 'Bilirubin', 'Biochemistry', 'ordered', NULL, NULL, 150, '2025-08-31 11:37:02', '2025-08-31 11:37:02');
INSERT INTO pathology_tests (id, order_id, test_name, test_category, status, results, normal_range, price, created_at, updated_at) VALUES ('01c0887b02df17790d745e80a1122308', '97dce2300320052f289535e6c0dea394', 'Blood Urea', 'Biochemistry', 'ordered', NULL, NULL, 150, '2025-08-31 11:37:38', '2025-08-31 11:37:38');
INSERT INTO pathology_tests (id, order_id, test_name, test_category, status, results, normal_range, price, created_at, updated_at) VALUES ('3849cbef003ab43938473275f321b596', '97dce2300320052f289535e6c0dea394', 'CRP (C-Reactive Protein)', 'Biochemistry', 'ordered', NULL, NULL, 600, '2025-08-31 11:37:38', '2025-08-31 11:37:38');
INSERT INTO pathology_tests (id, order_id, test_name, test_category, status, results, normal_range, price, created_at, updated_at) VALUES ('0b1e1ba442f284cba96dfacb12c64e3f', '5b453e17b40e0099180862ca9b37ca8a', 'Bilirubin', 'Biochemistry', 'ordered', NULL, NULL, 150, '2025-08-31 12:00:13', '2025-08-31 12:00:13');
INSERT INTO pathology_tests (id, order_id, test_name, test_category, status, results, normal_range, price, created_at, updated_at) VALUES ('0c9ca9dcc590199c26b064ddc84ed236', '5b453e17b40e0099180862ca9b37ca8a', 'Blood Urea', 'Biochemistry', 'ordered', NULL, NULL, 150, '2025-08-31 12:00:13', '2025-08-31 12:00:13');
INSERT INTO pathology_tests (id, order_id, test_name, test_category, status, results, normal_range, price, created_at, updated_at) VALUES ('8723dae65fe4b297ad04d0dd4d927a6a', '65cb01fefe41cfe1288f28a4e514dc81', 'CRP (C-Reactive Protein)', 'Biochemistry', 'ordered', NULL, NULL, 600, '2025-08-31 12:00:27', '2025-08-31 12:00:27');
INSERT INTO pathology_tests (id, order_id, test_name, test_category, status, results, normal_range, price, created_at, updated_at) VALUES ('f8656d7127afc4b4286a636edf082961', 'c320b72d0543af654b0e07b0a4b1c99c', 'Amylase', 'Biochemistry', 'ordered', NULL, NULL, 700, '2025-08-31 12:04:35', '2025-08-31 12:04:35');
INSERT INTO pathology_tests (id, order_id, test_name, test_category, status, results, normal_range, price, created_at, updated_at) VALUES ('fc41d5d7ed2449e0f6a431b28e55d474', 'e934bf0898e89796f589d6cb311dc7e7', 'Amylase', 'Biochemistry', 'ordered', NULL, NULL, 700, '2025-08-31 12:14:22', '2025-08-31 12:14:22');
INSERT INTO pathology_tests (id, order_id, test_name, test_category, status, results, normal_range, price, created_at, updated_at) VALUES ('e8b3401c83c9abbd9461ea94ee006001', 'd5f49c102ec51b5f20138388988b3f0d', 'Amylase', 'Biochemistry', 'ordered', NULL, NULL, 700, '2025-08-31 12:16:59', '2025-08-31 12:16:59');
INSERT INTO pathology_tests (id, order_id, test_name, test_category, status, results, normal_range, price, created_at, updated_at) VALUES ('4617dbd0df183dccb47cbe23c6307d96', 'a9a88ead25c82c4e7e07570d984bbd61', 'Amylase', 'Biochemistry', 'ordered', NULL, NULL, 700, '2025-08-31 12:23:45', '2025-08-31 12:23:45');
INSERT INTO pathology_tests (id, order_id, test_name, test_category, status, results, normal_range, price, created_at, updated_at) VALUES ('ba828b5874274f6ff9738f5db0095955', 'a9a88ead25c82c4e7e07570d984bbd61', 'Blood Urea', 'Biochemistry', 'ordered', NULL, NULL, 150, '2025-08-31 12:23:45', '2025-08-31 12:23:45');
INSERT INTO pathology_tests (id, order_id, test_name, test_category, status, results, normal_range, price, created_at, updated_at) VALUES ('8cbaf40b5b4b7f9ad6c462fb061af2ef', 'ecaac171edb5e155ef4bbcfa7eba61db', 'CRP (C-Reactive Protein)', 'Biochemistry', 'ordered', NULL, NULL, 600, '2025-08-31 13:31:17', '2025-08-31 13:31:17');
INSERT INTO pathology_tests (id, order_id, test_name, test_category, status, results, normal_range, price, created_at, updated_at) VALUES ('6b01e304072dac1f53e757cc9ffa034c', 'e08d61905f85b57b11e4c57e48b3bb37', 'Bilirubin', 'Biochemistry', 'ordered', NULL, NULL, 150, '2025-08-31 17:28:33', '2025-08-31 17:28:33');
INSERT INTO pathology_tests (id, order_id, test_name, test_category, status, results, normal_range, price, created_at, updated_at) VALUES ('eb6cbfdd22b8fc76c343c3ccfaf8a1c3', '19e76d7f691e22ed4a8b7b852bd5d3de', 'Amylase', 'Biochemistry', 'ordered', NULL, NULL, 700, '2025-09-02 08:13:47', '2025-09-02 08:13:47');
INSERT INTO pathology_tests (id, order_id, test_name, test_category, status, results, normal_range, price, created_at, updated_at) VALUES ('a1ed9ea780fb2807701b307da8b76822', '19e76d7f691e22ed4a8b7b852bd5d3de', 'Bilirubin', 'Biochemistry', 'ordered', NULL, NULL, 150, '2025-09-02 08:13:47', '2025-09-02 08:13:47');
INSERT INTO pathology_tests (id, order_id, test_name, test_category, status, results, normal_range, price, created_at, updated_at) VALUES ('7f6c75c074e81c6c35c8d31e67759689', '19e76d7f691e22ed4a8b7b852bd5d3de', 'Blood Urea', 'Biochemistry', 'ordered', NULL, NULL, 150, '2025-09-02 08:13:47', '2025-09-02 08:13:47');
INSERT INTO pathology_tests (id, order_id, test_name, test_category, status, results, normal_range, price, created_at, updated_at) VALUES ('27b080416865162d9417cd304250c68e', '5d5b90b8b8d926580977ede797bc4d4b', 'Amylase', 'Biochemistry', 'ordered', NULL, NULL, 700, '2025-09-02 19:27:12', '2025-09-02 19:27:12');
INSERT INTO pathology_tests (id, order_id, test_name, test_category, status, results, normal_range, price, created_at, updated_at) VALUES ('bc57526e13e41154b13cc1f20f7a7b5c', 'cd3b9defc1388e88b7ee6c53c706eda3', 'Amylase', 'Biochemistry', 'ordered', NULL, NULL, 700, '2025-09-03 10:06:31', '2025-09-03 10:06:31');
INSERT INTO pathology_tests (id, order_id, test_name, test_category, status, results, normal_range, price, created_at, updated_at) VALUES ('1c77bee19340656b1b1edb06f3ab0fbb', 'cd3b9defc1388e88b7ee6c53c706eda3', 'Bilirubin', 'Biochemistry', 'ordered', NULL, NULL, 150, '2025-09-03 10:06:31', '2025-09-03 10:06:31');

-- Table: patient_services
DELETE FROM patient_services;
INSERT INTO patient_services (id, service_id, patient_id, visit_id, doctor_id, service_type, service_name, status, scheduled_date, scheduled_time, completed_date, notes, price, created_at, updated_at, receipt_number) VALUES ('be026a11c15cc6eaacf3be1fbbc38403', 'SRV-1755892537315', 'dfabcb5d90b5d3181662f3071f399bda', NULL, NULL, 'opd', 'OPD Consultation', 'scheduled', '2025-08-22', '10:30', NULL, 'Regular checkup', 500, '2025-08-22 19:55:37', '2025-08-22 19:55:37', NULL);
INSERT INTO patient_services (id, service_id, patient_id, visit_id, doctor_id, service_type, service_name, status, scheduled_date, scheduled_time, completed_date, notes, price, created_at, updated_at, receipt_number) VALUES ('e6ef03be1eb9b065bd5948506a9369f5', 'SRV-1755892860694', 'dfabcb5d90b5d3181662f3071f399bda', NULL, NULL, 'opd', 'OPD Consultation', 'scheduled', '2025-08-22', '14:30', NULL, 'Follow-up consultation', 500, '2025-08-22 20:01:00', '2025-08-22 20:01:00', NULL);
INSERT INTO patient_services (id, service_id, patient_id, visit_id, doctor_id, service_type, service_name, status, scheduled_date, scheduled_time, completed_date, notes, price, created_at, updated_at, receipt_number) VALUES ('520ca4591e3813908467f8f0c269f771', 'SRV-1755893224778', '81c17bd3964e9370097e5717ac896b8e', NULL, NULL, 'opd', 'OPD Consultation', 'scheduled', '2025-08-22', '09:00', NULL, '', 500, '2025-08-22 20:07:04', '2025-08-22 20:07:04', NULL);
INSERT INTO patient_services (id, service_id, patient_id, visit_id, doctor_id, service_type, service_name, status, scheduled_date, scheduled_time, completed_date, notes, price, created_at, updated_at, receipt_number) VALUES ('87b5518b852dfc454ca12f60d87e08fc', 'SRV-1755893576912', '81c17bd3964e9370097e5717ac896b8e', NULL, '9b25e50ddf70456e460eec7c08cbc98a', 'opd', 'OPD Consultation', 'scheduled', '2025-08-23', '14:00', NULL, 'dsfds gsdfd', 444, '2025-08-22 20:12:56', '2025-08-22 20:12:56', NULL);
INSERT INTO patient_services (id, service_id, patient_id, visit_id, doctor_id, service_type, service_name, status, scheduled_date, scheduled_time, completed_date, notes, price, created_at, updated_at, receipt_number) VALUES ('6129b2722a8304ea392d38979be11cc7', 'SRV-1755893659810', '81c17bd3964e9370097e5717ac896b8e', NULL, '8a5d3fa53165827b7afbadc2cdeaf97b', 'opd', 'OPD Consultation', 'scheduled', '2025-08-23', '09:00', NULL, 'ddssd wdsd', 310, '2025-08-22 20:14:19', '2025-08-22 20:14:19', NULL);
INSERT INTO patient_services (id, service_id, patient_id, visit_id, doctor_id, service_type, service_name, status, scheduled_date, scheduled_time, completed_date, notes, price, created_at, updated_at, receipt_number) VALUES ('8c2494904f1704ca63cf64dbe8fdbf05', 'SRV-1755894736680', '81c17bd3964e9370097e5717ac896b8e', NULL, '8a5d3fa53165827b7afbadc2cdeaf97b', 'opd', 'OPD Consultation', 'scheduled', '2025-08-23', '02:01', NULL, '', 310, '2025-08-22 20:32:16', '2025-08-22 20:32:16', NULL);
INSERT INTO patient_services (id, service_id, patient_id, visit_id, doctor_id, service_type, service_name, status, scheduled_date, scheduled_time, completed_date, notes, price, created_at, updated_at, receipt_number) VALUES ('8f02bf8f6474a708545a9fedd17d8748', 'SRV-1755894928621', '0728f70605672699f3525e3bae548d6b', NULL, '8a5d3fa53165827b7afbadc2cdeaf97b', 'opd', 'OPD Consultation', 'scheduled', '2025-08-23', '02:05', NULL, 'ef f dfdf f fdfd', 310, '2025-08-22 20:35:28', '2025-08-22 20:35:28', NULL);
INSERT INTO patient_services (id, service_id, patient_id, visit_id, doctor_id, service_type, service_name, status, scheduled_date, scheduled_time, completed_date, notes, price, created_at, updated_at, receipt_number) VALUES ('0a4149ab8c31c0b9ff5466aca168e370', 'SRV-1755920219349', '81c17bd3964e9370097e5717ac896b8e', NULL, '8a5d3fa53165827b7afbadc2cdeaf97b', 'opd', 'OPD Consultation', 'scheduled', '2025-08-23', '09:06', NULL, '', 310, '2025-08-23 03:36:59', '2025-08-23 03:36:59', NULL);
INSERT INTO patient_services (id, service_id, patient_id, visit_id, doctor_id, service_type, service_name, status, scheduled_date, scheduled_time, completed_date, notes, price, created_at, updated_at, receipt_number) VALUES ('8af4672daedba7a6ef88ee1be9438c13', 'SRV-1755973318840', '2a624c5dc6529d3893ada1a46507573d', NULL, '8a5d3fa53165827b7afbadc2cdeaf97b', 'ca96a723238e50b118b796cbba5cf067', 'ECG', 'scheduled', '2025-08-23', '23:51', NULL, '', 200, '2025-08-23 18:21:58', '2025-08-23 18:21:58', NULL);
INSERT INTO patient_services (id, service_id, patient_id, visit_id, doctor_id, service_type, service_name, status, scheduled_date, scheduled_time, completed_date, notes, price, created_at, updated_at, receipt_number) VALUES ('a5bb211ca7962d5fe55614ce7d8c5aa6', 'SRV-1755973387026', '2a624c5dc6529d3893ada1a46507573d', NULL, '8a5d3fa53165827b7afbadc2cdeaf97b', 'f769e4c322d2efcf0b9f93744d06db9a', 'X-Ray - 2', 'scheduled', '2025-08-23', '23:52', NULL, '', 800, '2025-08-23 18:23:07', '2025-08-23 18:23:07', NULL);
INSERT INTO patient_services (id, service_id, patient_id, visit_id, doctor_id, service_type, service_name, status, scheduled_date, scheduled_time, completed_date, notes, price, created_at, updated_at, receipt_number) VALUES ('afa6c083b2b7bc123dc2926df3579f2a', 'SRV-1755973448216', '2a624c5dc6529d3893ada1a46507573d', NULL, '8a5d3fa53165827b7afbadc2cdeaf97b', 'opd', 'OPD Consultation', 'scheduled', '2025-08-23', '23:54', NULL, '', 310, '2025-08-23 18:24:08', '2025-08-23 18:24:08', NULL);
INSERT INTO patient_services (id, service_id, patient_id, visit_id, doctor_id, service_type, service_name, status, scheduled_date, scheduled_time, completed_date, notes, price, created_at, updated_at, receipt_number) VALUES ('3445b1ca293870a3373bebfdb6b8d13f', 'SRV-1755974531940', '2a624c5dc6529d3893ada1a46507573d', NULL, '8a5d3fa53165827b7afbadc2cdeaf97b', '7484e44f79f24b10728be0cb8a87e650', 'Ambulance', 'scheduled', '2025-08-24', '00:10', NULL, '', 1000, '2025-08-23 18:42:11', '2025-08-23 18:42:11', NULL);
INSERT INTO patient_services (id, service_id, patient_id, visit_id, doctor_id, service_type, service_name, status, scheduled_date, scheduled_time, completed_date, notes, price, created_at, updated_at, receipt_number) VALUES ('3d140bf1e86978ba7209b16cf93f970e', 'SRV-1755974551610', '2a624c5dc6529d3893ada1a46507573d', NULL, NULL, 'f88a2ea9d16c25e41e60ddff7d1d8cd7', 'USG', 'scheduled', '2025-08-24', '00:12', NULL, '', 1000, '2025-08-23 18:42:31', '2025-08-23 18:42:31', NULL);
INSERT INTO patient_services (id, service_id, patient_id, visit_id, doctor_id, service_type, service_name, status, scheduled_date, scheduled_time, completed_date, notes, price, created_at, updated_at, receipt_number) VALUES ('bde99809b88d7344a884a5440a33e543', 'SRV-1755974760007', '2a624c5dc6529d3893ada1a46507573d', NULL, '8a5d3fa53165827b7afbadc2cdeaf97b', '7484e44f79f24b10728be0cb8a87e650', 'Ambulance', 'scheduled', '2025-08-24', '00:12', NULL, '', 10000, '2025-08-23 18:46:00', '2025-08-23 18:46:00', NULL);
INSERT INTO patient_services (id, service_id, patient_id, visit_id, doctor_id, service_type, service_name, status, scheduled_date, scheduled_time, completed_date, notes, price, created_at, updated_at, receipt_number) VALUES ('845500120291e524f09eb1dcecded216', 'SRV-1755975225628', '2a624c5dc6529d3893ada1a46507573d', NULL, NULL, 'bcf6bf714dca3304c73097a32c12a82e', 'Blood Donation', 'scheduled', '2025-08-24', '00:23', NULL, '', 300, '2025-08-23 18:53:45', '2025-08-23 18:53:45', NULL);
INSERT INTO patient_services (id, service_id, patient_id, visit_id, doctor_id, service_type, service_name, status, scheduled_date, scheduled_time, completed_date, notes, price, created_at, updated_at, receipt_number) VALUES ('ff151234af8e83f4495ede270a9e77ef', 'SRV-1755975248994', '2a624c5dc6529d3893ada1a46507573d', NULL, NULL, '7484e44f79f24b10728be0cb8a87e650', 'Ambulance', 'scheduled', '2025-08-24', '00:23', NULL, '', 200, '2025-08-23 18:54:08', '2025-08-23 18:54:08', NULL);
INSERT INTO patient_services (id, service_id, patient_id, visit_id, doctor_id, service_type, service_name, status, scheduled_date, scheduled_time, completed_date, notes, price, created_at, updated_at, receipt_number) VALUES ('031231ee4c33a1617fd0436421e92f19', 'SRV-1755975413949', '2a624c5dc6529d3893ada1a46507573d', NULL, NULL, '7484e44f79f24b10728be0cb8a87e650', 'Ambulance', 'scheduled', '2025-08-24', '00:26', NULL, '', 0, '2025-08-23 18:56:53', '2025-08-23 18:56:53', NULL);
INSERT INTO patient_services (id, service_id, patient_id, visit_id, doctor_id, service_type, service_name, status, scheduled_date, scheduled_time, completed_date, notes, price, created_at, updated_at, receipt_number) VALUES ('00f6b5a1fbc9ccaaacdff482fd733caa', 'SRV-1756009467017', '2a624c5dc6529d3893ada1a46507573d', NULL, '8a5d3fa53165827b7afbadc2cdeaf97b', '7484e44f79f24b10728be0cb8a87e650', 'Ambulance', 'scheduled', '2025-08-24', '09:53', NULL, '', 0, '2025-08-24 04:24:27', '2025-08-24 04:24:27', NULL);
INSERT INTO patient_services (id, service_id, patient_id, visit_id, doctor_id, service_type, service_name, status, scheduled_date, scheduled_time, completed_date, notes, price, created_at, updated_at, receipt_number) VALUES ('575c9ddd4c6d673cd62db28732f8d932', 'SRV-1756009599433', '2a624c5dc6529d3893ada1a46507573d', NULL, NULL, '6bf366c647300623c59ac7ff7d2abc12', 'X-Ray', 'scheduled', '2025-08-24', '09:56', NULL, '', 500, '2025-08-24 04:26:39', '2025-08-24 04:26:39', NULL);
INSERT INTO patient_services (id, service_id, patient_id, visit_id, doctor_id, service_type, service_name, status, scheduled_date, scheduled_time, completed_date, notes, price, created_at, updated_at, receipt_number) VALUES ('7b70366ce83da1e46e404f5b3f579bc3', 'SRV-1756009616407', '2a624c5dc6529d3893ada1a46507573d', NULL, NULL, '7484e44f79f24b10728be0cb8a87e650', 'Ambulance', 'scheduled', '2025-08-24', '09:56', NULL, '', 2000, '2025-08-24 04:26:56', '2025-08-24 04:26:56', NULL);
INSERT INTO patient_services (id, service_id, patient_id, visit_id, doctor_id, service_type, service_name, status, scheduled_date, scheduled_time, completed_date, notes, price, created_at, updated_at, receipt_number) VALUES ('5ceba962b306e2fa3e9462747956f314', 'SRV-1756009658477', '2a624c5dc6529d3893ada1a46507573d', NULL, '8a5d3fa53165827b7afbadc2cdeaf97b', '7484e44f79f24b10728be0cb8a87e650', 'Ambulance', 'scheduled', '2025-08-24', '09:56', NULL, '', 1, '2025-08-24 04:27:38', '2025-08-24 04:27:38', NULL);
INSERT INTO patient_services (id, service_id, patient_id, visit_id, doctor_id, service_type, service_name, status, scheduled_date, scheduled_time, completed_date, notes, price, created_at, updated_at, receipt_number) VALUES ('de1a566c3718d49e6fd132e93dab6b9c', 'SRV-1756068453989', '3cae64d54afee015e3f202549cd5d852', NULL, '8a5d3fa53165827b7afbadc2cdeaf97b', 'opd', 'OPD Consultation', 'scheduled', '2025-08-25', '02:17', NULL, '', 310, '2025-08-24 20:47:33', '2025-08-24 20:47:33', NULL);
INSERT INTO patient_services (id, service_id, patient_id, visit_id, doctor_id, service_type, service_name, status, scheduled_date, scheduled_time, completed_date, notes, price, created_at, updated_at, receipt_number) VALUES ('0033ee45284aabfb25be1b9a3b876e7c', 'SRV-1756068510436', '3cae64d54afee015e3f202549cd5d852', NULL, '8a5d3fa53165827b7afbadc2cdeaf97b', 'af99bc5b5f862a125a4a2c5ffe85da1f', 'Nebulization', 'scheduled', '2025-08-25', '02:18', NULL, '', 50, '2025-08-24 20:48:30', '2025-08-24 20:48:30', NULL);
INSERT INTO patient_services (id, service_id, patient_id, visit_id, doctor_id, service_type, service_name, status, scheduled_date, scheduled_time, completed_date, notes, price, created_at, updated_at, receipt_number) VALUES ('5add020425be3054b4c3a45858ce49b0', 'SRV-1756068625686', '3cae64d54afee015e3f202549cd5d852', NULL, '8a5d3fa53165827b7afbadc2cdeaf97b', 'bea1600c95925a94db1688ee5de96a7d', 'Oxygen', 'scheduled', '2025-08-25', '02:20', NULL, '', 100, '2025-08-24 20:50:25', '2025-08-24 20:50:25', NULL);
INSERT INTO patient_services (id, service_id, patient_id, visit_id, doctor_id, service_type, service_name, status, scheduled_date, scheduled_time, completed_date, notes, price, created_at, updated_at, receipt_number) VALUES ('160a3f69372cf8b1ac747168f3c62470', 'SRV-1756068676902', '3cae64d54afee015e3f202549cd5d852', NULL, '8a5d3fa53165827b7afbadc2cdeaf97b', 'cc365cf80fb2bd8895d07a28a673f87a', 'Tapping', 'scheduled', '2025-08-25', '02:21', NULL, '', 1500, '2025-08-24 20:51:16', '2025-08-24 20:51:16', NULL);
INSERT INTO patient_services (id, service_id, patient_id, visit_id, doctor_id, service_type, service_name, status, scheduled_date, scheduled_time, completed_date, notes, price, created_at, updated_at, receipt_number) VALUES ('49b57140c26e02aea0038535dbe65efa', 'SRV-1756068687808', '3cae64d54afee015e3f202549cd5d852', NULL, '8a5d3fa53165827b7afbadc2cdeaf97b', 'f769e4c322d2efcf0b9f93744d06db9a', 'X-Ray - 2', 'scheduled', '2025-08-25', '02:21', NULL, '', 800, '2025-08-24 20:51:27', '2025-08-24 20:51:27', NULL);
INSERT INTO patient_services (id, service_id, patient_id, visit_id, doctor_id, service_type, service_name, status, scheduled_date, scheduled_time, completed_date, notes, price, created_at, updated_at, receipt_number) VALUES ('38cd8e9e92d500930712282819433cb5', 'SRV-1756068837524', '3cae64d54afee015e3f202549cd5d852', NULL, '8a5d3fa53165827b7afbadc2cdeaf97b', '520c4710efb60e537a3352d7684b1a05', 'Ambulance', 'scheduled', '2025-08-25', '02:23', NULL, '', 10000, '2025-08-24 20:53:57', '2025-08-24 20:53:57', NULL);
INSERT INTO patient_services (id, service_id, patient_id, visit_id, doctor_id, service_type, service_name, status, scheduled_date, scheduled_time, completed_date, notes, price, created_at, updated_at, receipt_number) VALUES ('5d329df91f02936eaa96dbf369f22418', 'SRV-1756072485026', '943d00ccd6bbebd287eab818d220ca67', NULL, '8a5d3fa53165827b7afbadc2cdeaf97b', 'opd', 'OPD Consultation', 'scheduled', '2025-08-25', '03:24', NULL, '', 310, '2025-08-24 21:54:45', '2025-08-24 21:54:45', NULL);
INSERT INTO patient_services (id, service_id, patient_id, visit_id, doctor_id, service_type, service_name, status, scheduled_date, scheduled_time, completed_date, notes, price, created_at, updated_at, receipt_number) VALUES ('d692e345305c7aa74faeea2abb1a0334', 'SRV-1756072572784', '943d00ccd6bbebd287eab818d220ca67', NULL, '8a5d3fa53165827b7afbadc2cdeaf97b', 'opd', 'OPD Consultation', 'scheduled', '2025-08-25', '03:26', NULL, '', 310, '2025-08-24 21:56:12', '2025-08-24 21:56:12', NULL);
INSERT INTO patient_services (id, service_id, patient_id, visit_id, doctor_id, service_type, service_name, status, scheduled_date, scheduled_time, completed_date, notes, price, created_at, updated_at, receipt_number) VALUES ('0a376ded47181c2066394c5c91398d9e', 'SRV-1756072670006', '943d00ccd6bbebd287eab818d220ca67', NULL, '8a5d3fa53165827b7afbadc2cdeaf97b', 'f769e4c322d2efcf0b9f93744d06db9a', 'X-Ray - 2', 'scheduled', '2025-08-25', '03:27', NULL, '', 800, '2025-08-24 21:57:50', '2025-08-24 21:57:50', NULL);
INSERT INTO patient_services (id, service_id, patient_id, visit_id, doctor_id, service_type, service_name, status, scheduled_date, scheduled_time, completed_date, notes, price, created_at, updated_at, receipt_number) VALUES ('b3b78b5aaeb86845bd931d13dda7ac39', 'SRV-1756074607880', '394d152a418054267667e6d197c2485f', NULL, '8a5d3fa53165827b7afbadc2cdeaf97b', 'opd', 'OPD Consultation', 'scheduled', '2025-08-25', '04:00', NULL, '', 310, '2025-08-24 22:30:07', '2025-08-24 22:30:07', NULL);
INSERT INTO patient_services (id, service_id, patient_id, visit_id, doctor_id, service_type, service_name, status, scheduled_date, scheduled_time, completed_date, notes, price, created_at, updated_at, receipt_number) VALUES ('1305cc7af19ea6fb0a5adf867ce54a3b', 'SRV-1756114159532', 'b2e6b51111f3ddeb2c341ff4059e9990', NULL, '8a5d3fa53165827b7afbadc2cdeaf97b', 'b8195a3e807fb78e533b182aec15e976', 'ECG', 'scheduled', '2025-08-25', '14:59', NULL, '', 200, '2025-08-25 09:29:19', '2025-08-25 09:29:19', NULL);
INSERT INTO patient_services (id, service_id, patient_id, visit_id, doctor_id, service_type, service_name, status, scheduled_date, scheduled_time, completed_date, notes, price, created_at, updated_at, receipt_number) VALUES ('b2bf22232c5e76f1c27f6ddadbd6189a', 'SRV-1756114172634', 'b2e6b51111f3ddeb2c341ff4059e9990', NULL, '8a5d3fa53165827b7afbadc2cdeaf97b', 'cc365cf80fb2bd8895d07a28a673f87a', 'Tapping', 'scheduled', '2025-08-25', '14:59', NULL, '', 1500, '2025-08-25 09:29:32', '2025-08-25 09:29:32', NULL);
INSERT INTO patient_services (id, service_id, patient_id, visit_id, doctor_id, service_type, service_name, status, scheduled_date, scheduled_time, completed_date, notes, price, created_at, updated_at, receipt_number) VALUES ('a330771b2640d48b58128a839459dc79', 'SRV-1756215148130', 'a02be052a1eb8b53d2bd4963ae9e30aa', NULL, NULL, 'opd', 'OPD Consultation', 'scheduled', '2025-08-26', '19:02', NULL, '', 500, '2025-08-26 13:32:28', '2025-08-26 13:32:28', NULL);
INSERT INTO patient_services (id, service_id, patient_id, visit_id, doctor_id, service_type, service_name, status, scheduled_date, scheduled_time, completed_date, notes, price, created_at, updated_at, receipt_number) VALUES ('6053f282242aab95b14fe09765decb26', 'SRV-1756408648993', 'ba50ec1ee71a4a3bddb346e8f6aa8fa6', NULL, '8a5d3fa53165827b7afbadc2cdeaf97b', 'opd', 'OPD Consultation', 'scheduled', '2025-08-29', '00:47', NULL, '', 310, '2025-08-28 19:17:28', '2025-08-28 19:17:28', NULL);
INSERT INTO patient_services (id, service_id, patient_id, visit_id, doctor_id, service_type, service_name, status, scheduled_date, scheduled_time, completed_date, notes, price, created_at, updated_at, receipt_number) VALUES ('e9e963dddbe2a0c234504dffee465079', 'SRV-1756408954789', 'c4b735850d56a0d59a328f35e972e7d8', NULL, '8a5d3fa53165827b7afbadc2cdeaf97b', 'opd', 'OPD Consultation', 'scheduled', '2025-08-29', '00:52', NULL, '', 310, '2025-08-28 19:22:34', '2025-08-28 19:22:34', NULL);
INSERT INTO patient_services (id, service_id, patient_id, visit_id, doctor_id, service_type, service_name, status, scheduled_date, scheduled_time, completed_date, notes, price, created_at, updated_at, receipt_number) VALUES ('fab880999dadf51f610c58e9709ac7c5', 'SRV-1756408970188', 'c4b735850d56a0d59a328f35e972e7d8', NULL, '8a5d3fa53165827b7afbadc2cdeaf97b', '364073bd899d6990a5ad476e3ea5cdec', 'USG', 'scheduled', '2025-08-29', '00:52', NULL, '', 1000, '2025-08-28 19:22:50', '2025-08-28 19:22:50', NULL);
INSERT INTO patient_services (id, service_id, patient_id, visit_id, doctor_id, service_type, service_name, status, scheduled_date, scheduled_time, completed_date, notes, price, created_at, updated_at, receipt_number) VALUES ('a56ecf9f2f6289d520f5e3e098cba779', 'SRV-1756409298014', 'c4b735850d56a0d59a328f35e972e7d8', NULL, NULL, 'bea1600c95925a94db1688ee5de96a7d', 'Oxygen', 'scheduled', '2025-08-29', '00:58', NULL, '', 100, '2025-08-28 19:28:18', '2025-08-28 19:28:18', NULL);
INSERT INTO patient_services (id, service_id, patient_id, visit_id, doctor_id, service_type, service_name, status, scheduled_date, scheduled_time, completed_date, notes, price, created_at, updated_at, receipt_number) VALUES ('9883226dea4a6698e9d2518e16bd384e', 'SRV-1756409326686', 'c4b735850d56a0d59a328f35e972e7d8', NULL, '9b25e50ddf70456e460eec7c08cbc98a', 'opd', 'OPD Consultation', 'scheduled', '2025-08-29', '00:58', NULL, '', 444, '2025-08-28 19:28:46', '2025-08-28 19:28:46', NULL);
INSERT INTO patient_services (id, service_id, patient_id, visit_id, doctor_id, service_type, service_name, status, scheduled_date, scheduled_time, completed_date, notes, price, created_at, updated_at, receipt_number) VALUES ('7e3d48498d32c0f48802d7e011bd4c04', 'SRV-1756409642284', 'c4b735850d56a0d59a328f35e972e7d8', NULL, NULL, '520c4710efb60e537a3352d7684b1a05', 'Ambulance', 'scheduled', '2025-08-29', '01:03', NULL, '', 5000, '2025-08-28 19:34:02', '2025-08-28 19:34:02', NULL);
INSERT INTO patient_services (id, service_id, patient_id, visit_id, doctor_id, service_type, service_name, status, scheduled_date, scheduled_time, completed_date, notes, price, created_at, updated_at, receipt_number) VALUES ('22984ffc4eb0464ca900f9a1043e25e1', 'SRV-1756581056958', '370ebf4bccacd9d107e17e86c16b8c22', NULL, '8a5d3fa53165827b7afbadc2cdeaf97b', 'opd', 'OPD Consultation', 'scheduled', '2025-08-31', '00:40', NULL, '', 310, '2025-08-30 19:10:56', '2025-08-30 19:10:56', NULL);
INSERT INTO patient_services (id, service_id, patient_id, visit_id, doctor_id, service_type, service_name, status, scheduled_date, scheduled_time, completed_date, notes, price, created_at, updated_at, receipt_number) VALUES ('5aaaf14cf4295b901f48844507008648', 'SRV-1756638038772', '99f9a4b60fb56c2db70c958a30636063', NULL, '8a5d3fa53165827b7afbadc2cdeaf97b', 'opd', 'OPD Consultation', 'scheduled', '2025-08-31', '16:30', NULL, '', 310, '2025-08-31 11:00:38', '2025-08-31 11:00:38', NULL);
INSERT INTO patient_services (id, service_id, patient_id, visit_id, doctor_id, service_type, service_name, status, scheduled_date, scheduled_time, completed_date, notes, price, created_at, updated_at, receipt_number) VALUES ('57319044160392af30753e6691384cc3', 'SRV-1756638070640', '99f9a4b60fb56c2db70c958a30636063', NULL, '8a5d3fa53165827b7afbadc2cdeaf97b', 'opd', 'OPD Consultation', 'scheduled', '2025-08-31', '16:31', NULL, '', 310, '2025-08-31 11:01:10', '2025-08-31 11:01:10', NULL);
INSERT INTO patient_services (id, service_id, patient_id, visit_id, doctor_id, service_type, service_name, status, scheduled_date, scheduled_time, completed_date, notes, price, created_at, updated_at, receipt_number) VALUES ('c5e9534f0b7759891f67bab9486f8d5f', 'SRV-1756638099892', '99f9a4b60fb56c2db70c958a30636063', NULL, '9b25e50ddf70456e460eec7c08cbc98a', 'opd', 'OPD Consultation', 'scheduled', '2025-08-31', '16:31', NULL, '', 444, '2025-08-31 11:01:39', '2025-08-31 11:01:39', NULL);
INSERT INTO patient_services (id, service_id, patient_id, visit_id, doctor_id, service_type, service_name, status, scheduled_date, scheduled_time, completed_date, notes, price, created_at, updated_at, receipt_number) VALUES ('2a300570fc4b7f71131ce7948f2c3f9e', 'SRV-1756640283184', '7008ccd58e817294ae4402ce3c2cfd81', NULL, '9b25e50ddf70456e460eec7c08cbc98a', 'opd', 'OPD Consultation', 'scheduled', '2025-08-31', '17:08', NULL, '', 444, '2025-08-31 11:38:03', '2025-08-31 11:38:03', NULL);
INSERT INTO patient_services (id, service_id, patient_id, visit_id, doctor_id, service_type, service_name, status, scheduled_date, scheduled_time, completed_date, notes, price, created_at, updated_at, receipt_number) VALUES ('dc6eb2feb93c124f2fb79d48b2d5fba3', 'SRV-1756643050516', 'bf4d14d688dc259fffaffd8cbdd5f7ad', NULL, '8a5d3fa53165827b7afbadc2cdeaf97b', 'opd', 'OPD Consultation', 'scheduled', '2025-08-31', '17:54', NULL, '', 310, '2025-08-31 12:24:10', '2025-08-31 12:24:10', 'OPD-20250831-0006');
INSERT INTO patient_services (id, service_id, patient_id, visit_id, doctor_id, service_type, service_name, status, scheduled_date, scheduled_time, completed_date, notes, price, created_at, updated_at, receipt_number) VALUES ('69fbe157f3f468e1daf5ca1fbf916c0d', 'SRV-1756643061780', 'bf4d14d688dc259fffaffd8cbdd5f7ad', NULL, '8a5d3fa53165827b7afbadc2cdeaf97b', 'opd', 'OPD Consultation', 'scheduled', '2025-08-31', '17:54', NULL, '', 310, '2025-08-31 12:24:21', '2025-08-31 12:24:21', 'OPD-20250831-0007');
INSERT INTO patient_services (id, service_id, patient_id, visit_id, doctor_id, service_type, service_name, status, scheduled_date, scheduled_time, completed_date, notes, price, created_at, updated_at, receipt_number) VALUES ('b04967d5be6c05034a93e36f46c45492', 'SRV-1756643165197', 'bf4d14d688dc259fffaffd8cbdd5f7ad', NULL, '8a5d3fa53165827b7afbadc2cdeaf97b', '289a870c6421c0bb42b40bd456c80d5e', 'Enema', 'scheduled', '2025-08-31', '17:55', NULL, '', 100, '2025-08-31 12:26:05', '2025-08-31 12:26:05', 'SERVICE-20250831-0001');
INSERT INTO patient_services (id, service_id, patient_id, visit_id, doctor_id, service_type, service_name, status, scheduled_date, scheduled_time, completed_date, notes, price, created_at, updated_at, receipt_number) VALUES ('96d8d07e99e19f4ae2ae5119f72d1244', 'SRV-1756643197669', '6689022e9c52aedafb4ed02f9fde6748', NULL, '8a5d3fa53165827b7afbadc2cdeaf97b', '364073bd899d6990a5ad476e3ea5cdec', 'USG', 'scheduled', '2025-08-31', '17:56', NULL, '', 1000, '2025-08-31 12:26:37', '2025-08-31 12:26:37', 'SERVICE-20250831-0002');
INSERT INTO patient_services (id, service_id, patient_id, visit_id, doctor_id, service_type, service_name, status, scheduled_date, scheduled_time, completed_date, notes, price, created_at, updated_at, receipt_number) VALUES ('cfbb04ccf80f4862916958387d1435e4', 'SRV-1756647041296', 'fdd8de115ef81cf32bae39ee0f045e9a', NULL, '8a5d3fa53165827b7afbadc2cdeaf97b', 'opd', 'OPD Consultation', 'scheduled', '2025-08-31', '19:00', NULL, '', 310, '2025-08-31 13:30:41', '2025-08-31 13:30:41', '250831-OPD-0008');
INSERT INTO patient_services (id, service_id, patient_id, visit_id, doctor_id, service_type, service_name, status, scheduled_date, scheduled_time, completed_date, notes, price, created_at, updated_at, receipt_number) VALUES ('f1e21948d7daec137885c66cda0f9fa1', 'SRV-1756647056112', 'fdd8de115ef81cf32bae39ee0f045e9a', NULL, '9b25e50ddf70456e460eec7c08cbc98a', 'opd', 'OPD Consultation', 'scheduled', '2025-08-31', '19:00', NULL, '', 444, '2025-08-31 13:30:56', '2025-08-31 13:30:56', '250831-OPD-0009');
INSERT INTO patient_services (id, service_id, patient_id, visit_id, doctor_id, service_type, service_name, status, scheduled_date, scheduled_time, completed_date, notes, price, created_at, updated_at, receipt_number) VALUES ('5e32fbd8cfd5dcab6392be2b7058e8d2', 'SRV-1756647216032', 'fdd8de115ef81cf32bae39ee0f045e9a', NULL, '8a5d3fa53165827b7afbadc2cdeaf97b', 'af99bc5b5f862a125a4a2c5ffe85da1f', 'Nebulization', 'scheduled', '2025-08-31', '19:03', NULL, '', 50, '2025-08-31 13:33:36', '2025-08-31 13:33:36', '250831-SER-0003');
INSERT INTO patient_services (id, service_id, patient_id, visit_id, doctor_id, service_type, service_name, status, scheduled_date, scheduled_time, completed_date, notes, price, created_at, updated_at, receipt_number) VALUES ('99b4adcbaaab4635eb572aee7f8b552e', 'SRV-1756661414408', '8e4a4b7f9896752fc6335dc0ae203ed0', NULL, '8a5d3fa53165827b7afbadc2cdeaf97b', 'opd', 'OPD Consultation', 'scheduled', '2025-08-31', '23:00', NULL, '', 310, '2025-08-31 17:30:14', '2025-08-31 17:30:14', '250831-OPD-0010');
INSERT INTO patient_services (id, service_id, patient_id, visit_id, doctor_id, service_type, service_name, status, scheduled_date, scheduled_time, completed_date, notes, price, created_at, updated_at, receipt_number) VALUES ('0ef31e9171389e5637ac1a1e72a0ee1d', 'SRV-1756750640473', '8e482369bd27098a426a158c95141c8d', NULL, '8a5d3fa53165827b7afbadc2cdeaf97b', 'opd', 'OPD Consultation', 'scheduled', '2025-09-01', '23:47', NULL, '', 310, '2025-09-01 18:17:20', '2025-09-01 18:17:20', '250901-OPD-0001');
INSERT INTO patient_services (id, service_id, patient_id, visit_id, doctor_id, service_type, service_name, status, scheduled_date, scheduled_time, completed_date, notes, price, created_at, updated_at, receipt_number) VALUES ('0bcb30990bf887eb0e9103f9ae8a5c11', 'SRV-1756751067598', '5a680c6bdb19d4c6bc8b5e07cdc98ca1', NULL, '8a5d3fa53165827b7afbadc2cdeaf97b', 'opd', 'OPD Consultation', 'scheduled', '2025-09-01', '23:54', NULL, '', 310, '2025-09-01 18:24:27', '2025-09-01 18:24:27', '250901-OPD-0002');
INSERT INTO patient_services (id, service_id, patient_id, visit_id, doctor_id, service_type, service_name, status, scheduled_date, scheduled_time, completed_date, notes, price, created_at, updated_at, receipt_number) VALUES ('affc09d3f0194ee07858251f9fe6ee9b', 'SRV-1756751131687', 'acc2ec9fa9eb891ff459f92aa9a83026', NULL, '8a5d3fa53165827b7afbadc2cdeaf97b', 'opd', 'OPD Consultation', 'scheduled', '2025-09-01', '23:55', NULL, '', 310, '2025-09-01 18:25:31', '2025-09-01 18:25:31', '250901-OPD-0003');
INSERT INTO patient_services (id, service_id, patient_id, visit_id, doctor_id, service_type, service_name, status, scheduled_date, scheduled_time, completed_date, notes, price, created_at, updated_at, receipt_number) VALUES ('94d17c7a02a7e65f715f5296f90e840e', 'SRV-1756751386987', 'c36556301bc4cc3939a1113582c29068', NULL, '8a5d3fa53165827b7afbadc2cdeaf97b', 'opd', 'OPD Consultation', 'scheduled', '2025-09-01', '23:59', NULL, '', 310, '2025-09-01 18:29:47', '2025-09-01 18:29:47', '250901-OPD-0004');
INSERT INTO patient_services (id, service_id, patient_id, visit_id, doctor_id, service_type, service_name, status, scheduled_date, scheduled_time, completed_date, notes, price, created_at, updated_at, receipt_number) VALUES ('1e931589f46ac946e17c175c15166143', 'SRV-1756751405835', 'c36556301bc4cc3939a1113582c29068', NULL, '8a5d3fa53165827b7afbadc2cdeaf97b', 'opd', 'OPD Consultation', 'scheduled', '2025-09-01', '23:59', NULL, '', 310, '2025-09-01 18:30:06', '2025-09-01 18:30:06', '250901-OPD-0005');
INSERT INTO patient_services (id, service_id, patient_id, visit_id, doctor_id, service_type, service_name, status, scheduled_date, scheduled_time, completed_date, notes, price, created_at, updated_at, receipt_number) VALUES ('24db166348d968495a010fb326176d28', 'SRV-1756751456459', '5679dfc2e47babf82b35a807f6bba5d7', NULL, '8a5d3fa53165827b7afbadc2cdeaf97b', 'opd', 'OPD Consultation', 'scheduled', '2025-09-02', '00:00', NULL, '', 310, '2025-09-01 18:30:56', '2025-09-01 18:30:56', '250902-OPD-0001');
INSERT INTO patient_services (id, service_id, patient_id, visit_id, doctor_id, service_type, service_name, status, scheduled_date, scheduled_time, completed_date, notes, price, created_at, updated_at, receipt_number) VALUES ('6cbf555abb183fe6b90af60d9f6b3acd', 'SRV-1756751513155', '060bd772fe3e53f6f9a21c4bf49b41df', NULL, '8a5d3fa53165827b7afbadc2cdeaf97b', 'opd', 'OPD Consultation', 'scheduled', '2025-09-02', '00:01', NULL, '', 310, '2025-09-01 18:31:53', '2025-09-01 18:31:53', '250902-OPD-0002');
INSERT INTO patient_services (id, service_id, patient_id, visit_id, doctor_id, service_type, service_name, status, scheduled_date, scheduled_time, completed_date, notes, price, created_at, updated_at, receipt_number) VALUES ('f4538cd6fdf90b5f5e83443ed8cfe959', 'SRV-1756751591155', 'a5e395c12e0e18aa99f5eb8a03acad36', NULL, '8a5d3fa53165827b7afbadc2cdeaf97b', 'opd', 'OPD Consultation', 'scheduled', '2025-09-02', '22:02', NULL, '', 310, '2025-09-01 18:33:11', '2025-09-01 18:33:11', '250902-OPD-0003');
INSERT INTO patient_services (id, service_id, patient_id, visit_id, doctor_id, service_type, service_name, status, scheduled_date, scheduled_time, completed_date, notes, price, created_at, updated_at, receipt_number) VALUES ('41701604f4e5b05fe9122718d5643b94', 'SRV-1756751695115', '53a3cc1b3801e632d40fb466ab4e4083', NULL, '8a5d3fa53165827b7afbadc2cdeaf97b', 'opd', 'OPD Consultation', 'scheduled', '2025-09-02', '00:04', NULL, '', 310, '2025-09-01 18:34:55', '2025-09-01 18:34:55', '250902-OPD-0004');
INSERT INTO patient_services (id, service_id, patient_id, visit_id, doctor_id, service_type, service_name, status, scheduled_date, scheduled_time, completed_date, notes, price, created_at, updated_at, receipt_number) VALUES ('6748faeb7cd7b5e5bafafddb6da7448b', 'SRV-1756751763178', 'f8cfe424f6436bcc8f440ca87621dcf2', NULL, '8a5d3fa53165827b7afbadc2cdeaf97b', 'opd', 'OPD Consultation', 'scheduled', '2025-09-01', '10:05', NULL, '', 310, '2025-09-01 18:36:03', '2025-09-01 18:36:03', '250901-OPD-0006');
INSERT INTO patient_services (id, service_id, patient_id, visit_id, doctor_id, service_type, service_name, status, scheduled_date, scheduled_time, completed_date, notes, price, created_at, updated_at, receipt_number) VALUES ('88ca8e4293dcebc44cfc37bfcaf96f6a', 'SRV-1756752471197', 'd186bc723d504604059b28abadf3d8e5', NULL, '8a5d3fa53165827b7afbadc2cdeaf97b', 'opd', 'OPD Consultation', 'scheduled', '2025-09-02', '00:17', NULL, '', 310, '2025-09-01 18:47:51', '2025-09-01 18:47:51', '250902-OPD-0005');
INSERT INTO patient_services (id, service_id, patient_id, visit_id, doctor_id, service_type, service_name, status, scheduled_date, scheduled_time, completed_date, notes, price, created_at, updated_at, receipt_number) VALUES ('891eaff54d3a1ee8442ed1be4602b80a', 'SRV-1756752533480', 'd186bc723d504604059b28abadf3d8e5', NULL, '8a5d3fa53165827b7afbadc2cdeaf97b', 'opd', 'OPD Consultation', 'scheduled', '2025-09-02', '00:18', NULL, '', 310, '2025-09-01 18:48:53', '2025-09-01 18:48:53', '250902-OPD-0006');
INSERT INTO patient_services (id, service_id, patient_id, visit_id, doctor_id, service_type, service_name, status, scheduled_date, scheduled_time, completed_date, notes, price, created_at, updated_at, receipt_number) VALUES ('3096b9e3d5f26d38b00e9b10197fe10f', 'SRV-1756752720402', 'd186bc723d504604059b28abadf3d8e5', NULL, '8a5d3fa53165827b7afbadc2cdeaf97b', 'opd', 'OPD Consultation', 'scheduled', '2025-09-02', '00:21', NULL, '', 310, '2025-09-01 18:52:00', '2025-09-01 18:52:00', '250902-OPD-0007');
INSERT INTO patient_services (id, service_id, patient_id, visit_id, doctor_id, service_type, service_name, status, scheduled_date, scheduled_time, completed_date, notes, price, created_at, updated_at, receipt_number) VALUES ('19a6103895d083a45ee34ef81f2c6781', 'SRV-1756752847146', '3c7e1ff1637ee78887d56c9abc9b5eb5', NULL, '8a5d3fa53165827b7afbadc2cdeaf97b', 'opd', 'OPD Consultation', 'scheduled', '2025-09-02', '00:24', NULL, '', 310, '2025-09-01 18:54:07', '2025-09-01 18:54:07', '250902-OPD-0008');
INSERT INTO patient_services (id, service_id, patient_id, visit_id, doctor_id, service_type, service_name, status, scheduled_date, scheduled_time, completed_date, notes, price, created_at, updated_at, receipt_number) VALUES ('7e0d42894a0f2687b7ee4969876f1afa', 'SRV-1756752984633', '3c7e1ff1637ee78887d56c9abc9b5eb5', NULL, '8a5d3fa53165827b7afbadc2cdeaf97b', 'opd', 'OPD Consultation', 'scheduled', '2025-09-02', '00:26', NULL, '', 310, '2025-09-01 18:56:24', '2025-09-01 18:56:24', '250902-OPD-0009');
INSERT INTO patient_services (id, service_id, patient_id, visit_id, doctor_id, service_type, service_name, status, scheduled_date, scheduled_time, completed_date, notes, price, created_at, updated_at, receipt_number) VALUES ('c503bc33b812ceda7129ef2b9a1a440c', 'SRV-1756754443325', '597361c79623d673e9990e33daa157fa', NULL, '8a5d3fa53165827b7afbadc2cdeaf97b', 'opd', 'OPD Consultation', 'scheduled', '2025-09-02', '00:50', NULL, '', 310, '2025-09-01 19:20:43', '2025-09-01 19:20:43', '250902-OPD-0010');
INSERT INTO patient_services (id, service_id, patient_id, visit_id, doctor_id, service_type, service_name, status, scheduled_date, scheduled_time, completed_date, notes, price, created_at, updated_at, receipt_number) VALUES ('c2740a328b1252734c1eaf96519fda93', 'SRV-1756756716478', '3eca153d5b05de4cfc25d5f5b44c6e3a', NULL, NULL, 'opd', 'OPD Consultation', 'scheduled', '2025-09-02', '01:28', NULL, '', 500, '2025-09-01 19:58:36', '2025-09-01 19:58:36', '250902-OPD-0011');
INSERT INTO patient_services (id, service_id, patient_id, visit_id, doctor_id, service_type, service_name, status, scheduled_date, scheduled_time, completed_date, notes, price, created_at, updated_at, receipt_number) VALUES ('339cf70232e1da869ea4c6f9c836d7a8', 'SRV-1756792659188', '3eca153d5b05de4cfc25d5f5b44c6e3a', NULL, '8a5d3fa53165827b7afbadc2cdeaf97b', 'opd', 'OPD Consultation', 'scheduled', '2025-09-02', '11:27', NULL, '', 310, '2025-09-02 05:57:39', '2025-09-02 05:57:39', '250902-OPD-0012');
INSERT INTO patient_services (id, service_id, patient_id, visit_id, doctor_id, service_type, service_name, status, scheduled_date, scheduled_time, completed_date, notes, price, created_at, updated_at, receipt_number) VALUES ('8922622d850d152efe2955ab8138779c', 'SRV-1756792786427', 'b616784beaafe0430628da7542b6ba5a', NULL, '8a5d3fa53165827b7afbadc2cdeaf97b', 'opd', 'OPD Consultation', 'scheduled', '2025-09-02', '11:29', NULL, '', 310, '2025-09-02 05:59:47', '2025-09-02 05:59:47', '250902-OPD-0013');
INSERT INTO patient_services (id, service_id, patient_id, visit_id, doctor_id, service_type, service_name, status, scheduled_date, scheduled_time, completed_date, notes, price, created_at, updated_at, receipt_number) VALUES ('9ba6ea5b88cdcddf89fa78715def75c3', 'SRV-1756792871355', 'b616784beaafe0430628da7542b6ba5a', NULL, NULL, 'opd', 'OPD Consultation', 'scheduled', '2025-09-02', '11:31', NULL, '', 500, '2025-09-02 06:01:11', '2025-09-02 06:01:11', '250902-OPD-0014');
INSERT INTO patient_services (id, service_id, patient_id, visit_id, doctor_id, service_type, service_name, status, scheduled_date, scheduled_time, completed_date, notes, price, created_at, updated_at, receipt_number) VALUES ('d9ea8ea855bf72ad4576be5cbcf52ef3', 'SRV-1756800819088', '22db7f2a9da62cf7ea461a73aeb6a331', NULL, '8a5d3fa53165827b7afbadc2cdeaf97b', 'opd', 'OPD Consultation', 'scheduled', '2025-09-02', '13:43', NULL, '', 310, '2025-09-02 08:13:39', '2025-09-02 08:13:39', '250902-OPD-0015');
INSERT INTO patient_services (id, service_id, patient_id, visit_id, doctor_id, service_type, service_name, status, scheduled_date, scheduled_time, completed_date, notes, price, created_at, updated_at, receipt_number) VALUES ('a30e1b78f7456149060084a6336bbde3', 'SRV-1756800841864', '22db7f2a9da62cf7ea461a73aeb6a331', NULL, NULL, 'af99bc5b5f862a125a4a2c5ffe85da1f', 'Nebulization', 'scheduled', '2025-09-02', '13:43', NULL, '', 50, '2025-09-02 08:14:02', '2025-09-02 08:14:02', '250902-SER-0001');
INSERT INTO patient_services (id, service_id, patient_id, visit_id, doctor_id, service_type, service_name, status, scheduled_date, scheduled_time, completed_date, notes, price, created_at, updated_at, receipt_number) VALUES ('a6b3a7d22b007fdf4737e46bac94ff49', 'SRV-1756825742714', 'e359dc35f2860628edb14ac376670777', NULL, '8a5d3fa53165827b7afbadc2cdeaf97b', 'opd', 'OPD Consultation', 'scheduled', '2025-09-02', '20:38', NULL, '', 310, '2025-09-02 15:09:02', '2025-09-02 15:09:02', '250902-OPD-0016');
INSERT INTO patient_services (id, service_id, patient_id, visit_id, doctor_id, service_type, service_name, status, scheduled_date, scheduled_time, completed_date, notes, price, created_at, updated_at, receipt_number) VALUES ('5a4501a5347c542eb422c47f1c07e8f8', 'SRV-1756825835891', 'e359dc35f2860628edb14ac376670777', NULL, '8a5d3fa53165827b7afbadc2cdeaf97b', 'af99bc5b5f862a125a4a2c5ffe85da1f', 'Nebulization', 'scheduled', '2025-09-02', '20:40', NULL, '', 50, '2025-09-02 15:10:35', '2025-09-02 15:10:35', '250902-SER-0002');
INSERT INTO patient_services (id, service_id, patient_id, visit_id, doctor_id, service_type, service_name, status, scheduled_date, scheduled_time, completed_date, notes, price, created_at, updated_at, receipt_number) VALUES ('f88bfef99c62ee703f9080fa4388d5a1', 'SRV-1756837669860', 'f1e4a881da91843c35bc4f60f8cd3628', NULL, '9b25e50ddf70456e460eec7c08cbc98a', 'opd', 'OPD Consultation', 'scheduled', '2025-09-02', '23:57', NULL, '', 444, '2025-09-02 18:27:49', '2025-09-02 18:27:49', '250902-OPD-0017');
INSERT INTO patient_services (id, service_id, patient_id, visit_id, doctor_id, service_type, service_name, status, scheduled_date, scheduled_time, completed_date, notes, price, created_at, updated_at, receipt_number) VALUES ('8e337b3e57be4e50fb644953afc50aa0', 'SRV-1756837851571', 'f1e4a881da91843c35bc4f60f8cd3628', NULL, '8a5d3fa53165827b7afbadc2cdeaf97b', 'opd', 'OPD Consultation', 'scheduled', '2025-09-03', '00:00', NULL, '', 310, '2025-09-02 18:30:51', '2025-09-02 18:30:51', '250903-OPD-0001');
INSERT INTO patient_services (id, service_id, patient_id, visit_id, doctor_id, service_type, service_name, status, scheduled_date, scheduled_time, completed_date, notes, price, created_at, updated_at, receipt_number) VALUES ('9a9df4572a2ca2384e00b4ad7d9f6967', 'SRV-1756838166970', '7ef76d14a868b296f29070df5df65925', NULL, '8a5d3fa53165827b7afbadc2cdeaf97b', 'opd', 'OPD Consultation', 'scheduled', '2025-09-03', '00:06', NULL, '', 310, '2025-09-02 18:36:07', '2025-09-02 18:36:07', '250903-OPD-0002');
INSERT INTO patient_services (id, service_id, patient_id, visit_id, doctor_id, service_type, service_name, status, scheduled_date, scheduled_time, completed_date, notes, price, created_at, updated_at, receipt_number) VALUES ('7fbb3c528096c699d66312bdee218e00', 'SRV-1756838639624', '7ef76d14a868b296f29070df5df65925', NULL, '8a5d3fa53165827b7afbadc2cdeaf97b', 'af99bc5b5f862a125a4a2c5ffe85da1f', 'Nebulization', 'scheduled', '2025-09-03', '00:13', NULL, '', 50, '2025-09-02 18:43:59', '2025-09-02 18:43:59', '250903-SER-0001');
INSERT INTO patient_services (id, service_id, patient_id, visit_id, doctor_id, service_type, service_name, status, scheduled_date, scheduled_time, completed_date, notes, price, created_at, updated_at, receipt_number) VALUES ('c54c036e1ed82b7c51c1144f232678a1', 'SRV-1756893985171', '6433a23edac0278ff42daf73c3f66a67', NULL, NULL, 'opd', 'OPD Consultation', 'scheduled', '2025-09-03', '15:36', NULL, 'TBD', 5000, '2025-09-03 10:06:24', '2025-09-03 10:06:24', '250903-OPD-0003');
INSERT INTO patient_services (id, service_id, patient_id, visit_id, doctor_id, service_type, service_name, status, scheduled_date, scheduled_time, completed_date, notes, price, created_at, updated_at, receipt_number) VALUES ('101135679135dcf485bcbce61d1d6ccd', 'SRV-1756894005153', '6433a23edac0278ff42daf73c3f66a67', NULL, NULL, '520c4710efb60e537a3352d7684b1a05', 'Ambulance', 'scheduled', '2025-09-03', '15:36', NULL, '', 1000, '2025-09-03 10:06:44', '2025-09-03 10:06:44', '250903-SER-0002');
INSERT INTO patient_services (id, service_id, patient_id, visit_id, doctor_id, service_type, service_name, status, scheduled_date, scheduled_time, completed_date, notes, price, created_at, updated_at, receipt_number) VALUES ('9a39f495c0ca3e2fbb3d41b641807b3d', 'SRV-1756967819857', '8cc3c42c2363dfe90ada2309036ca820', NULL, '9b25e50ddf70456e460eec7c08cbc98a', 'opd', 'OPD Consultation', 'scheduled', '2025-09-04', '12:06', NULL, '', 444, '2025-09-04 06:37:00', '2025-09-04 06:37:00', '250904-OPD-0001');

-- Table: admissions
DELETE FROM admissions;
INSERT INTO admissions (id, admission_id, patient_id, doctor_id, room_number, ward_type, admission_date, discharge_date, status, reason, diagnosis, notes, daily_cost, total_cost, initial_deposit, created_at, updated_at, additional_payments, current_room_id, current_ward_type, current_room_number, lastPaymentDate, total_discount, lastDiscountDate, lastDiscountAmount, lastDiscountReason, lastPaymentAmount, last_payment_date, last_discount_date, last_discount_amount, last_discount_reason, last_payment_amount) VALUES ('804ac350c062c370f2eeb689d9e88ec0', 'ADM-2025-001', '0728f70605672699f3525e3bae548d6b', '8a5d3fa53165827b7afbadc2cdeaf97b', NULL, 'icu', '2025-08-23', '2025-08-23T04:10:18.296Z', 'discharged', 'emergency', '', '', 1200, 0, 3500, '2025-08-23 03:25:41', '2025-08-23T04:10:18.312Z', 0, NULL, NULL, NULL, NULL, 0, NULL, 0, NULL, 0, NULL, NULL, 0, NULL, 0);
INSERT INTO admissions (id, admission_id, patient_id, doctor_id, room_number, ward_type, admission_date, discharge_date, status, reason, diagnosis, notes, daily_cost, total_cost, initial_deposit, created_at, updated_at, additional_payments, current_room_id, current_ward_type, current_room_number, lastPaymentDate, total_discount, lastDiscountDate, lastDiscountAmount, lastDiscountReason, lastPaymentAmount, last_payment_date, last_discount_date, last_discount_amount, last_discount_reason, last_payment_amount) VALUES ('cad8ab63092c6b598a1aa2611c3aa514', 'ADM-2025-002', '81c17bd3964e9370097e5717ac896b8e', '9b25e50ddf70456e460eec7c08cbc98a', NULL, 'private', '2025-08-23', '2025-08-23T03:34:39.687Z', 'discharged', 'cdfdf', '', '', 1000, 0, 3000, '2025-08-23 03:28:48', '2025-08-23T03:34:39.568Z', 0, NULL, NULL, NULL, NULL, 0, NULL, 0, NULL, 0, NULL, NULL, 0, NULL, 0);
INSERT INTO admissions (id, admission_id, patient_id, doctor_id, room_number, ward_type, admission_date, discharge_date, status, reason, diagnosis, notes, daily_cost, total_cost, initial_deposit, created_at, updated_at, additional_payments, current_room_id, current_ward_type, current_room_number, lastPaymentDate, total_discount, lastDiscountDate, lastDiscountAmount, lastDiscountReason, lastPaymentAmount, last_payment_date, last_discount_date, last_discount_amount, last_discount_reason, last_payment_amount) VALUES ('9e1d80b25dedca4f6cedc47eaf8cc9f2', 'ADM-2025-003', '81c17bd3964e9370097e5717ac896b8e', '8a5d3fa53165827b7afbadc2cdeaf97b', NULL, 'icu', '2025-08-23', '2025-08-23T03:45:39.048Z', 'discharged', 'efw', '', '', 1200, 0, 3000, '2025-08-23 03:44:47', '2025-08-23T03:45:38.982Z', 0, NULL, NULL, NULL, NULL, 0, NULL, 0, NULL, 0, NULL, NULL, 0, NULL, 0);
INSERT INTO admissions (id, admission_id, patient_id, doctor_id, room_number, ward_type, admission_date, discharge_date, status, reason, diagnosis, notes, daily_cost, total_cost, initial_deposit, created_at, updated_at, additional_payments, current_room_id, current_ward_type, current_room_number, lastPaymentDate, total_discount, lastDiscountDate, lastDiscountAmount, lastDiscountReason, lastPaymentAmount, last_payment_date, last_discount_date, last_discount_amount, last_discount_reason, last_payment_amount) VALUES ('cf165a5a10aef16618f35ca3577375d5', 'ADM-2025-004', '0728f70605672699f3525e3bae548d6b', '9b25e50ddf70456e460eec7c08cbc98a', 'GW', 'general', '2025-08-23', '2025-08-23T08:43:11.610Z', 'discharged', '', '', '', 1000, 0, 2000, '2025-08-23 04:10:50', '2025-08-23T08:43:11.881Z', 0, NULL, NULL, NULL, NULL, 0, NULL, 0, NULL, 0, NULL, NULL, 0, NULL, 0);
INSERT INTO admissions (id, admission_id, patient_id, doctor_id, room_number, ward_type, admission_date, discharge_date, status, reason, diagnosis, notes, daily_cost, total_cost, initial_deposit, created_at, updated_at, additional_payments, current_room_id, current_ward_type, current_room_number, lastPaymentDate, total_discount, lastDiscountDate, lastDiscountAmount, lastDiscountReason, lastPaymentAmount, last_payment_date, last_discount_date, last_discount_amount, last_discount_reason, last_payment_amount) VALUES ('c64261b9e8d9d20daf8fbcddfe6d016b', 'ADM-2025-005', '2a624c5dc6529d3893ada1a46507573d', '8a5d3fa53165827b7afbadc2cdeaf97b', NULL, 'private', '2025-08-23', '2025-08-23T09:28:40.272Z', 'discharged', '', '', '', 1400, 0, 3500, '2025-08-23 09:21:54', '2025-08-23T09:28:40.542Z', 0, NULL, NULL, NULL, NULL, 0, NULL, 0, NULL, 0, NULL, NULL, 0, NULL, 0);
INSERT INTO admissions (id, admission_id, patient_id, doctor_id, room_number, ward_type, admission_date, discharge_date, status, reason, diagnosis, notes, daily_cost, total_cost, initial_deposit, created_at, updated_at, additional_payments, current_room_id, current_ward_type, current_room_number, lastPaymentDate, total_discount, lastDiscountDate, lastDiscountAmount, lastDiscountReason, lastPaymentAmount, last_payment_date, last_discount_date, last_discount_amount, last_discount_reason, last_payment_amount) VALUES ('85f90b7214005abb11306159d837d158', 'ADM-2025-006', '2a624c5dc6529d3893ada1a46507573d', '8a5d3fa53165827b7afbadc2cdeaf97b', NULL, 'AC Room', '2025-08-23', '2025-08-23T12:56:25.020Z', 'discharged', '', '', '', 200, 0, 0, '2025-08-23 12:56:03', '2025-08-23T12:56:25.633Z', 0, NULL, NULL, NULL, NULL, 0, NULL, 0, NULL, 0, NULL, NULL, 0, NULL, 0);
INSERT INTO admissions (id, admission_id, patient_id, doctor_id, room_number, ward_type, admission_date, discharge_date, status, reason, diagnosis, notes, daily_cost, total_cost, initial_deposit, created_at, updated_at, additional_payments, current_room_id, current_ward_type, current_room_number, lastPaymentDate, total_discount, lastDiscountDate, lastDiscountAmount, lastDiscountReason, lastPaymentAmount, last_payment_date, last_discount_date, last_discount_amount, last_discount_reason, last_payment_amount) VALUES ('237a17b0ba527016334f881e1f47d88d', 'ADM-2025-007', '2a624c5dc6529d3893ada1a46507573d', '8a5d3fa53165827b7afbadc2cdeaf97b', NULL, 'General Ward', '2025-08-24', '2025-08-23T18:59:40.772Z', 'discharged', '', '', '', 600, 0, 0, '2025-08-23 18:59:36', '2025-08-23T18:59:40.167Z', 0, NULL, NULL, NULL, NULL, 0, NULL, 0, NULL, 0, NULL, NULL, 0, NULL, 0);
INSERT INTO admissions (id, admission_id, patient_id, doctor_id, room_number, ward_type, admission_date, discharge_date, status, reason, diagnosis, notes, daily_cost, total_cost, initial_deposit, created_at, updated_at, additional_payments, current_room_id, current_ward_type, current_room_number, lastPaymentDate, total_discount, lastDiscountDate, lastDiscountAmount, lastDiscountReason, lastPaymentAmount, last_payment_date, last_discount_date, last_discount_amount, last_discount_reason, last_payment_amount) VALUES ('a9da5101aac9e59eb5db3a2f40bc44ac', 'ADM-2025-008', '2a624c5dc6529d3893ada1a46507573d', '8a5d3fa53165827b7afbadc2cdeaf97b', NULL, 'Private Room', '2025-08-24', '2025-08-24T16:54:47.993Z', 'discharged', '', '', '', 1400, 0, 0, '2025-08-24 16:53:09', '2025-08-24T16:54:48.197Z', 0, NULL, NULL, NULL, NULL, 0, NULL, 0, NULL, 0, NULL, NULL, 0, NULL, 0);
INSERT INTO admissions (id, admission_id, patient_id, doctor_id, room_number, ward_type, admission_date, discharge_date, status, reason, diagnosis, notes, daily_cost, total_cost, initial_deposit, created_at, updated_at, additional_payments, current_room_id, current_ward_type, current_room_number, lastPaymentDate, total_discount, lastDiscountDate, lastDiscountAmount, lastDiscountReason, lastPaymentAmount, last_payment_date, last_discount_date, last_discount_amount, last_discount_reason, last_payment_amount) VALUES ('f1618a836f8537a005bcb57cf8d3bf0a', 'ADM-2025-009', '2a624c5dc6529d3893ada1a46507573d', '8a5d3fa53165827b7afbadc2cdeaf97b', NULL, 'ICU', '2025-08-24', '2025-08-24T16:56:45.777Z', 'discharged', '', '', '', 1600, 0, 0, '2025-08-24 16:56:09', '2025-08-24T16:56:45.967Z', 0, NULL, NULL, NULL, NULL, 0, NULL, 0, NULL, 0, NULL, NULL, 0, NULL, 0);
INSERT INTO admissions (id, admission_id, patient_id, doctor_id, room_number, ward_type, admission_date, discharge_date, status, reason, diagnosis, notes, daily_cost, total_cost, initial_deposit, created_at, updated_at, additional_payments, current_room_id, current_ward_type, current_room_number, lastPaymentDate, total_discount, lastDiscountDate, lastDiscountAmount, lastDiscountReason, lastPaymentAmount, last_payment_date, last_discount_date, last_discount_amount, last_discount_reason, last_payment_amount) VALUES ('418013de119e3719183da22034ae43ab', 'ADM-2025-010', '3cae64d54afee015e3f202549cd5d852', '8a5d3fa53165827b7afbadc2cdeaf97b', '', 'Private Room', '2025-08-25', '2025-08-24T20:55:24.439Z', 'discharged', '', '', '', 1400, 0, 3500, '2025-08-24 20:49:33', '2025-08-24T20:55:23.971Z', 0, NULL, NULL, NULL, NULL, 0, NULL, 0, NULL, 0, NULL, NULL, 0, NULL, 0);
INSERT INTO admissions (id, admission_id, patient_id, doctor_id, room_number, ward_type, admission_date, discharge_date, status, reason, diagnosis, notes, daily_cost, total_cost, initial_deposit, created_at, updated_at, additional_payments, current_room_id, current_ward_type, current_room_number, lastPaymentDate, total_discount, lastDiscountDate, lastDiscountAmount, lastDiscountReason, lastPaymentAmount, last_payment_date, last_discount_date, last_discount_amount, last_discount_reason, last_payment_amount) VALUES ('226ddcc381ee1705e61ebadf83652509', 'ADM-2025-011', '3cae64d54afee015e3f202549cd5d852', '8a5d3fa53165827b7afbadc2cdeaf97b', 'PR-2', 'Private Room', '2025-08-25', '2025-08-24T21:15:49.979Z', 'discharged', '', '', '', 1400, 0, 3500, '2025-08-24 20:56:02', '2025-08-24T21:15:49.524Z', 0, NULL, NULL, NULL, NULL, 0, NULL, 0, NULL, 0, NULL, NULL, 0, NULL, 0);
INSERT INTO admissions (id, admission_id, patient_id, doctor_id, room_number, ward_type, admission_date, discharge_date, status, reason, diagnosis, notes, daily_cost, total_cost, initial_deposit, created_at, updated_at, additional_payments, current_room_id, current_ward_type, current_room_number, lastPaymentDate, total_discount, lastDiscountDate, lastDiscountAmount, lastDiscountReason, lastPaymentAmount, last_payment_date, last_discount_date, last_discount_amount, last_discount_reason, last_payment_amount) VALUES ('391a683eec8eb993352b3f817bb6e2f0', 'ADM-2025-012', '943d00ccd6bbebd287eab818d220ca67', '8a5d3fa53165827b7afbadc2cdeaf97b', 'C-1', 'Casualty', '2025-08-25', '2025-08-24T21:57:10.953Z', 'discharged', '', '', '', 1200, 0, 1200, '2025-08-24 21:55:34', '2025-08-24T21:57:10.475Z', 0, NULL, NULL, NULL, NULL, 0, NULL, 0, NULL, 0, NULL, NULL, 0, NULL, 0);
INSERT INTO admissions (id, admission_id, patient_id, doctor_id, room_number, ward_type, admission_date, discharge_date, status, reason, diagnosis, notes, daily_cost, total_cost, initial_deposit, created_at, updated_at, additional_payments, current_room_id, current_ward_type, current_room_number, lastPaymentDate, total_discount, lastDiscountDate, lastDiscountAmount, lastDiscountReason, lastPaymentAmount, last_payment_date, last_discount_date, last_discount_amount, last_discount_reason, last_payment_amount) VALUES ('b9cb11d1703abf7b825f91499ff41f85', 'ADM-2025-013', '943d00ccd6bbebd287eab818d220ca67', '8a5d3fa53165827b7afbadc2cdeaf97b', '12', 'AC Room', '2025-08-25', '2025-08-24T22:15:49.917Z', 'discharged', '', '', '', 600, 0, 0, '2025-08-24 22:01:43', '2025-08-24T22:15:49.443Z', 0, NULL, NULL, NULL, NULL, 0, NULL, 0, NULL, 0, NULL, NULL, 0, NULL, 0);
INSERT INTO admissions (id, admission_id, patient_id, doctor_id, room_number, ward_type, admission_date, discharge_date, status, reason, diagnosis, notes, daily_cost, total_cost, initial_deposit, created_at, updated_at, additional_payments, current_room_id, current_ward_type, current_room_number, lastPaymentDate, total_discount, lastDiscountDate, lastDiscountAmount, lastDiscountReason, lastPaymentAmount, last_payment_date, last_discount_date, last_discount_amount, last_discount_reason, last_payment_amount) VALUES ('37b4b2f2793723fbde0e01f67fb8dabc', 'ADM-2025-014', '943d00ccd6bbebd287eab818d220ca67', '8a5d3fa53165827b7afbadc2cdeaf97b', 'sd', 'General Ward', '2025-08-25', '2025-09-03T21:31:06.048Z', 'discharged', '', '', '', 1600, 0, 0, '2025-08-24 22:16:19', '2025-09-03T21:31:06.048Z', 0, NULL, NULL, NULL, NULL, 0, NULL, 0, NULL, 0, NULL, NULL, 0, NULL, 0);
INSERT INTO admissions (id, admission_id, patient_id, doctor_id, room_number, ward_type, admission_date, discharge_date, status, reason, diagnosis, notes, daily_cost, total_cost, initial_deposit, created_at, updated_at, additional_payments, current_room_id, current_ward_type, current_room_number, lastPaymentDate, total_discount, lastDiscountDate, lastDiscountAmount, lastDiscountReason, lastPaymentAmount, last_payment_date, last_discount_date, last_discount_amount, last_discount_reason, last_payment_amount) VALUES ('1d81babe81b84a8f5b442a8b7220be0e', 'ADM-2025-015', '394d152a418054267667e6d197c2485f', '8a5d3fa53165827b7afbadc2cdeaf97b', 'GW-12', 'General Ward', '2025-08-25', '2025-08-25T09:25:29.520Z', 'discharged', '', '', '', 600, 0, 2000, '2025-08-25 09:25:17', '2025-08-25T09:26:26.876Z', 1090, NULL, NULL, NULL, NULL, 0, NULL, 0, NULL, 0, NULL, NULL, 0, NULL, 0);
INSERT INTO admissions (id, admission_id, patient_id, doctor_id, room_number, ward_type, admission_date, discharge_date, status, reason, diagnosis, notes, daily_cost, total_cost, initial_deposit, created_at, updated_at, additional_payments, current_room_id, current_ward_type, current_room_number, lastPaymentDate, total_discount, lastDiscountDate, lastDiscountAmount, lastDiscountReason, lastPaymentAmount, last_payment_date, last_discount_date, last_discount_amount, last_discount_reason, last_payment_amount) VALUES ('3def0a9d55271f8d204d773397a2b054', 'ADM-2025-016', 'b2e6b51111f3ddeb2c341ff4059e9990', '8a5d3fa53165827b7afbadc2cdeaf97b', 'C1', 'Casualty', '2025-08-25', '2025-08-25T09:43:14.618Z', 'discharged', '', '', '', 1600, 0, 3500, '2025-08-25 09:28:50', '2025-08-25T09:43:14.067Z', 0, NULL, NULL, NULL, NULL, 0, NULL, 0, NULL, 0, NULL, NULL, 0, NULL, 0);
INSERT INTO admissions (id, admission_id, patient_id, doctor_id, room_number, ward_type, admission_date, discharge_date, status, reason, diagnosis, notes, daily_cost, total_cost, initial_deposit, created_at, updated_at, additional_payments, current_room_id, current_ward_type, current_room_number, lastPaymentDate, total_discount, lastDiscountDate, lastDiscountAmount, lastDiscountReason, lastPaymentAmount, last_payment_date, last_discount_date, last_discount_amount, last_discount_reason, last_payment_amount) VALUES ('e2c151ed25385588e5777d9100fafba2', 'ADM-2025-017', 'b2e6b51111f3ddeb2c341ff4059e9990', '8a5d3fa53165827b7afbadc2cdeaf97b', 'NR-F-1', 'Nursing Room', '2025-08-25', '2025-08-25T09:56:41.268Z', 'discharged', '', '', '', 800, 0, 0, '2025-08-25 09:43:30', '2025-08-25T09:56:40.889Z', 1960, NULL, NULL, NULL, NULL, 0, NULL, 0, NULL, 0, NULL, NULL, 0, NULL, 0);
INSERT INTO admissions (id, admission_id, patient_id, doctor_id, room_number, ward_type, admission_date, discharge_date, status, reason, diagnosis, notes, daily_cost, total_cost, initial_deposit, created_at, updated_at, additional_payments, current_room_id, current_ward_type, current_room_number, lastPaymentDate, total_discount, lastDiscountDate, lastDiscountAmount, lastDiscountReason, lastPaymentAmount, last_payment_date, last_discount_date, last_discount_amount, last_discount_reason, last_payment_amount) VALUES ('d98db9fedf6d1ab731634b5a6a5720e3', 'ADM-2025-018', 'b2e6b51111f3ddeb2c341ff4059e9990', '8a5d3fa53165827b7afbadc2cdeaf97b', 'NR-F-1', 'Nursing Room', '2025-08-25', '2025-08-25T09:56:40.907Z', 'discharged', '', '', '', 800, 0, 0, '2025-08-25 09:56:40', '2025-08-25 09:56:40', 1960, NULL, NULL, NULL, NULL, 0, NULL, 0, NULL, 0, NULL, NULL, 0, NULL, 0);
INSERT INTO admissions (id, admission_id, patient_id, doctor_id, room_number, ward_type, admission_date, discharge_date, status, reason, diagnosis, notes, daily_cost, total_cost, initial_deposit, created_at, updated_at, additional_payments, current_room_id, current_ward_type, current_room_number, lastPaymentDate, total_discount, lastDiscountDate, lastDiscountAmount, lastDiscountReason, lastPaymentAmount, last_payment_date, last_discount_date, last_discount_amount, last_discount_reason, last_payment_amount) VALUES ('820107d57a7dc43d6150db28b57cfb96', 'ADM-2025-019', '527c3cbca2852a0b2c74da51ccb1cf11', '8a5d3fa53165827b7afbadc2cdeaf97b', 'PR-3', 'Private Room', '2025-08-25', '2025-08-25T09:59:09.930Z', 'discharged', 'dfdsfvz', '', '', 1400, 0, 3000, '2025-08-25 09:58:21', '2025-08-25T09:59:09.565Z', 0, NULL, NULL, NULL, NULL, 0, NULL, 0, NULL, 0, NULL, NULL, 0, NULL, 0);
INSERT INTO admissions (id, admission_id, patient_id, doctor_id, room_number, ward_type, admission_date, discharge_date, status, reason, diagnosis, notes, daily_cost, total_cost, initial_deposit, created_at, updated_at, additional_payments, current_room_id, current_ward_type, current_room_number, lastPaymentDate, total_discount, lastDiscountDate, lastDiscountAmount, lastDiscountReason, lastPaymentAmount, last_payment_date, last_discount_date, last_discount_amount, last_discount_reason, last_payment_amount) VALUES ('a2687fc12890252975625e5b5fb338d6', 'ADM-2025-020', '527c3cbca2852a0b2c74da51ccb1cf11', '8a5d3fa53165827b7afbadc2cdeaf97b', 'PR-3', 'Private Room', '2025-08-25', '2025-08-25T09:59:09.549Z', 'discharged', 'dfdsfvz', '', '', 1400, 0, 3000, '2025-08-25 09:59:09', '2025-08-25 09:59:09', 0, NULL, NULL, NULL, NULL, 0, NULL, 0, NULL, 0, NULL, NULL, 0, NULL, 0);
INSERT INTO admissions (id, admission_id, patient_id, doctor_id, room_number, ward_type, admission_date, discharge_date, status, reason, diagnosis, notes, daily_cost, total_cost, initial_deposit, created_at, updated_at, additional_payments, current_room_id, current_ward_type, current_room_number, lastPaymentDate, total_discount, lastDiscountDate, lastDiscountAmount, lastDiscountReason, lastPaymentAmount, last_payment_date, last_discount_date, last_discount_amount, last_discount_reason, last_payment_amount) VALUES ('d6c6904e813e2f1c1295144f822839cd', 'ADM-2025-021', '527c3cbca2852a0b2c74da51ccb1cf11', '8a5d3fa53165827b7afbadc2cdeaf97b', 'C-2', 'Casualty', '2025-08-25', NULL, 'transferred', '', '', 'Transferred to General Ward (GW-09)', 1200, 0, 0, '2025-08-25 09:59:38', '2025-08-25T09:59:49.482Z', 0, NULL, NULL, NULL, NULL, 0, NULL, 0, NULL, 0, NULL, NULL, 0, NULL, 0);
INSERT INTO admissions (id, admission_id, patient_id, doctor_id, room_number, ward_type, admission_date, discharge_date, status, reason, diagnosis, notes, daily_cost, total_cost, initial_deposit, created_at, updated_at, additional_payments, current_room_id, current_ward_type, current_room_number, lastPaymentDate, total_discount, lastDiscountDate, lastDiscountAmount, lastDiscountReason, lastPaymentAmount, last_payment_date, last_discount_date, last_discount_amount, last_discount_reason, last_payment_amount) VALUES ('8f8eb3aa70d8ca0516a60c3a05924a2c', 'ADM-2025-022', '527c3cbca2852a0b2c74da51ccb1cf11', '8a5d3fa53165827b7afbadc2cdeaf97b', 'GW-09', 'General Ward', '2025-08-25', NULL, 'transferred', '', '', 'Transferred to General Ward (GW-09)', 1200, 0, 0, '2025-08-25 09:59:49', '2025-08-25T10:03:52.602Z', 0, NULL, NULL, NULL, NULL, 0, NULL, 0, NULL, 0, NULL, NULL, 0, NULL, 0);
INSERT INTO admissions (id, admission_id, patient_id, doctor_id, room_number, ward_type, admission_date, discharge_date, status, reason, diagnosis, notes, daily_cost, total_cost, initial_deposit, created_at, updated_at, additional_payments, current_room_id, current_ward_type, current_room_number, lastPaymentDate, total_discount, lastDiscountDate, lastDiscountAmount, lastDiscountReason, lastPaymentAmount, last_payment_date, last_discount_date, last_discount_amount, last_discount_reason, last_payment_amount) VALUES ('6a6d38d0dad4245dea5df21a1dd5e08c', 'ADM-2025-023', '527c3cbca2852a0b2c74da51ccb1cf11', '8a5d3fa53165827b7afbadc2cdeaf97b', 'GW-09', 'General Ward', '2025-08-25', '2025-09-03T21:31:29.996Z', 'discharged', '', '', 'Room transferred from General Ward (GW-09) to General Ward (GW-09)', 1200, 0, 0, '2025-08-25 10:03:52', '2025-09-03T21:31:29.996Z', 0, NULL, NULL, NULL, NULL, 0, NULL, 0, NULL, 0, NULL, NULL, 0, NULL, 0);
INSERT INTO admissions (id, admission_id, patient_id, doctor_id, room_number, ward_type, admission_date, discharge_date, status, reason, diagnosis, notes, daily_cost, total_cost, initial_deposit, created_at, updated_at, additional_payments, current_room_id, current_ward_type, current_room_number, lastPaymentDate, total_discount, lastDiscountDate, lastDiscountAmount, lastDiscountReason, lastPaymentAmount, last_payment_date, last_discount_date, last_discount_amount, last_discount_reason, last_payment_amount) VALUES ('ed293a892939e40b3eaf99da9e3fa8d4', 'ADM-2025-024', '553e88102b23c6f7bd48ad7f03417a96', '8a5d3fa53165827b7afbadc2cdeaf97b', 'GW-05', 'General Ward', '2025-08-25', NULL, 'room updated', '', '', 'Transferred to Casualty (C-2)', 600, 0, 2000, '2025-08-25 12:03:26', '2025-08-25T12:04:59.182Z', 1100, NULL, NULL, NULL, NULL, 0, NULL, 0, NULL, 0, NULL, NULL, 0, NULL, 0);
INSERT INTO admissions (id, admission_id, patient_id, doctor_id, room_number, ward_type, admission_date, discharge_date, status, reason, diagnosis, notes, daily_cost, total_cost, initial_deposit, created_at, updated_at, additional_payments, current_room_id, current_ward_type, current_room_number, lastPaymentDate, total_discount, lastDiscountDate, lastDiscountAmount, lastDiscountReason, lastPaymentAmount, last_payment_date, last_discount_date, last_discount_amount, last_discount_reason, last_payment_amount) VALUES ('603647e257da5f45c2973bfed782432f', 'ADM-2025-025', '553e88102b23c6f7bd48ad7f03417a96', '8a5d3fa53165827b7afbadc2cdeaf97b', 'C-2', 'Casualty', '2025-08-25', '2025-08-25T12:05:24.038Z', 'discharged', '', '', 'Room transferred from General Ward (GW-05) to Casualty (C-2)', 600, 0, 2000, '2025-08-25 12:04:58', '2025-08-25T12:05:24.190Z', 1100, NULL, NULL, NULL, NULL, 0, NULL, 0, NULL, 0, NULL, NULL, 0, NULL, 0);
INSERT INTO admissions (id, admission_id, patient_id, doctor_id, room_number, ward_type, admission_date, discharge_date, status, reason, diagnosis, notes, daily_cost, total_cost, initial_deposit, created_at, updated_at, additional_payments, current_room_id, current_ward_type, current_room_number, lastPaymentDate, total_discount, lastDiscountDate, lastDiscountAmount, lastDiscountReason, lastPaymentAmount, last_payment_date, last_discount_date, last_discount_amount, last_discount_reason, last_payment_amount) VALUES ('b2f8593e9a158359ba8e6ef72431538d', 'ADM-2025-026', '553e88102b23c6f7bd48ad7f03417a96', '8a5d3fa53165827b7afbadc2cdeaf97b', 'C-2', 'Casualty', '2025-08-25', '2025-08-25T12:05:23.626Z', 'discharged', '', '', 'Room transferred from General Ward (GW-05) to Casualty (C-2)', 600, 0, 2000, '2025-08-25 12:05:23', '2025-08-25 12:05:23', 1100, NULL, NULL, NULL, NULL, 0, NULL, 0, NULL, 0, NULL, NULL, 0, NULL, 0);
INSERT INTO admissions (id, admission_id, patient_id, doctor_id, room_number, ward_type, admission_date, discharge_date, status, reason, diagnosis, notes, daily_cost, total_cost, initial_deposit, created_at, updated_at, additional_payments, current_room_id, current_ward_type, current_room_number, lastPaymentDate, total_discount, lastDiscountDate, lastDiscountAmount, lastDiscountReason, lastPaymentAmount, last_payment_date, last_discount_date, last_discount_amount, last_discount_reason, last_payment_amount) VALUES ('2ce68146f7e16856abbd0df57c3903e3', 'ADM-2025-027', 'a02be052a1eb8b53d2bd4963ae9e30aa', '8a5d3fa53165827b7afbadc2cdeaf97b', 'GW-07', 'General Ward', '2025-08-26', '2025-08-26T13:26:37.015Z', 'discharged', '', '', '', 600, 0, 2000, '2025-08-26 13:18:21', '2025-08-26T13:26:37.018Z', 0, NULL, NULL, NULL, NULL, 0, NULL, 0, NULL, 0, NULL, NULL, 0, NULL, 0);
INSERT INTO admissions (id, admission_id, patient_id, doctor_id, room_number, ward_type, admission_date, discharge_date, status, reason, diagnosis, notes, daily_cost, total_cost, initial_deposit, created_at, updated_at, additional_payments, current_room_id, current_ward_type, current_room_number, lastPaymentDate, total_discount, lastDiscountDate, lastDiscountAmount, lastDiscountReason, lastPaymentAmount, last_payment_date, last_discount_date, last_discount_amount, last_discount_reason, last_payment_amount) VALUES ('8fe307183396f3a401919b8a9f03d0cc', 'ADM-2025-028', 'a02be052a1eb8b53d2bd4963ae9e30aa', '8a5d3fa53165827b7afbadc2cdeaf97b', 'GW-07', 'General Ward', '2025-08-26', '2025-08-26T13:26:36.992Z', 'discharged', '', '', '', 600, 0, 2000, '2025-08-26 13:26:36', '2025-08-26 13:26:36', 0, NULL, NULL, NULL, NULL, 0, NULL, 0, NULL, 0, NULL, NULL, 0, NULL, 0);
INSERT INTO admissions (id, admission_id, patient_id, doctor_id, room_number, ward_type, admission_date, discharge_date, status, reason, diagnosis, notes, daily_cost, total_cost, initial_deposit, created_at, updated_at, additional_payments, current_room_id, current_ward_type, current_room_number, lastPaymentDate, total_discount, lastDiscountDate, lastDiscountAmount, lastDiscountReason, lastPaymentAmount, last_payment_date, last_discount_date, last_discount_amount, last_discount_reason, last_payment_amount) VALUES ('1eaa988ab39a90a1ec98263326d84dad', 'ADM-2025-029', 'f5a63a74f5f3a4cd02a82c228cae7176', '8a5d3fa53165827b7afbadc2cdeaf97b', 'C-2', 'Casualty', '2025-08-27', '2025-08-27T06:55:58.026Z', 'discharged', '', '', '', 1200, 0, 0, '2025-08-27 06:44:03', '2025-08-27T06:55:58.022Z', 0, NULL, NULL, NULL, NULL, 0, NULL, 0, NULL, 0, NULL, NULL, 0, NULL, 0);
INSERT INTO admissions (id, admission_id, patient_id, doctor_id, room_number, ward_type, admission_date, discharge_date, status, reason, diagnosis, notes, daily_cost, total_cost, initial_deposit, created_at, updated_at, additional_payments, current_room_id, current_ward_type, current_room_number, lastPaymentDate, total_discount, lastDiscountDate, lastDiscountAmount, lastDiscountReason, lastPaymentAmount, last_payment_date, last_discount_date, last_discount_amount, last_discount_reason, last_payment_amount) VALUES ('4673f973d1a85fe0ece41f744a9e464d', 'ADM-2025-030', 'f5a63a74f5f3a4cd02a82c228cae7176', '8a5d3fa53165827b7afbadc2cdeaf97b', 'C-2', 'Casualty', '2025-08-27', '2025-08-27T06:55:57.964Z', 'discharged', '', '', '', 1200, 0, 0, '2025-08-27 06:55:57', '2025-08-27 06:55:57', 0, NULL, NULL, NULL, NULL, 0, NULL, 0, NULL, 0, NULL, NULL, 0, NULL, 0);
INSERT INTO admissions (id, admission_id, patient_id, doctor_id, room_number, ward_type, admission_date, discharge_date, status, reason, diagnosis, notes, daily_cost, total_cost, initial_deposit, created_at, updated_at, additional_payments, current_room_id, current_ward_type, current_room_number, lastPaymentDate, total_discount, lastDiscountDate, lastDiscountAmount, lastDiscountReason, lastPaymentAmount, last_payment_date, last_discount_date, last_discount_amount, last_discount_reason, last_payment_amount) VALUES ('ecf728b747d9976c6e18ba240270e512', 'ADM-2025-031', 'f5a63a74f5f3a4cd02a82c228cae7176', '9b25e50ddf70456e460eec7c08cbc98a', 'GW-05', 'General Ward', '2025-08-27', '2025-08-27T07:18:57.621Z', 'discharged', '', '', '', 600, 0, 0, '2025-08-27 06:56:18', '2025-08-27T07:18:57.624Z', 0, NULL, NULL, NULL, NULL, 0, NULL, 0, NULL, 0, NULL, NULL, 0, NULL, 0);
INSERT INTO admissions (id, admission_id, patient_id, doctor_id, room_number, ward_type, admission_date, discharge_date, status, reason, diagnosis, notes, daily_cost, total_cost, initial_deposit, created_at, updated_at, additional_payments, current_room_id, current_ward_type, current_room_number, lastPaymentDate, total_discount, lastDiscountDate, lastDiscountAmount, lastDiscountReason, lastPaymentAmount, last_payment_date, last_discount_date, last_discount_amount, last_discount_reason, last_payment_amount) VALUES ('5276c81d7dff54d2512e085da3d183b8', 'ADM-2025-032', 'f5a63a74f5f3a4cd02a82c228cae7176', '9b25e50ddf70456e460eec7c08cbc98a', 'GW-05', 'General Ward', '2025-08-27T00:00:00.000Z', '2025-08-27T07:18:57.579Z', 'discharged', '', '', '', 600, 0, 0, '2025-08-27 07:18:57', '2025-08-27 07:18:57', 0, NULL, NULL, NULL, NULL, 0, NULL, 0, NULL, 0, NULL, NULL, 0, NULL, 0);
INSERT INTO admissions (id, admission_id, patient_id, doctor_id, room_number, ward_type, admission_date, discharge_date, status, reason, diagnosis, notes, daily_cost, total_cost, initial_deposit, created_at, updated_at, additional_payments, current_room_id, current_ward_type, current_room_number, lastPaymentDate, total_discount, lastDiscountDate, lastDiscountAmount, lastDiscountReason, lastPaymentAmount, last_payment_date, last_discount_date, last_discount_amount, last_discount_reason, last_payment_amount) VALUES ('87891c9d3e3f9981ca567bef50ba4007', 'ADM-2025-033', 'f5a63a74f5f3a4cd02a82c228cae7176', '8a5d3fa53165827b7afbadc2cdeaf97b', 'GW-04', 'General Ward', '2025-08-27T00:00:00.000Z', '2025-08-27T07:19:20.568Z', 'discharged', '', '', '', 600, 0, 0, '2025-08-27 07:19:08', '2025-08-27T07:19:20.570Z', 0, NULL, NULL, NULL, NULL, 0, NULL, 0, NULL, 0, NULL, NULL, 0, NULL, 0);
INSERT INTO admissions (id, admission_id, patient_id, doctor_id, room_number, ward_type, admission_date, discharge_date, status, reason, diagnosis, notes, daily_cost, total_cost, initial_deposit, created_at, updated_at, additional_payments, current_room_id, current_ward_type, current_room_number, lastPaymentDate, total_discount, lastDiscountDate, lastDiscountAmount, lastDiscountReason, lastPaymentAmount, last_payment_date, last_discount_date, last_discount_amount, last_discount_reason, last_payment_amount) VALUES ('f981141a39f488c6e5f23b10288b7b21', 'ADM-2025-034', 'f5a63a74f5f3a4cd02a82c228cae7176', '8a5d3fa53165827b7afbadc2cdeaf97b', 'GW-04', 'General Ward', '2025-08-27T00:00:00.000Z', '2025-08-27T07:19:20.546Z', 'discharged', '', '', '', 600, 0, 0, '2025-08-27 07:19:20', '2025-08-27 07:19:20', 0, NULL, NULL, NULL, NULL, 0, NULL, 0, NULL, 0, NULL, NULL, 0, NULL, 0);
INSERT INTO admissions (id, admission_id, patient_id, doctor_id, room_number, ward_type, admission_date, discharge_date, status, reason, diagnosis, notes, daily_cost, total_cost, initial_deposit, created_at, updated_at, additional_payments, current_room_id, current_ward_type, current_room_number, lastPaymentDate, total_discount, lastDiscountDate, lastDiscountAmount, lastDiscountReason, lastPaymentAmount, last_payment_date, last_discount_date, last_discount_amount, last_discount_reason, last_payment_amount) VALUES ('41be3a1faeec4c6815facabd26ddfc6e', 'ADM-2025-035', 'f5a63a74f5f3a4cd02a82c228cae7176', '8a5d3fa53165827b7afbadc2cdeaf97b', 'NR-B-2', 'Nursing Room', '2025-08-27T00:00:00.000Z', '2025-08-27T07:19:50.382Z', 'discharged', '', '', '', 800, 0, 0, '2025-08-27 07:19:43', '2025-08-27T07:19:50.383Z', 0, NULL, NULL, NULL, NULL, 0, NULL, 0, NULL, 0, NULL, NULL, 0, NULL, 0);
INSERT INTO admissions (id, admission_id, patient_id, doctor_id, room_number, ward_type, admission_date, discharge_date, status, reason, diagnosis, notes, daily_cost, total_cost, initial_deposit, created_at, updated_at, additional_payments, current_room_id, current_ward_type, current_room_number, lastPaymentDate, total_discount, lastDiscountDate, lastDiscountAmount, lastDiscountReason, lastPaymentAmount, last_payment_date, last_discount_date, last_discount_amount, last_discount_reason, last_payment_amount) VALUES ('e3d64569a3c8ddac3b82e73b2d619a5f', 'ADM-2025-036', 'f5a63a74f5f3a4cd02a82c228cae7176', '8a5d3fa53165827b7afbadc2cdeaf97b', 'NR-B-2', 'Nursing Room', '2025-08-27T00:00:00.000Z', '2025-08-27T07:19:50.362Z', 'discharged', '', '', '', 800, 0, 0, '2025-08-27 07:19:50', '2025-08-27 07:19:50', 0, NULL, NULL, NULL, NULL, 0, NULL, 0, NULL, 0, NULL, NULL, 0, NULL, 0);
INSERT INTO admissions (id, admission_id, patient_id, doctor_id, room_number, ward_type, admission_date, discharge_date, status, reason, diagnosis, notes, daily_cost, total_cost, initial_deposit, created_at, updated_at, additional_payments, current_room_id, current_ward_type, current_room_number, lastPaymentDate, total_discount, lastDiscountDate, lastDiscountAmount, lastDiscountReason, lastPaymentAmount, last_payment_date, last_discount_date, last_discount_amount, last_discount_reason, last_payment_amount) VALUES ('dfff6d02b19fc782cd320ad6a31286dd', 'ADM-2025-037', 'f5a63a74f5f3a4cd02a82c228cae7176', '9b25e50ddf70456e460eec7c08cbc98a', 'ICU-2', 'ICU', '2025-08-27T00:00:00.000Z', '2025-08-27T07:46:27.265Z', 'discharged', '', '', '', 1600, 0, 0, '2025-08-27 07:20:03', '2025-08-27 13:16:27', 0, NULL, NULL, NULL, NULL, 0, NULL, 0, NULL, 0, NULL, NULL, 0, NULL, 0);
INSERT INTO admissions (id, admission_id, patient_id, doctor_id, room_number, ward_type, admission_date, discharge_date, status, reason, diagnosis, notes, daily_cost, total_cost, initial_deposit, created_at, updated_at, additional_payments, current_room_id, current_ward_type, current_room_number, lastPaymentDate, total_discount, lastDiscountDate, lastDiscountAmount, lastDiscountReason, lastPaymentAmount, last_payment_date, last_discount_date, last_discount_amount, last_discount_reason, last_payment_amount) VALUES ('a96ac0bb65e2bd4ed1e471f25fbf7d19', 'ADM-2025-038', 'f5a63a74f5f3a4cd02a82c228cae7176', '9b25e50ddf70456e460eec7c08cbc98a', 'ICU-2', 'ICU', '2025-08-27T00:00:00.000Z', '2025-08-27T07:24:24.442Z', 'discharged', '', '', '', 1600, 0, 0, '2025-08-27 07:24:24', '2025-08-27 07:24:24', 0, NULL, NULL, NULL, NULL, 0, NULL, 0, NULL, 0, NULL, NULL, 0, NULL, 0);
INSERT INTO admissions (id, admission_id, patient_id, doctor_id, room_number, ward_type, admission_date, discharge_date, status, reason, diagnosis, notes, daily_cost, total_cost, initial_deposit, created_at, updated_at, additional_payments, current_room_id, current_ward_type, current_room_number, lastPaymentDate, total_discount, lastDiscountDate, lastDiscountAmount, lastDiscountReason, lastPaymentAmount, last_payment_date, last_discount_date, last_discount_amount, last_discount_reason, last_payment_amount) VALUES ('4f1b929558574cbabb4e67736bcc976d', 'ADM-2025-039', 'f5a63a74f5f3a4cd02a82c228cae7176', '9b25e50ddf70456e460eec7c08cbc98a', 'ICU-2', 'ICU', '2025-08-27T00:00:00.000Z', '2025-08-27T07:24:26.712Z', 'discharged', '', '', '', 1600, 0, 0, '2025-08-27 07:24:26', '2025-08-27 07:24:26', 0, NULL, NULL, NULL, NULL, 0, NULL, 0, NULL, 0, NULL, NULL, 0, NULL, 0);
INSERT INTO admissions (id, admission_id, patient_id, doctor_id, room_number, ward_type, admission_date, discharge_date, status, reason, diagnosis, notes, daily_cost, total_cost, initial_deposit, created_at, updated_at, additional_payments, current_room_id, current_ward_type, current_room_number, lastPaymentDate, total_discount, lastDiscountDate, lastDiscountAmount, lastDiscountReason, lastPaymentAmount, last_payment_date, last_discount_date, last_discount_amount, last_discount_reason, last_payment_amount) VALUES ('ca9e557d0e790903d1323e3a0eabbfdf', 'ADM-2025-040', 'f5a63a74f5f3a4cd02a82c228cae7176', '9b25e50ddf70456e460eec7c08cbc98a', 'ICU-2', 'ICU', '2025-08-27T00:00:00.000Z', '2025-08-27T07:24:27.123Z', 'discharged', '', '', '', 1600, 0, 0, '2025-08-27 07:24:27', '2025-08-27 07:24:27', 0, NULL, NULL, NULL, NULL, 0, NULL, 0, NULL, 0, NULL, NULL, 0, NULL, 0);
INSERT INTO admissions (id, admission_id, patient_id, doctor_id, room_number, ward_type, admission_date, discharge_date, status, reason, diagnosis, notes, daily_cost, total_cost, initial_deposit, created_at, updated_at, additional_payments, current_room_id, current_ward_type, current_room_number, lastPaymentDate, total_discount, lastDiscountDate, lastDiscountAmount, lastDiscountReason, lastPaymentAmount, last_payment_date, last_discount_date, last_discount_amount, last_discount_reason, last_payment_amount) VALUES ('92d4ce79b7e3b2ac201ceba0a1b37a6c', 'ADM-2025-041', 'f5a63a74f5f3a4cd02a82c228cae7176', '9b25e50ddf70456e460eec7c08cbc98a', 'ICU-2', 'ICU', '2025-08-27T00:00:00.000Z', '2025-08-27T07:24:27.763Z', 'discharged', '', '', '', 1600, 0, 0, '2025-08-27 07:24:27', '2025-08-27 07:24:27', 0, NULL, NULL, NULL, NULL, 0, NULL, 0, NULL, 0, NULL, NULL, 0, NULL, 0);
INSERT INTO admissions (id, admission_id, patient_id, doctor_id, room_number, ward_type, admission_date, discharge_date, status, reason, diagnosis, notes, daily_cost, total_cost, initial_deposit, created_at, updated_at, additional_payments, current_room_id, current_ward_type, current_room_number, lastPaymentDate, total_discount, lastDiscountDate, lastDiscountAmount, lastDiscountReason, lastPaymentAmount, last_payment_date, last_discount_date, last_discount_amount, last_discount_reason, last_payment_amount) VALUES ('19cca6885cf7a4b7ecebb5402638ebe1', 'ADM-2025-042', 'f5a63a74f5f3a4cd02a82c228cae7176', '9b25e50ddf70456e460eec7c08cbc98a', 'ICU-2', 'ICU', '2025-08-27T00:00:00.000Z', '2025-08-27T07:24:28.145Z', 'discharged', '', '', '', 1600, 0, 0, '2025-08-27 07:24:28', '2025-08-27 07:24:28', 0, NULL, NULL, NULL, NULL, 0, NULL, 0, NULL, 0, NULL, NULL, 0, NULL, 0);
INSERT INTO admissions (id, admission_id, patient_id, doctor_id, room_number, ward_type, admission_date, discharge_date, status, reason, diagnosis, notes, daily_cost, total_cost, initial_deposit, created_at, updated_at, additional_payments, current_room_id, current_ward_type, current_room_number, lastPaymentDate, total_discount, lastDiscountDate, lastDiscountAmount, lastDiscountReason, lastPaymentAmount, last_payment_date, last_discount_date, last_discount_amount, last_discount_reason, last_payment_amount) VALUES ('bda74d3205d7023c3b3d1baf69d4a0c8', 'ADM-2025-043', 'f5a63a74f5f3a4cd02a82c228cae7176', '9b25e50ddf70456e460eec7c08cbc98a', 'ICU-2', 'ICU', '2025-08-27T00:00:00.000Z', '2025-08-27T07:24:28.859Z', 'discharged', '', '', '', 1600, 0, 0, '2025-08-27 07:24:28', '2025-08-27 07:24:28', 0, NULL, NULL, NULL, NULL, 0, NULL, 0, NULL, 0, NULL, NULL, 0, NULL, 0);
INSERT INTO admissions (id, admission_id, patient_id, doctor_id, room_number, ward_type, admission_date, discharge_date, status, reason, diagnosis, notes, daily_cost, total_cost, initial_deposit, created_at, updated_at, additional_payments, current_room_id, current_ward_type, current_room_number, lastPaymentDate, total_discount, lastDiscountDate, lastDiscountAmount, lastDiscountReason, lastPaymentAmount, last_payment_date, last_discount_date, last_discount_amount, last_discount_reason, last_payment_amount) VALUES ('5acc91325978082048b4b69e033c0837', 'ADM-2025-044', 'f5a63a74f5f3a4cd02a82c228cae7176', '9b25e50ddf70456e460eec7c08cbc98a', 'ICU-2', 'ICU', '2025-08-27T00:00:00.000Z', '2025-08-27T07:24:29.330Z', 'discharged', '', '', '', 1600, 0, 0, '2025-08-27 07:24:29', '2025-08-27 07:24:29', 0, NULL, NULL, NULL, NULL, 0, NULL, 0, NULL, 0, NULL, NULL, 0, NULL, 0);
INSERT INTO admissions (id, admission_id, patient_id, doctor_id, room_number, ward_type, admission_date, discharge_date, status, reason, diagnosis, notes, daily_cost, total_cost, initial_deposit, created_at, updated_at, additional_payments, current_room_id, current_ward_type, current_room_number, lastPaymentDate, total_discount, lastDiscountDate, lastDiscountAmount, lastDiscountReason, lastPaymentAmount, last_payment_date, last_discount_date, last_discount_amount, last_discount_reason, last_payment_amount) VALUES ('ee9fdbf4dfcc4d544b42a67302cc859a', 'ADM-2025-045', 'f5a63a74f5f3a4cd02a82c228cae7176', '9b25e50ddf70456e460eec7c08cbc98a', 'ICU-2', 'ICU', '2025-08-27T00:00:00.000Z', '2025-08-27T07:24:29.769Z', 'discharged', '', '', '', 1600, 0, 0, '2025-08-27 07:24:29', '2025-08-27 07:24:29', 0, NULL, NULL, NULL, NULL, 0, NULL, 0, NULL, 0, NULL, NULL, 0, NULL, 0);
INSERT INTO admissions (id, admission_id, patient_id, doctor_id, room_number, ward_type, admission_date, discharge_date, status, reason, diagnosis, notes, daily_cost, total_cost, initial_deposit, created_at, updated_at, additional_payments, current_room_id, current_ward_type, current_room_number, lastPaymentDate, total_discount, lastDiscountDate, lastDiscountAmount, lastDiscountReason, lastPaymentAmount, last_payment_date, last_discount_date, last_discount_amount, last_discount_reason, last_payment_amount) VALUES ('e8f68cc82b416c483c836d8d32a301fb', 'ADM-2025-046', 'f5a63a74f5f3a4cd02a82c228cae7176', '9b25e50ddf70456e460eec7c08cbc98a', 'ICU-2', 'ICU', '2025-08-27T00:00:00.000Z', '2025-08-27T07:24:30.025Z', 'discharged', '', '', '', 1600, 0, 0, '2025-08-27 07:24:30', '2025-08-27 07:24:30', 0, NULL, NULL, NULL, NULL, 0, NULL, 0, NULL, 0, NULL, NULL, 0, NULL, 0);
INSERT INTO admissions (id, admission_id, patient_id, doctor_id, room_number, ward_type, admission_date, discharge_date, status, reason, diagnosis, notes, daily_cost, total_cost, initial_deposit, created_at, updated_at, additional_payments, current_room_id, current_ward_type, current_room_number, lastPaymentDate, total_discount, lastDiscountDate, lastDiscountAmount, lastDiscountReason, lastPaymentAmount, last_payment_date, last_discount_date, last_discount_amount, last_discount_reason, last_payment_amount) VALUES ('7af2a548c87a86bb8722e9f2742828bf', 'ADM-2025-047', 'f5a63a74f5f3a4cd02a82c228cae7176', '9b25e50ddf70456e460eec7c08cbc98a', 'ICU-2', 'ICU', '2025-08-27T00:00:00.000Z', '2025-08-27T07:24:30.185Z', 'discharged', '', '', '', 1600, 0, 0, '2025-08-27 07:24:30', '2025-08-27 07:24:30', 0, NULL, NULL, NULL, NULL, 0, NULL, 0, NULL, 0, NULL, NULL, 0, NULL, 0);
INSERT INTO admissions (id, admission_id, patient_id, doctor_id, room_number, ward_type, admission_date, discharge_date, status, reason, diagnosis, notes, daily_cost, total_cost, initial_deposit, created_at, updated_at, additional_payments, current_room_id, current_ward_type, current_room_number, lastPaymentDate, total_discount, lastDiscountDate, lastDiscountAmount, lastDiscountReason, lastPaymentAmount, last_payment_date, last_discount_date, last_discount_amount, last_discount_reason, last_payment_amount) VALUES ('8d6480ad4bbf740385fffb0ab4bf5a46', 'ADM-2025-048', 'f5a63a74f5f3a4cd02a82c228cae7176', '9b25e50ddf70456e460eec7c08cbc98a', 'ICU-2', 'ICU', '2025-08-27T00:00:00.000Z', '2025-08-27T07:24:30.978Z', 'discharged', '', '', '', 1600, 0, 0, '2025-08-27 07:24:30', '2025-08-27 07:24:30', 0, NULL, NULL, NULL, NULL, 0, NULL, 0, NULL, 0, NULL, NULL, 0, NULL, 0);
INSERT INTO admissions (id, admission_id, patient_id, doctor_id, room_number, ward_type, admission_date, discharge_date, status, reason, diagnosis, notes, daily_cost, total_cost, initial_deposit, created_at, updated_at, additional_payments, current_room_id, current_ward_type, current_room_number, lastPaymentDate, total_discount, lastDiscountDate, lastDiscountAmount, lastDiscountReason, lastPaymentAmount, last_payment_date, last_discount_date, last_discount_amount, last_discount_reason, last_payment_amount) VALUES ('ad059c3079d0f3e9db1965d5e774efdd', 'ADM-2025-049', 'f5a63a74f5f3a4cd02a82c228cae7176', '9b25e50ddf70456e460eec7c08cbc98a', 'ICU-2', 'ICU', '2025-08-27T00:00:00.000Z', '2025-08-27T07:24:31.385Z', 'discharged', '', '', '', 1600, 0, 0, '2025-08-27 07:24:31', '2025-08-27 07:24:31', 0, NULL, NULL, NULL, NULL, 0, NULL, 0, NULL, 0, NULL, NULL, 0, NULL, 0);
INSERT INTO admissions (id, admission_id, patient_id, doctor_id, room_number, ward_type, admission_date, discharge_date, status, reason, diagnosis, notes, daily_cost, total_cost, initial_deposit, created_at, updated_at, additional_payments, current_room_id, current_ward_type, current_room_number, lastPaymentDate, total_discount, lastDiscountDate, lastDiscountAmount, lastDiscountReason, lastPaymentAmount, last_payment_date, last_discount_date, last_discount_amount, last_discount_reason, last_payment_amount) VALUES ('e406a99fe78f1bec54024c9bc6b33cf7', 'ADM-2025-050', 'f5a63a74f5f3a4cd02a82c228cae7176', '9b25e50ddf70456e460eec7c08cbc98a', 'ICU-2', 'ICU', '2025-08-27T00:00:00.000Z', '2025-08-27T07:24:38.401Z', 'discharged', '', '', '', 1600, 0, 0, '2025-08-27 07:24:38', '2025-08-27 07:24:38', 0, NULL, NULL, NULL, NULL, 0, NULL, 0, NULL, 0, NULL, NULL, 0, NULL, 0);
INSERT INTO admissions (id, admission_id, patient_id, doctor_id, room_number, ward_type, admission_date, discharge_date, status, reason, diagnosis, notes, daily_cost, total_cost, initial_deposit, created_at, updated_at, additional_payments, current_room_id, current_ward_type, current_room_number, lastPaymentDate, total_discount, lastDiscountDate, lastDiscountAmount, lastDiscountReason, lastPaymentAmount, last_payment_date, last_discount_date, last_discount_amount, last_discount_reason, last_payment_amount) VALUES ('7e5ef6d2fc60753608bbb6777d021893', 'ADM-2025-051', 'f5a63a74f5f3a4cd02a82c228cae7176', '9b25e50ddf70456e460eec7c08cbc98a', 'ICU-2', 'ICU', '2025-08-27T00:00:00.000Z', '2025-08-27T07:24:38.433Z', 'discharged', '', '', '', 1600, 0, 0, '2025-08-27 07:24:38', '2025-08-27 07:24:38', 0, NULL, NULL, NULL, NULL, 0, NULL, 0, NULL, 0, NULL, NULL, 0, NULL, 0);
INSERT INTO admissions (id, admission_id, patient_id, doctor_id, room_number, ward_type, admission_date, discharge_date, status, reason, diagnosis, notes, daily_cost, total_cost, initial_deposit, created_at, updated_at, additional_payments, current_room_id, current_ward_type, current_room_number, lastPaymentDate, total_discount, lastDiscountDate, lastDiscountAmount, lastDiscountReason, lastPaymentAmount, last_payment_date, last_discount_date, last_discount_amount, last_discount_reason, last_payment_amount) VALUES ('7d651d0d643126429ccf358248f2224c', 'ADM-2025-052', 'f5a63a74f5f3a4cd02a82c228cae7176', '9b25e50ddf70456e460eec7c08cbc98a', 'ICU-2', 'ICU', '2025-08-27T00:00:00.000Z', '2025-08-27T07:24:38.881Z', 'discharged', '', '', '', 1600, 0, 0, '2025-08-27 07:24:38', '2025-08-27 07:24:38', 0, NULL, NULL, NULL, NULL, 0, NULL, 0, NULL, 0, NULL, NULL, 0, NULL, 0);
INSERT INTO admissions (id, admission_id, patient_id, doctor_id, room_number, ward_type, admission_date, discharge_date, status, reason, diagnosis, notes, daily_cost, total_cost, initial_deposit, created_at, updated_at, additional_payments, current_room_id, current_ward_type, current_room_number, lastPaymentDate, total_discount, lastDiscountDate, lastDiscountAmount, lastDiscountReason, lastPaymentAmount, last_payment_date, last_discount_date, last_discount_amount, last_discount_reason, last_payment_amount) VALUES ('d57e904896e78b693a5ad465e09056e7', 'ADM-2025-053', 'f5a63a74f5f3a4cd02a82c228cae7176', '9b25e50ddf70456e460eec7c08cbc98a', 'ICU-2', 'ICU', '2025-08-27T00:00:00.000Z', '2025-08-27T07:24:38.917Z', 'discharged', '', '', '', 1600, 0, 0, '2025-08-27 07:24:38', '2025-08-27 07:24:38', 0, NULL, NULL, NULL, NULL, 0, NULL, 0, NULL, 0, NULL, NULL, 0, NULL, 0);
INSERT INTO admissions (id, admission_id, patient_id, doctor_id, room_number, ward_type, admission_date, discharge_date, status, reason, diagnosis, notes, daily_cost, total_cost, initial_deposit, created_at, updated_at, additional_payments, current_room_id, current_ward_type, current_room_number, lastPaymentDate, total_discount, lastDiscountDate, lastDiscountAmount, lastDiscountReason, lastPaymentAmount, last_payment_date, last_discount_date, last_discount_amount, last_discount_reason, last_payment_amount) VALUES ('73635e0b12027cc2cd3c0dd4f8b73728', 'ADM-2025-054', 'f5a63a74f5f3a4cd02a82c228cae7176', '9b25e50ddf70456e460eec7c08cbc98a', 'ICU-2', 'ICU', '2025-08-27T00:00:00.000Z', '2025-08-27T07:24:39.337Z', 'discharged', '', '', '', 1600, 0, 0, '2025-08-27 07:24:39', '2025-08-27 07:24:39', 0, NULL, NULL, NULL, NULL, 0, NULL, 0, NULL, 0, NULL, NULL, 0, NULL, 0);
INSERT INTO admissions (id, admission_id, patient_id, doctor_id, room_number, ward_type, admission_date, discharge_date, status, reason, diagnosis, notes, daily_cost, total_cost, initial_deposit, created_at, updated_at, additional_payments, current_room_id, current_ward_type, current_room_number, lastPaymentDate, total_discount, lastDiscountDate, lastDiscountAmount, lastDiscountReason, lastPaymentAmount, last_payment_date, last_discount_date, last_discount_amount, last_discount_reason, last_payment_amount) VALUES ('cc41480dec4bcb2fb742aedd1998a714', 'ADM-2025-055', 'f5a63a74f5f3a4cd02a82c228cae7176', '9b25e50ddf70456e460eec7c08cbc98a', 'ICU-2', 'ICU', '2025-08-27T00:00:00.000Z', '2025-08-27T07:24:40.177Z', 'discharged', '', '', '', 1600, 0, 0, '2025-08-27 07:24:40', '2025-08-27 07:24:40', 0, NULL, NULL, NULL, NULL, 0, NULL, 0, NULL, 0, NULL, NULL, 0, NULL, 0);
INSERT INTO admissions (id, admission_id, patient_id, doctor_id, room_number, ward_type, admission_date, discharge_date, status, reason, diagnosis, notes, daily_cost, total_cost, initial_deposit, created_at, updated_at, additional_payments, current_room_id, current_ward_type, current_room_number, lastPaymentDate, total_discount, lastDiscountDate, lastDiscountAmount, lastDiscountReason, lastPaymentAmount, last_payment_date, last_discount_date, last_discount_amount, last_discount_reason, last_payment_amount) VALUES ('ba4a6cd6e8ecc554b05cd96dbbf5cd9a', 'ADM-2025-056', 'f5a63a74f5f3a4cd02a82c228cae7176', '9b25e50ddf70456e460eec7c08cbc98a', 'ICU-2', 'ICU', '2025-08-27T00:00:00.000Z', '2025-08-27T07:24:40.226Z', 'discharged', '', '', '', 1600, 0, 0, '2025-08-27 07:24:40', '2025-08-27 07:24:40', 0, NULL, NULL, NULL, NULL, 0, NULL, 0, NULL, 0, NULL, NULL, 0, NULL, 0);
INSERT INTO admissions (id, admission_id, patient_id, doctor_id, room_number, ward_type, admission_date, discharge_date, status, reason, diagnosis, notes, daily_cost, total_cost, initial_deposit, created_at, updated_at, additional_payments, current_room_id, current_ward_type, current_room_number, lastPaymentDate, total_discount, lastDiscountDate, lastDiscountAmount, lastDiscountReason, lastPaymentAmount, last_payment_date, last_discount_date, last_discount_amount, last_discount_reason, last_payment_amount) VALUES ('5cd5fd31e2483400e615befb1f8c357d', 'ADM-2025-057', 'f5a63a74f5f3a4cd02a82c228cae7176', '9b25e50ddf70456e460eec7c08cbc98a', 'ICU-2', 'ICU', '2025-08-27T00:00:00.000Z', '2025-08-27T07:24:40.545Z', 'discharged', '', '', '', 1600, 0, 0, '2025-08-27 07:24:40', '2025-08-27 07:24:40', 0, NULL, NULL, NULL, NULL, 0, NULL, 0, NULL, 0, NULL, NULL, 0, NULL, 0);
INSERT INTO admissions (id, admission_id, patient_id, doctor_id, room_number, ward_type, admission_date, discharge_date, status, reason, diagnosis, notes, daily_cost, total_cost, initial_deposit, created_at, updated_at, additional_payments, current_room_id, current_ward_type, current_room_number, lastPaymentDate, total_discount, lastDiscountDate, lastDiscountAmount, lastDiscountReason, lastPaymentAmount, last_payment_date, last_discount_date, last_discount_amount, last_discount_reason, last_payment_amount) VALUES ('5e639411295e0addb0871207a50f2dc3', 'ADM-2025-058', 'f5a63a74f5f3a4cd02a82c228cae7176', '9b25e50ddf70456e460eec7c08cbc98a', 'ICU-2', 'ICU', '2025-08-27T00:00:00.000Z', '2025-08-27T07:24:40.609Z', 'discharged', '', '', '', 1600, 0, 0, '2025-08-27 07:24:40', '2025-08-27 07:24:40', 0, NULL, NULL, NULL, NULL, 0, NULL, 0, NULL, 0, NULL, NULL, 0, NULL, 0);
INSERT INTO admissions (id, admission_id, patient_id, doctor_id, room_number, ward_type, admission_date, discharge_date, status, reason, diagnosis, notes, daily_cost, total_cost, initial_deposit, created_at, updated_at, additional_payments, current_room_id, current_ward_type, current_room_number, lastPaymentDate, total_discount, lastDiscountDate, lastDiscountAmount, lastDiscountReason, lastPaymentAmount, last_payment_date, last_discount_date, last_discount_amount, last_discount_reason, last_payment_amount) VALUES ('7c4a2837af2ed3306762c25eaeee8017', 'ADM-2025-059', 'f5a63a74f5f3a4cd02a82c228cae7176', '9b25e50ddf70456e460eec7c08cbc98a', 'ICU-2', 'ICU', '2025-08-27T00:00:00.000Z', '2025-08-27T07:24:40.809Z', 'discharged', '', '', '', 1600, 0, 0, '2025-08-27 07:24:40', '2025-08-27 07:24:40', 0, NULL, NULL, NULL, NULL, 0, NULL, 0, NULL, 0, NULL, NULL, 0, NULL, 0);
INSERT INTO admissions (id, admission_id, patient_id, doctor_id, room_number, ward_type, admission_date, discharge_date, status, reason, diagnosis, notes, daily_cost, total_cost, initial_deposit, created_at, updated_at, additional_payments, current_room_id, current_ward_type, current_room_number, lastPaymentDate, total_discount, lastDiscountDate, lastDiscountAmount, lastDiscountReason, lastPaymentAmount, last_payment_date, last_discount_date, last_discount_amount, last_discount_reason, last_payment_amount) VALUES ('dd96e9043982617f9f31d3a6de0111e2', 'ADM-2025-060', 'f5a63a74f5f3a4cd02a82c228cae7176', '9b25e50ddf70456e460eec7c08cbc98a', 'ICU-2', 'ICU', '2025-08-27T00:00:00.000Z', '2025-08-27T07:24:41.577Z', 'discharged', '', '', '', 1600, 0, 0, '2025-08-27 07:24:41', '2025-08-27 07:24:41', 0, NULL, NULL, NULL, NULL, 0, NULL, 0, NULL, 0, NULL, NULL, 0, NULL, 0);
INSERT INTO admissions (id, admission_id, patient_id, doctor_id, room_number, ward_type, admission_date, discharge_date, status, reason, diagnosis, notes, daily_cost, total_cost, initial_deposit, created_at, updated_at, additional_payments, current_room_id, current_ward_type, current_room_number, lastPaymentDate, total_discount, lastDiscountDate, lastDiscountAmount, lastDiscountReason, lastPaymentAmount, last_payment_date, last_discount_date, last_discount_amount, last_discount_reason, last_payment_amount) VALUES ('bf1b3bd99351ab707ac36d072459421d', 'ADM-2025-061', 'f5a63a74f5f3a4cd02a82c228cae7176', '9b25e50ddf70456e460eec7c08cbc98a', 'ICU-2', 'ICU', '2025-08-27T00:00:00.000Z', '2025-08-27T07:24:41.612Z', 'discharged', '', '', '', 1600, 0, 0, '2025-08-27 07:24:41', '2025-08-27 07:24:41', 0, NULL, NULL, NULL, NULL, 0, NULL, 0, NULL, 0, NULL, NULL, 0, NULL, 0);
INSERT INTO admissions (id, admission_id, patient_id, doctor_id, room_number, ward_type, admission_date, discharge_date, status, reason, diagnosis, notes, daily_cost, total_cost, initial_deposit, created_at, updated_at, additional_payments, current_room_id, current_ward_type, current_room_number, lastPaymentDate, total_discount, lastDiscountDate, lastDiscountAmount, lastDiscountReason, lastPaymentAmount, last_payment_date, last_discount_date, last_discount_amount, last_discount_reason, last_payment_amount) VALUES ('a91f8f060147e8ac904ef97ff14b974e', 'ADM-2025-062', 'f5a63a74f5f3a4cd02a82c228cae7176', '9b25e50ddf70456e460eec7c08cbc98a', 'ICU-2', 'ICU', '2025-08-27T00:00:00.000Z', '2025-08-27T07:24:41.737Z', 'discharged', '', '', '', 1600, 0, 0, '2025-08-27 07:24:41', '2025-08-27 07:24:41', 0, NULL, NULL, NULL, NULL, 0, NULL, 0, NULL, 0, NULL, NULL, 0, NULL, 0);
INSERT INTO admissions (id, admission_id, patient_id, doctor_id, room_number, ward_type, admission_date, discharge_date, status, reason, diagnosis, notes, daily_cost, total_cost, initial_deposit, created_at, updated_at, additional_payments, current_room_id, current_ward_type, current_room_number, lastPaymentDate, total_discount, lastDiscountDate, lastDiscountAmount, lastDiscountReason, lastPaymentAmount, last_payment_date, last_discount_date, last_discount_amount, last_discount_reason, last_payment_amount) VALUES ('6b9c5773182749eccee70f59e05dfcb9', 'ADM-2025-063', 'f5a63a74f5f3a4cd02a82c228cae7176', '9b25e50ddf70456e460eec7c08cbc98a', 'ICU-2', 'ICU', '2025-08-27T00:00:00.000Z', '2025-08-27T07:24:41.961Z', 'discharged', '', '', '', 1600, 0, 0, '2025-08-27 07:24:41', '2025-08-27 07:24:41', 0, NULL, NULL, NULL, NULL, 0, NULL, 0, NULL, 0, NULL, NULL, 0, NULL, 0);
INSERT INTO admissions (id, admission_id, patient_id, doctor_id, room_number, ward_type, admission_date, discharge_date, status, reason, diagnosis, notes, daily_cost, total_cost, initial_deposit, created_at, updated_at, additional_payments, current_room_id, current_ward_type, current_room_number, lastPaymentDate, total_discount, lastDiscountDate, lastDiscountAmount, lastDiscountReason, lastPaymentAmount, last_payment_date, last_discount_date, last_discount_amount, last_discount_reason, last_payment_amount) VALUES ('e0668d76ad50c442c00f45c8bb32d337', 'ADM-2025-064', 'f5a63a74f5f3a4cd02a82c228cae7176', '9b25e50ddf70456e460eec7c08cbc98a', 'ICU-2', 'ICU', '2025-08-27T00:00:00.000Z', '2025-08-27T07:24:42.360Z', 'discharged', '', '', '', 1600, 0, 0, '2025-08-27 07:24:42', '2025-08-27 07:24:42', 0, NULL, NULL, NULL, NULL, 0, NULL, 0, NULL, 0, NULL, NULL, 0, NULL, 0);
INSERT INTO admissions (id, admission_id, patient_id, doctor_id, room_number, ward_type, admission_date, discharge_date, status, reason, diagnosis, notes, daily_cost, total_cost, initial_deposit, created_at, updated_at, additional_payments, current_room_id, current_ward_type, current_room_number, lastPaymentDate, total_discount, lastDiscountDate, lastDiscountAmount, lastDiscountReason, lastPaymentAmount, last_payment_date, last_discount_date, last_discount_amount, last_discount_reason, last_payment_amount) VALUES ('1e3d50effb160586f9c68597f48dbc9a', 'ADM-2025-065', 'f5a63a74f5f3a4cd02a82c228cae7176', '9b25e50ddf70456e460eec7c08cbc98a', 'ICU-2', 'ICU', '2025-08-27T00:00:00.000Z', '2025-08-27T07:24:42.488Z', 'discharged', '', '', '', 1600, 0, 0, '2025-08-27 07:24:42', '2025-08-27 07:24:42', 0, NULL, NULL, NULL, NULL, 0, NULL, 0, NULL, 0, NULL, NULL, 0, NULL, 0);
INSERT INTO admissions (id, admission_id, patient_id, doctor_id, room_number, ward_type, admission_date, discharge_date, status, reason, diagnosis, notes, daily_cost, total_cost, initial_deposit, created_at, updated_at, additional_payments, current_room_id, current_ward_type, current_room_number, lastPaymentDate, total_discount, lastDiscountDate, lastDiscountAmount, lastDiscountReason, lastPaymentAmount, last_payment_date, last_discount_date, last_discount_amount, last_discount_reason, last_payment_amount) VALUES ('2db1e1edc261ac9ba8ef6dab066b16e8', 'ADM-2025-066', 'f5a63a74f5f3a4cd02a82c228cae7176', '9b25e50ddf70456e460eec7c08cbc98a', 'ICU-2', 'ICU', '2025-08-27T00:00:00.000Z', '2025-08-27T07:24:42.633Z', 'discharged', '', '', '', 1600, 0, 0, '2025-08-27 07:24:42', '2025-08-27 07:24:42', 0, NULL, NULL, NULL, NULL, 0, NULL, 0, NULL, 0, NULL, NULL, 0, NULL, 0);
INSERT INTO admissions (id, admission_id, patient_id, doctor_id, room_number, ward_type, admission_date, discharge_date, status, reason, diagnosis, notes, daily_cost, total_cost, initial_deposit, created_at, updated_at, additional_payments, current_room_id, current_ward_type, current_room_number, lastPaymentDate, total_discount, lastDiscountDate, lastDiscountAmount, lastDiscountReason, lastPaymentAmount, last_payment_date, last_discount_date, last_discount_amount, last_discount_reason, last_payment_amount) VALUES ('d93f826abd901f30faab90f10133cc49', 'ADM-2025-067', 'f5a63a74f5f3a4cd02a82c228cae7176', '9b25e50ddf70456e460eec7c08cbc98a', 'ICU-2', 'ICU', '2025-08-27T00:00:00.000Z', '2025-08-27T07:24:42.679Z', 'discharged', '', '', '', 1600, 0, 0, '2025-08-27 07:24:42', '2025-08-27 07:24:42', 0, NULL, NULL, NULL, NULL, 0, NULL, 0, NULL, 0, NULL, NULL, 0, NULL, 0);
INSERT INTO admissions (id, admission_id, patient_id, doctor_id, room_number, ward_type, admission_date, discharge_date, status, reason, diagnosis, notes, daily_cost, total_cost, initial_deposit, created_at, updated_at, additional_payments, current_room_id, current_ward_type, current_room_number, lastPaymentDate, total_discount, lastDiscountDate, lastDiscountAmount, lastDiscountReason, lastPaymentAmount, last_payment_date, last_discount_date, last_discount_amount, last_discount_reason, last_payment_amount) VALUES ('bcd552988081b66714826d249d4ca1a4', 'ADM-2025-068', 'f5a63a74f5f3a4cd02a82c228cae7176', '9b25e50ddf70456e460eec7c08cbc98a', 'ICU-2', 'ICU', '2025-08-27T00:00:00.000Z', '2025-08-27T07:24:42.793Z', 'discharged', '', '', '', 1600, 0, 0, '2025-08-27 07:24:42', '2025-08-27 07:24:42', 0, NULL, NULL, NULL, NULL, 0, NULL, 0, NULL, 0, NULL, NULL, 0, NULL, 0);
INSERT INTO admissions (id, admission_id, patient_id, doctor_id, room_number, ward_type, admission_date, discharge_date, status, reason, diagnosis, notes, daily_cost, total_cost, initial_deposit, created_at, updated_at, additional_payments, current_room_id, current_ward_type, current_room_number, lastPaymentDate, total_discount, lastDiscountDate, lastDiscountAmount, lastDiscountReason, lastPaymentAmount, last_payment_date, last_discount_date, last_discount_amount, last_discount_reason, last_payment_amount) VALUES ('bd1b41f723eabe95e1208ed661ba7e52', 'ADM-2025-069', 'f5a63a74f5f3a4cd02a82c228cae7176', '9b25e50ddf70456e460eec7c08cbc98a', 'ICU-2', 'ICU', '2025-08-27T00:00:00.000Z', '2025-08-27T07:24:42.938Z', 'discharged', '', '', '', 1600, 0, 0, '2025-08-27 07:24:42', '2025-08-27 07:24:42', 0, NULL, NULL, NULL, NULL, 0, NULL, 0, NULL, 0, NULL, NULL, 0, NULL, 0);
INSERT INTO admissions (id, admission_id, patient_id, doctor_id, room_number, ward_type, admission_date, discharge_date, status, reason, diagnosis, notes, daily_cost, total_cost, initial_deposit, created_at, updated_at, additional_payments, current_room_id, current_ward_type, current_room_number, lastPaymentDate, total_discount, lastDiscountDate, lastDiscountAmount, lastDiscountReason, lastPaymentAmount, last_payment_date, last_discount_date, last_discount_amount, last_discount_reason, last_payment_amount) VALUES ('8c2090bdb553e37e15baafae946f55e4', 'ADM-2025-070', 'f5a63a74f5f3a4cd02a82c228cae7176', '9b25e50ddf70456e460eec7c08cbc98a', 'ICU-2', 'ICU', '2025-08-27T00:00:00.000Z', '2025-08-27T07:24:43.241Z', 'discharged', '', '', '', 1600, 0, 0, '2025-08-27 07:24:43', '2025-08-27 07:24:43', 0, NULL, NULL, NULL, NULL, 0, NULL, 0, NULL, 0, NULL, NULL, 0, NULL, 0);
INSERT INTO admissions (id, admission_id, patient_id, doctor_id, room_number, ward_type, admission_date, discharge_date, status, reason, diagnosis, notes, daily_cost, total_cost, initial_deposit, created_at, updated_at, additional_payments, current_room_id, current_ward_type, current_room_number, lastPaymentDate, total_discount, lastDiscountDate, lastDiscountAmount, lastDiscountReason, lastPaymentAmount, last_payment_date, last_discount_date, last_discount_amount, last_discount_reason, last_payment_amount) VALUES ('3b6298120261b11cdb5a666feae64ae5', 'ADM-2025-071', 'f5a63a74f5f3a4cd02a82c228cae7176', '9b25e50ddf70456e460eec7c08cbc98a', 'ICU-2', 'ICU', '2025-08-27T00:00:00.000Z', '2025-08-27T07:24:43.377Z', 'discharged', '', '', '', 1600, 0, 0, '2025-08-27 07:24:43', '2025-08-27 07:24:43', 0, NULL, NULL, NULL, NULL, 0, NULL, 0, NULL, 0, NULL, NULL, 0, NULL, 0);
INSERT INTO admissions (id, admission_id, patient_id, doctor_id, room_number, ward_type, admission_date, discharge_date, status, reason, diagnosis, notes, daily_cost, total_cost, initial_deposit, created_at, updated_at, additional_payments, current_room_id, current_ward_type, current_room_number, lastPaymentDate, total_discount, lastDiscountDate, lastDiscountAmount, lastDiscountReason, lastPaymentAmount, last_payment_date, last_discount_date, last_discount_amount, last_discount_reason, last_payment_amount) VALUES ('82fc78db59bfbc5e0037e69924dd698b', 'ADM-2025-072', 'f5a63a74f5f3a4cd02a82c228cae7176', '9b25e50ddf70456e460eec7c08cbc98a', 'ICU-2', 'ICU', '2025-08-27T00:00:00.000Z', '2025-08-27T07:24:43.529Z', 'discharged', '', '', '', 1600, 0, 0, '2025-08-27 07:24:43', '2025-08-27 07:24:43', 0, NULL, NULL, NULL, NULL, 0, NULL, 0, NULL, 0, NULL, NULL, 0, NULL, 0);
INSERT INTO admissions (id, admission_id, patient_id, doctor_id, room_number, ward_type, admission_date, discharge_date, status, reason, diagnosis, notes, daily_cost, total_cost, initial_deposit, created_at, updated_at, additional_payments, current_room_id, current_ward_type, current_room_number, lastPaymentDate, total_discount, lastDiscountDate, lastDiscountAmount, lastDiscountReason, lastPaymentAmount, last_payment_date, last_discount_date, last_discount_amount, last_discount_reason, last_payment_amount) VALUES ('69ab8bd5ffd46744bb86b1ad94a95e37', 'ADM-2025-073', 'f5a63a74f5f3a4cd02a82c228cae7176', '9b25e50ddf70456e460eec7c08cbc98a', 'ICU-2', 'ICU', '2025-08-27T00:00:00.000Z', '2025-08-27T07:24:43.698Z', 'discharged', '', '', '', 1600, 0, 0, '2025-08-27 07:24:43', '2025-08-27 07:24:43', 0, NULL, NULL, NULL, NULL, 0, NULL, 0, NULL, 0, NULL, NULL, 0, NULL, 0);
INSERT INTO admissions (id, admission_id, patient_id, doctor_id, room_number, ward_type, admission_date, discharge_date, status, reason, diagnosis, notes, daily_cost, total_cost, initial_deposit, created_at, updated_at, additional_payments, current_room_id, current_ward_type, current_room_number, lastPaymentDate, total_discount, lastDiscountDate, lastDiscountAmount, lastDiscountReason, lastPaymentAmount, last_payment_date, last_discount_date, last_discount_amount, last_discount_reason, last_payment_amount) VALUES ('3f61a83d7c60d1f05714974b7ed922bd', 'ADM-2025-074', 'f5a63a74f5f3a4cd02a82c228cae7176', '9b25e50ddf70456e460eec7c08cbc98a', 'ICU-2', 'ICU', '2025-08-27T00:00:00.000Z', '2025-08-27T07:24:43.865Z', 'discharged', '', '', '', 1600, 0, 0, '2025-08-27 07:24:43', '2025-08-27 07:24:43', 0, NULL, NULL, NULL, NULL, 0, NULL, 0, NULL, 0, NULL, NULL, 0, NULL, 0);
INSERT INTO admissions (id, admission_id, patient_id, doctor_id, room_number, ward_type, admission_date, discharge_date, status, reason, diagnosis, notes, daily_cost, total_cost, initial_deposit, created_at, updated_at, additional_payments, current_room_id, current_ward_type, current_room_number, lastPaymentDate, total_discount, lastDiscountDate, lastDiscountAmount, lastDiscountReason, lastPaymentAmount, last_payment_date, last_discount_date, last_discount_amount, last_discount_reason, last_payment_amount) VALUES ('18b857b26198e095ef620be02379a0f3', 'ADM-2025-075', 'f5a63a74f5f3a4cd02a82c228cae7176', '9b25e50ddf70456e460eec7c08cbc98a', 'ICU-2', 'ICU', '2025-08-27T00:00:00.000Z', '2025-08-27T07:24:44.009Z', 'discharged', '', '', '', 1600, 0, 0, '2025-08-27 07:24:44', '2025-08-27 07:24:44', 0, NULL, NULL, NULL, NULL, 0, NULL, 0, NULL, 0, NULL, NULL, 0, NULL, 0);
INSERT INTO admissions (id, admission_id, patient_id, doctor_id, room_number, ward_type, admission_date, discharge_date, status, reason, diagnosis, notes, daily_cost, total_cost, initial_deposit, created_at, updated_at, additional_payments, current_room_id, current_ward_type, current_room_number, lastPaymentDate, total_discount, lastDiscountDate, lastDiscountAmount, lastDiscountReason, lastPaymentAmount, last_payment_date, last_discount_date, last_discount_amount, last_discount_reason, last_payment_amount) VALUES ('b0c56154388bb890b2d2f296e95da003', 'ADM-2025-076', 'f5a63a74f5f3a4cd02a82c228cae7176', '9b25e50ddf70456e460eec7c08cbc98a', 'ICU-2', 'ICU', '2025-08-27T00:00:00.000Z', '2025-08-27T07:24:44.162Z', 'discharged', '', '', '', 1600, 0, 0, '2025-08-27 07:24:44', '2025-08-27 07:24:44', 0, NULL, NULL, NULL, NULL, 0, NULL, 0, NULL, 0, NULL, NULL, 0, NULL, 0);
INSERT INTO admissions (id, admission_id, patient_id, doctor_id, room_number, ward_type, admission_date, discharge_date, status, reason, diagnosis, notes, daily_cost, total_cost, initial_deposit, created_at, updated_at, additional_payments, current_room_id, current_ward_type, current_room_number, lastPaymentDate, total_discount, lastDiscountDate, lastDiscountAmount, lastDiscountReason, lastPaymentAmount, last_payment_date, last_discount_date, last_discount_amount, last_discount_reason, last_payment_amount) VALUES ('693626588a3bf675386fe44f4d279e24', 'ADM-2025-077', 'f5a63a74f5f3a4cd02a82c228cae7176', '9b25e50ddf70456e460eec7c08cbc98a', 'ICU-2', 'ICU', '2025-08-27T00:00:00.000Z', '2025-08-27T07:24:47.273Z', 'discharged', '', '', '', 1600, 0, 0, '2025-08-27 07:24:47', '2025-08-27 07:24:47', 0, NULL, NULL, NULL, NULL, 0, NULL, 0, NULL, 0, NULL, NULL, 0, NULL, 0);
INSERT INTO admissions (id, admission_id, patient_id, doctor_id, room_number, ward_type, admission_date, discharge_date, status, reason, diagnosis, notes, daily_cost, total_cost, initial_deposit, created_at, updated_at, additional_payments, current_room_id, current_ward_type, current_room_number, lastPaymentDate, total_discount, lastDiscountDate, lastDiscountAmount, lastDiscountReason, lastPaymentAmount, last_payment_date, last_discount_date, last_discount_amount, last_discount_reason, last_payment_amount) VALUES ('284184783903f870154fcddc2f8b944e', 'ADM-2025-078', 'f5a63a74f5f3a4cd02a82c228cae7176', '9b25e50ddf70456e460eec7c08cbc98a', 'ICU-2', 'ICU', '2025-08-27T00:00:00.000Z', '2025-08-27T07:24:48.321Z', 'discharged', '', '', '', 1600, 0, 0, '2025-08-27 07:24:48', '2025-08-27 07:24:48', 0, NULL, NULL, NULL, NULL, 0, NULL, 0, NULL, 0, NULL, NULL, 0, NULL, 0);
INSERT INTO admissions (id, admission_id, patient_id, doctor_id, room_number, ward_type, admission_date, discharge_date, status, reason, diagnosis, notes, daily_cost, total_cost, initial_deposit, created_at, updated_at, additional_payments, current_room_id, current_ward_type, current_room_number, lastPaymentDate, total_discount, lastDiscountDate, lastDiscountAmount, lastDiscountReason, lastPaymentAmount, last_payment_date, last_discount_date, last_discount_amount, last_discount_reason, last_payment_amount) VALUES ('5d7d2fc2de6f2a11c9acfa8972330eaa', 'ADM-2025-079', 'f5a63a74f5f3a4cd02a82c228cae7176', '9b25e50ddf70456e460eec7c08cbc98a', 'ICU-2', 'ICU', '2025-08-27T00:00:00.000Z', '2025-08-27T07:24:48.657Z', 'discharged', '', '', '', 1600, 0, 0, '2025-08-27 07:24:48', '2025-08-27 07:24:48', 0, NULL, NULL, NULL, NULL, 0, NULL, 0, NULL, 0, NULL, NULL, 0, NULL, 0);
INSERT INTO admissions (id, admission_id, patient_id, doctor_id, room_number, ward_type, admission_date, discharge_date, status, reason, diagnosis, notes, daily_cost, total_cost, initial_deposit, created_at, updated_at, additional_payments, current_room_id, current_ward_type, current_room_number, lastPaymentDate, total_discount, lastDiscountDate, lastDiscountAmount, lastDiscountReason, lastPaymentAmount, last_payment_date, last_discount_date, last_discount_amount, last_discount_reason, last_payment_amount) VALUES ('03fd252cb12fe6c8008c5f79b3ff6a25', 'ADM-2025-080', 'f5a63a74f5f3a4cd02a82c228cae7176', '9b25e50ddf70456e460eec7c08cbc98a', 'ICU-2', 'ICU', '2025-08-27T00:00:00.000Z', '2025-08-27T07:24:49.193Z', 'discharged', '', '', '', 1600, 0, 0, '2025-08-27 07:24:49', '2025-08-27 07:24:49', 0, NULL, NULL, NULL, NULL, 0, NULL, 0, NULL, 0, NULL, NULL, 0, NULL, 0);
INSERT INTO admissions (id, admission_id, patient_id, doctor_id, room_number, ward_type, admission_date, discharge_date, status, reason, diagnosis, notes, daily_cost, total_cost, initial_deposit, created_at, updated_at, additional_payments, current_room_id, current_ward_type, current_room_number, lastPaymentDate, total_discount, lastDiscountDate, lastDiscountAmount, lastDiscountReason, lastPaymentAmount, last_payment_date, last_discount_date, last_discount_amount, last_discount_reason, last_payment_amount) VALUES ('49f31f2b89fcb956535dc25175e8eb4d', 'ADM-2025-081', 'f5a63a74f5f3a4cd02a82c228cae7176', '9b25e50ddf70456e460eec7c08cbc98a', 'ICU-2', 'ICU', '2025-08-27T00:00:00.000Z', '2025-08-27T07:24:49.657Z', 'discharged', '', '', '', 1600, 0, 0, '2025-08-27 07:24:49', '2025-08-27 07:24:49', 0, NULL, NULL, NULL, NULL, 0, NULL, 0, NULL, 0, NULL, NULL, 0, NULL, 0);
INSERT INTO admissions (id, admission_id, patient_id, doctor_id, room_number, ward_type, admission_date, discharge_date, status, reason, diagnosis, notes, daily_cost, total_cost, initial_deposit, created_at, updated_at, additional_payments, current_room_id, current_ward_type, current_room_number, lastPaymentDate, total_discount, lastDiscountDate, lastDiscountAmount, lastDiscountReason, lastPaymentAmount, last_payment_date, last_discount_date, last_discount_amount, last_discount_reason, last_payment_amount) VALUES ('80140cba5646bc02b90f0485a5d93d82', 'ADM-2025-082', 'f5a63a74f5f3a4cd02a82c228cae7176', '9b25e50ddf70456e460eec7c08cbc98a', 'ICU-2', 'ICU', '2025-08-27T00:00:00.000Z', '2025-08-27T07:24:49.696Z', 'discharged', '', '', '', 1600, 0, 0, '2025-08-27 07:24:49', '2025-08-27 07:24:49', 0, NULL, NULL, NULL, NULL, 0, NULL, 0, NULL, 0, NULL, NULL, 0, NULL, 0);
INSERT INTO admissions (id, admission_id, patient_id, doctor_id, room_number, ward_type, admission_date, discharge_date, status, reason, diagnosis, notes, daily_cost, total_cost, initial_deposit, created_at, updated_at, additional_payments, current_room_id, current_ward_type, current_room_number, lastPaymentDate, total_discount, lastDiscountDate, lastDiscountAmount, lastDiscountReason, lastPaymentAmount, last_payment_date, last_discount_date, last_discount_amount, last_discount_reason, last_payment_amount) VALUES ('86c4d5a1b34e421b74333924647ccdc7', 'ADM-2025-083', 'f5a63a74f5f3a4cd02a82c228cae7176', '9b25e50ddf70456e460eec7c08cbc98a', 'ICU-2', 'ICU', '2025-08-27T00:00:00.000Z', '2025-08-27T07:24:49.841Z', 'discharged', '', '', '', 1600, 0, 0, '2025-08-27 07:24:49', '2025-08-27 07:24:49', 0, NULL, NULL, NULL, NULL, 0, NULL, 0, NULL, 0, NULL, NULL, 0, NULL, 0);
INSERT INTO admissions (id, admission_id, patient_id, doctor_id, room_number, ward_type, admission_date, discharge_date, status, reason, diagnosis, notes, daily_cost, total_cost, initial_deposit, created_at, updated_at, additional_payments, current_room_id, current_ward_type, current_room_number, lastPaymentDate, total_discount, lastDiscountDate, lastDiscountAmount, lastDiscountReason, lastPaymentAmount, last_payment_date, last_discount_date, last_discount_amount, last_discount_reason, last_payment_amount) VALUES ('766a99d3bbdd5641542fe098dc179ac6', 'ADM-2025-084', 'f5a63a74f5f3a4cd02a82c228cae7176', '9b25e50ddf70456e460eec7c08cbc98a', 'ICU-2', 'ICU', '2025-08-27T00:00:00.000Z', '2025-08-27T07:24:50.561Z', 'discharged', '', '', '', 1600, 0, 0, '2025-08-27 07:24:50', '2025-08-27 07:24:50', 0, NULL, NULL, NULL, NULL, 0, NULL, 0, NULL, 0, NULL, NULL, 0, NULL, 0);
INSERT INTO admissions (id, admission_id, patient_id, doctor_id, room_number, ward_type, admission_date, discharge_date, status, reason, diagnosis, notes, daily_cost, total_cost, initial_deposit, created_at, updated_at, additional_payments, current_room_id, current_ward_type, current_room_number, lastPaymentDate, total_discount, lastDiscountDate, lastDiscountAmount, lastDiscountReason, lastPaymentAmount, last_payment_date, last_discount_date, last_discount_amount, last_discount_reason, last_payment_amount) VALUES ('06bcdd6fbda7459e4180216b39d14288', 'ADM-2025-085', 'f5a63a74f5f3a4cd02a82c228cae7176', '9b25e50ddf70456e460eec7c08cbc98a', 'ICU-2', 'ICU', '2025-08-27T00:00:00.000Z', '2025-08-27T07:24:57.653Z', 'discharged', '', '', '', 1600, 0, 0, '2025-08-27 07:24:57', '2025-08-27 07:24:57', 0, NULL, NULL, NULL, NULL, 0, NULL, 0, NULL, 0, NULL, NULL, 0, NULL, 0);
INSERT INTO admissions (id, admission_id, patient_id, doctor_id, room_number, ward_type, admission_date, discharge_date, status, reason, diagnosis, notes, daily_cost, total_cost, initial_deposit, created_at, updated_at, additional_payments, current_room_id, current_ward_type, current_room_number, lastPaymentDate, total_discount, lastDiscountDate, lastDiscountAmount, lastDiscountReason, lastPaymentAmount, last_payment_date, last_discount_date, last_discount_amount, last_discount_reason, last_payment_amount) VALUES ('8f1fae4b2b59f993f5a19e3443d71f4d', 'ADM-2025-086', 'f5a63a74f5f3a4cd02a82c228cae7176', '9b25e50ddf70456e460eec7c08cbc98a', 'ICU-2', 'ICU', '2025-08-27T00:00:00.000Z', '2025-08-27T07:46:27.205Z', 'discharged', '', '', '', 1600, 0, 0, '2025-08-27 13:16:27', '2025-08-27 13:16:27', 0, NULL, NULL, NULL, NULL, 0, NULL, 0, NULL, 0, NULL, NULL, 0, NULL, 0);
INSERT INTO admissions (id, admission_id, patient_id, doctor_id, room_number, ward_type, admission_date, discharge_date, status, reason, diagnosis, notes, daily_cost, total_cost, initial_deposit, created_at, updated_at, additional_payments, current_room_id, current_ward_type, current_room_number, lastPaymentDate, total_discount, lastDiscountDate, lastDiscountAmount, lastDiscountReason, lastPaymentAmount, last_payment_date, last_discount_date, last_discount_amount, last_discount_reason, last_payment_amount) VALUES ('1c29426ff1cc7b6b7e830d82d3ffb6d3', 'ADM-2025-087', 'f5a63a74f5f3a4cd02a82c228cae7176', '8a5d3fa53165827b7afbadc2cdeaf97b', 'GW-03', 'General Ward', '2025-08-27', '2025-08-27T07:47:01.117Z', 'discharged', '', '', '', 600, 0, 0, '2025-08-27 13:16:39', '2025-08-27 13:17:01', 0, NULL, NULL, NULL, NULL, 0, NULL, 0, NULL, 0, NULL, NULL, 0, NULL, 0);
INSERT INTO admissions (id, admission_id, patient_id, doctor_id, room_number, ward_type, admission_date, discharge_date, status, reason, diagnosis, notes, daily_cost, total_cost, initial_deposit, created_at, updated_at, additional_payments, current_room_id, current_ward_type, current_room_number, lastPaymentDate, total_discount, lastDiscountDate, lastDiscountAmount, lastDiscountReason, lastPaymentAmount, last_payment_date, last_discount_date, last_discount_amount, last_discount_reason, last_payment_amount) VALUES ('9e41e86b33a0b26a9cbc5a1449a30650', 'ADM-2025-088', 'f5a63a74f5f3a4cd02a82c228cae7176', '8a5d3fa53165827b7afbadc2cdeaf97b', 'GW-03', 'General Ward', '2025-08-27', '2025-08-27T07:47:01.060Z', 'discharged', '', '', '', 600, 0, 0, '2025-08-27 13:17:01', '2025-08-27 13:17:01', 0, NULL, NULL, NULL, NULL, 0, NULL, 0, NULL, 0, NULL, NULL, 0, NULL, 0);
INSERT INTO admissions (id, admission_id, patient_id, doctor_id, room_number, ward_type, admission_date, discharge_date, status, reason, diagnosis, notes, daily_cost, total_cost, initial_deposit, created_at, updated_at, additional_payments, current_room_id, current_ward_type, current_room_number, lastPaymentDate, total_discount, lastDiscountDate, lastDiscountAmount, lastDiscountReason, lastPaymentAmount, last_payment_date, last_discount_date, last_discount_amount, last_discount_reason, last_payment_amount) VALUES ('97077c8ac89fb391f7425ce5aa4e5ed4', 'ADM-2025-089', 'f5a63a74f5f3a4cd02a82c228cae7176', '8a5d3fa53165827b7afbadc2cdeaf97b', 'NR-F-1', 'Nursing Room', '2025-08-27', '2025-08-27T07:53:00.570Z', 'discharged', '', '', '', 800, 0, 0, '2025-08-27T13:20:22', '2025-08-27T13:23:00', 0, NULL, NULL, NULL, NULL, 0, NULL, 0, NULL, 0, NULL, NULL, 0, NULL, 0);
INSERT INTO admissions (id, admission_id, patient_id, doctor_id, room_number, ward_type, admission_date, discharge_date, status, reason, diagnosis, notes, daily_cost, total_cost, initial_deposit, created_at, updated_at, additional_payments, current_room_id, current_ward_type, current_room_number, lastPaymentDate, total_discount, lastDiscountDate, lastDiscountAmount, lastDiscountReason, lastPaymentAmount, last_payment_date, last_discount_date, last_discount_amount, last_discount_reason, last_payment_amount) VALUES ('0f40cb893722ec66f5afa113153ad3ab', 'ADM-2025-090', 'f5a63a74f5f3a4cd02a82c228cae7176', '8a5d3fa53165827b7afbadc2cdeaf97b', 'NR-F-1', 'Nursing Room', '2025-08-27', '2025-08-27T07:53:00.516Z', 'discharged', '', '', '', 800, 0, 0, '2025-08-27T13:23:00', '2025-08-27T13:23:00', 0, NULL, NULL, NULL, NULL, 0, NULL, 0, NULL, 0, NULL, NULL, 0, NULL, 0);
INSERT INTO admissions (id, admission_id, patient_id, doctor_id, room_number, ward_type, admission_date, discharge_date, status, reason, diagnosis, notes, daily_cost, total_cost, initial_deposit, created_at, updated_at, additional_payments, current_room_id, current_ward_type, current_room_number, lastPaymentDate, total_discount, lastDiscountDate, lastDiscountAmount, lastDiscountReason, lastPaymentAmount, last_payment_date, last_discount_date, last_discount_amount, last_discount_reason, last_payment_amount) VALUES ('f4b2022e8cdd4f28129ee438a1efa14c', 'ADM-2025-091', 'f5a63a74f5f3a4cd02a82c228cae7176', '8a5d3fa53165827b7afbadc2cdeaf97b', 'GW-07', 'General Ward', '2025-08-27T08:03:40.082Z', '2025-09-03T21:30:34.109Z', 'discharged', '', '', '', 600, 0, 0, '2025-08-27 08:03:40', '2025-09-03T21:30:34.109Z', 0, NULL, NULL, NULL, NULL, 0, NULL, 0, NULL, 0, NULL, NULL, 0, NULL, 0);
INSERT INTO admissions (id, admission_id, patient_id, doctor_id, room_number, ward_type, admission_date, discharge_date, status, reason, diagnosis, notes, daily_cost, total_cost, initial_deposit, created_at, updated_at, additional_payments, current_room_id, current_ward_type, current_room_number, lastPaymentDate, total_discount, lastDiscountDate, lastDiscountAmount, lastDiscountReason, lastPaymentAmount, last_payment_date, last_discount_date, last_discount_amount, last_discount_reason, last_payment_amount) VALUES ('1b38bea9c9db17130f49c1340500bc10', 'ADM-2025-092', '370ebf4bccacd9d107e17e86c16b8c22', '8a5d3fa53165827b7afbadc2cdeaf97b', 'ICU-2', 'ICU', '2025-08-27T08:04:06.814Z', '2025-08-27T08:04:11.798Z', 'discharged', '', '', '', 1600, 0, 0, '2025-08-27 08:04:06', '2025-08-27T08:04:11.800Z', 0, NULL, NULL, NULL, NULL, 0, NULL, 0, NULL, 0, NULL, NULL, 0, NULL, 0);
INSERT INTO admissions (id, admission_id, patient_id, doctor_id, room_number, ward_type, admission_date, discharge_date, status, reason, diagnosis, notes, daily_cost, total_cost, initial_deposit, created_at, updated_at, additional_payments, current_room_id, current_ward_type, current_room_number, lastPaymentDate, total_discount, lastDiscountDate, lastDiscountAmount, lastDiscountReason, lastPaymentAmount, last_payment_date, last_discount_date, last_discount_amount, last_discount_reason, last_payment_amount) VALUES ('3b36f90315bba361dd7e47d304e48368', 'ADM-2025-093', '370ebf4bccacd9d107e17e86c16b8c22', '8a5d3fa53165827b7afbadc2cdeaf97b', 'ICU-2', 'ICU', '2025-08-27T08:04:11.781Z', '2025-08-27T08:04:11.776Z', 'discharged', '', '', '', 1600, 0, 0, '2025-08-27 08:04:11', '2025-08-27 08:04:11', 0, NULL, NULL, NULL, NULL, 0, NULL, 0, NULL, 0, NULL, NULL, 0, NULL, 0);
INSERT INTO admissions (id, admission_id, patient_id, doctor_id, room_number, ward_type, admission_date, discharge_date, status, reason, diagnosis, notes, daily_cost, total_cost, initial_deposit, created_at, updated_at, additional_payments, current_room_id, current_ward_type, current_room_number, lastPaymentDate, total_discount, lastDiscountDate, lastDiscountAmount, lastDiscountReason, lastPaymentAmount, last_payment_date, last_discount_date, last_discount_amount, last_discount_reason, last_payment_amount) VALUES ('67cb6f7a883a5f2694eb8d9c3e6202e5', 'ADM-2025-094', '370ebf4bccacd9d107e17e86c16b8c22', '9b25e50ddf70456e460eec7c08cbc98a', 'ICU-2', 'ICU', '2025-08-27T08:04:26.964Z', '2025-08-27T08:05:26.803Z', 'discharged', '', '', '', 1600, 0, 0, '2025-08-27 08:04:26', '2025-08-27T08:05:26.804Z', 0, NULL, NULL, NULL, NULL, 0, NULL, 0, NULL, 0, NULL, NULL, 0, NULL, 0);
INSERT INTO admissions (id, admission_id, patient_id, doctor_id, room_number, ward_type, admission_date, discharge_date, status, reason, diagnosis, notes, daily_cost, total_cost, initial_deposit, created_at, updated_at, additional_payments, current_room_id, current_ward_type, current_room_number, lastPaymentDate, total_discount, lastDiscountDate, lastDiscountAmount, lastDiscountReason, lastPaymentAmount, last_payment_date, last_discount_date, last_discount_amount, last_discount_reason, last_payment_amount) VALUES ('7da2d4f7ba10c606f0ac50da6763837e', 'ADM-2025-095', '370ebf4bccacd9d107e17e86c16b8c22', '9b25e50ddf70456e460eec7c08cbc98a', 'ICU-2', 'ICU', '2025-08-27T08:05:26.785Z', '2025-08-27T08:05:26.783Z', 'discharged', '', '', '', 1600, 0, 0, '2025-08-27 08:05:26', '2025-08-27 08:05:26', 0, NULL, NULL, NULL, NULL, 0, NULL, 0, NULL, 0, NULL, NULL, 0, NULL, 0);
INSERT INTO admissions (id, admission_id, patient_id, doctor_id, room_number, ward_type, admission_date, discharge_date, status, reason, diagnosis, notes, daily_cost, total_cost, initial_deposit, created_at, updated_at, additional_payments, current_room_id, current_ward_type, current_room_number, lastPaymentDate, total_discount, lastDiscountDate, lastDiscountAmount, lastDiscountReason, lastPaymentAmount, last_payment_date, last_discount_date, last_discount_amount, last_discount_reason, last_payment_amount) VALUES ('0a2cfe6c00f7465c530cb1b317b720c7', 'ADM-2025-096', 'a02be052a1eb8b53d2bd4963ae9e30aa', '8a5d3fa53165827b7afbadc2cdeaf97b', NULL, NULL, '2025-08-28T06:56:20.022Z', '2025-08-28T06:57:00.139Z', 'discharged', '', '', '', 600, 0, 0, '2025-08-28 06:56:20', '2025-08-28T06:57:00.139Z', 0, NULL, 'ICU', 'ICU-2', NULL, 0, NULL, 0, NULL, 0, NULL, NULL, 0, NULL, 0);
INSERT INTO admissions (id, admission_id, patient_id, doctor_id, room_number, ward_type, admission_date, discharge_date, status, reason, diagnosis, notes, daily_cost, total_cost, initial_deposit, created_at, updated_at, additional_payments, current_room_id, current_ward_type, current_room_number, lastPaymentDate, total_discount, lastDiscountDate, lastDiscountAmount, lastDiscountReason, lastPaymentAmount, last_payment_date, last_discount_date, last_discount_amount, last_discount_reason, last_payment_amount) VALUES ('692e0d15f0223fa184f9d49929406bae', 'ADM-2025-097', 'ba50ec1ee71a4a3bddb346e8f6aa8fa6', '8a5d3fa53165827b7afbadc2cdeaf97b', NULL, NULL, '2025-08-28T06:58:43.284Z', '2025-08-28T07:01:10.555Z', 'discharged', 'sssasa', '', 'dsdd', 800, 0, 2000, '2025-08-28 06:58:43', '2025-08-28T07:01:10.555Z', 0, NULL, 'Private Room', 'PR-3', NULL, 0, NULL, 0, NULL, 0, NULL, NULL, 0, NULL, 0);
INSERT INTO admissions (id, admission_id, patient_id, doctor_id, room_number, ward_type, admission_date, discharge_date, status, reason, diagnosis, notes, daily_cost, total_cost, initial_deposit, created_at, updated_at, additional_payments, current_room_id, current_ward_type, current_room_number, lastPaymentDate, total_discount, lastDiscountDate, lastDiscountAmount, lastDiscountReason, lastPaymentAmount, last_payment_date, last_discount_date, last_discount_amount, last_discount_reason, last_payment_amount) VALUES ('69b27cd3161cda3e7e59fd7b72156f64', 'ADM-2025-098', 'ba50ec1ee71a4a3bddb346e8f6aa8fa6', '9b25e50ddf70456e460eec7c08cbc98a', NULL, NULL, '2025-08-28T07:03:07.599Z', '2025-09-03T21:29:54.201Z', 'discharged', '', '', '', 600, 0, 1000, '2025-08-28 07:03:07', '2025-09-03T21:29:54.201Z', 0, NULL, 'Casualty', 'C-2', NULL, 0, NULL, 0, NULL, 0, NULL, NULL, 0, NULL, 0);
INSERT INTO admissions (id, admission_id, patient_id, doctor_id, room_number, ward_type, admission_date, discharge_date, status, reason, diagnosis, notes, daily_cost, total_cost, initial_deposit, created_at, updated_at, additional_payments, current_room_id, current_ward_type, current_room_number, lastPaymentDate, total_discount, lastDiscountDate, lastDiscountAmount, lastDiscountReason, lastPaymentAmount, last_payment_date, last_discount_date, last_discount_amount, last_discount_reason, last_payment_amount) VALUES ('a9585e6bd4d913730f3db5c47b258864', 'ADM-2025-099', 'c4b735850d56a0d59a328f35e972e7d8', '8a5d3fa53165827b7afbadc2cdeaf97b', NULL, NULL, '2025-08-28T19:18:49.144Z', '2025-08-28T19:22:28.204Z', 'discharged', '', '', '', 1600, 0, 0, '2025-08-28 19:18:49', '2025-08-28T19:22:28.204Z', 0, NULL, 'ICU', 'ICU-2', NULL, 0, NULL, 0, NULL, 0, NULL, NULL, 0, NULL, 0);
INSERT INTO admissions (id, admission_id, patient_id, doctor_id, room_number, ward_type, admission_date, discharge_date, status, reason, diagnosis, notes, daily_cost, total_cost, initial_deposit, created_at, updated_at, additional_payments, current_room_id, current_ward_type, current_room_number, lastPaymentDate, total_discount, lastDiscountDate, lastDiscountAmount, lastDiscountReason, lastPaymentAmount, last_payment_date, last_discount_date, last_discount_amount, last_discount_reason, last_payment_amount) VALUES ('1e038c7a9986306e21ba4b061f0a379e', 'ADM-2025-100', 'c4b735850d56a0d59a328f35e972e7d8', '8a5d3fa53165827b7afbadc2cdeaf97b', NULL, NULL, '2025-08-28T19:27:42.396Z', '2025-08-28T19:33:43.209Z', 'discharged', '', '', '', 600, 0, 0, '2025-08-28 19:27:42', '2025-08-28T19:33:43.209Z', 0, NULL, 'General Ward', 'GW-05', NULL, 0, NULL, 0, NULL, 0, NULL, NULL, 0, NULL, 0);
INSERT INTO admissions (id, admission_id, patient_id, doctor_id, room_number, ward_type, admission_date, discharge_date, status, reason, diagnosis, notes, daily_cost, total_cost, initial_deposit, created_at, updated_at, additional_payments, current_room_id, current_ward_type, current_room_number, lastPaymentDate, total_discount, lastDiscountDate, lastDiscountAmount, lastDiscountReason, lastPaymentAmount, last_payment_date, last_discount_date, last_discount_amount, last_discount_reason, last_payment_amount) VALUES ('7820c07070e30dad48f562072c024cd3', 'ADM-2025-101', 'c4b735850d56a0d59a328f35e972e7d8', '8a5d3fa53165827b7afbadc2cdeaf97b', NULL, NULL, '2025-08-28T19:45:27.972Z', '2025-08-30T18:34:19.432Z', 'discharged', '', '', '', 600, 0, 0, '2025-08-28 19:45:27', '2025-08-30T18:34:19.432Z', 10004, NULL, 'ICU', 'ICU-2', NULL, 0, NULL, 0, NULL, 0, NULL, NULL, 0, NULL, 0);
INSERT INTO admissions (id, admission_id, patient_id, doctor_id, room_number, ward_type, admission_date, discharge_date, status, reason, diagnosis, notes, daily_cost, total_cost, initial_deposit, created_at, updated_at, additional_payments, current_room_id, current_ward_type, current_room_number, lastPaymentDate, total_discount, lastDiscountDate, lastDiscountAmount, lastDiscountReason, lastPaymentAmount, last_payment_date, last_discount_date, last_discount_amount, last_discount_reason, last_payment_amount) VALUES ('e95a3af6f5143c5b5ee9426a5f61ca26', 'ADM-2025-102', '6689022e9c52aedafb4ed02f9fde6748', '9b25e50ddf70456e460eec7c08cbc98a', NULL, NULL, '2025-08-31T12:26:57.851Z', '2025-08-31T12:28:10.723Z', 'discharged', '', '', '', 1600, 0, 0, '2025-08-31 12:26:57', '2025-08-31T12:28:10.723Z', 0, NULL, 'ICU', 'ICU-2', NULL, 0, NULL, 0, NULL, 0, NULL, NULL, 0, NULL, 0);
INSERT INTO admissions (id, admission_id, patient_id, doctor_id, room_number, ward_type, admission_date, discharge_date, status, reason, diagnosis, notes, daily_cost, total_cost, initial_deposit, created_at, updated_at, additional_payments, current_room_id, current_ward_type, current_room_number, lastPaymentDate, total_discount, lastDiscountDate, lastDiscountAmount, lastDiscountReason, lastPaymentAmount, last_payment_date, last_discount_date, last_discount_amount, last_discount_reason, last_payment_amount) VALUES ('7490dceafa2bde9188e06b3ca59a53f6', 'ADM-2025-103', 'c4b735850d56a0d59a328f35e972e7d8', '8a5d3fa53165827b7afbadc2cdeaf97b', NULL, NULL, '2025-08-31T12:28:26.257Z', '2025-09-03T21:23:19.214Z', 'discharged', '', '', '', 600, 0, 12000, '2025-08-31 12:28:26', '2025-09-03T21:23:19.214Z', 0, NULL, 'General Ward', 'GW-05', NULL, 0, NULL, 0, NULL, 0, NULL, NULL, 0, NULL, 0);
INSERT INTO admissions (id, admission_id, patient_id, doctor_id, room_number, ward_type, admission_date, discharge_date, status, reason, diagnosis, notes, daily_cost, total_cost, initial_deposit, created_at, updated_at, additional_payments, current_room_id, current_ward_type, current_room_number, lastPaymentDate, total_discount, lastDiscountDate, lastDiscountAmount, lastDiscountReason, lastPaymentAmount, last_payment_date, last_discount_date, last_discount_amount, last_discount_reason, last_payment_amount) VALUES ('77eeae12cfe2bb1d1088e0b5b1434c07', 'ADM-2025-104', 'fdd8de115ef81cf32bae39ee0f045e9a', '8a5d3fa53165827b7afbadc2cdeaf97b', NULL, NULL, '2025-08-31T13:34:26.373Z', '2025-09-03T21:20:38.884Z', 'discharged', '', '', '', 600, 0, 0, '2025-08-31 13:34:26', '2025-09-03T21:20:38.884Z', 0, NULL, 'General Ward', 'GW-10', NULL, 0, NULL, 0, NULL, 0, NULL, NULL, 0, NULL, 0);
INSERT INTO admissions (id, admission_id, patient_id, doctor_id, room_number, ward_type, admission_date, discharge_date, status, reason, diagnosis, notes, daily_cost, total_cost, initial_deposit, created_at, updated_at, additional_payments, current_room_id, current_ward_type, current_room_number, lastPaymentDate, total_discount, lastDiscountDate, lastDiscountAmount, lastDiscountReason, lastPaymentAmount, last_payment_date, last_discount_date, last_discount_amount, last_discount_reason, last_payment_amount) VALUES ('a918bff6cff244998a1445401b267abb', 'ADM-2025-105', '8e4a4b7f9896752fc6335dc0ae203ed0', '8a5d3fa53165827b7afbadc2cdeaf97b', NULL, NULL, '2025-08-31T14:21:03.954Z', '2025-08-31T14:23:44.498Z', 'discharged', '', '', '', 1600, 0, 0, '2025-08-31 14:21:03', '2025-08-31T14:23:44.498Z', 0, NULL, 'Private Room', 'PR-5', NULL, 0, NULL, 0, NULL, 0, NULL, NULL, 0, NULL, 0);
INSERT INTO admissions (id, admission_id, patient_id, doctor_id, room_number, ward_type, admission_date, discharge_date, status, reason, diagnosis, notes, daily_cost, total_cost, initial_deposit, created_at, updated_at, additional_payments, current_room_id, current_ward_type, current_room_number, lastPaymentDate, total_discount, lastDiscountDate, lastDiscountAmount, lastDiscountReason, lastPaymentAmount, last_payment_date, last_discount_date, last_discount_amount, last_discount_reason, last_payment_amount) VALUES ('8a63b09829c47621f7fdb6a20fefb9a7', 'ADM-2025-106', '8e482369bd27098a426a158c95141c8d', '9b25e50ddf70456e460eec7c08cbc98a', NULL, NULL, '2025-08-31T14:22:02.667Z', '2025-08-31T14:22:20.972Z', 'discharged', '', '', '', 600, 0, 0, '2025-08-31 14:22:02', '2025-08-31T14:22:20.972Z', 0, NULL, 'General Ward', 'GW-03', NULL, 0, NULL, 0, NULL, 0, NULL, NULL, 0, NULL, 0);
INSERT INTO admissions (id, admission_id, patient_id, doctor_id, room_number, ward_type, admission_date, discharge_date, status, reason, diagnosis, notes, daily_cost, total_cost, initial_deposit, created_at, updated_at, additional_payments, current_room_id, current_ward_type, current_room_number, lastPaymentDate, total_discount, lastDiscountDate, lastDiscountAmount, lastDiscountReason, lastPaymentAmount, last_payment_date, last_discount_date, last_discount_amount, last_discount_reason, last_payment_amount) VALUES ('cb093f867f1fc782a9bb00483d94fe25', 'ADM-2025-107', '8e482369bd27098a426a158c95141c8d', '8a5d3fa53165827b7afbadc2cdeaf97b', NULL, NULL, '2025-08-31T17:16:07.107Z', '2025-08-31T17:16:10.032Z', 'discharged', '', '', '', 600, 0, 1000, '2025-08-31 17:16:07', '2025-08-31T17:16:10.032Z', 0, NULL, 'General Ward', 'GW-07', NULL, 0, NULL, 0, NULL, 0, NULL, NULL, 0, NULL, 0);
INSERT INTO admissions (id, admission_id, patient_id, doctor_id, room_number, ward_type, admission_date, discharge_date, status, reason, diagnosis, notes, daily_cost, total_cost, initial_deposit, created_at, updated_at, additional_payments, current_room_id, current_ward_type, current_room_number, lastPaymentDate, total_discount, lastDiscountDate, lastDiscountAmount, lastDiscountReason, lastPaymentAmount, last_payment_date, last_discount_date, last_discount_amount, last_discount_reason, last_payment_amount) VALUES ('38807e80819403f91f5d798268beb594', 'ADM-2025-108', '22db7f2a9da62cf7ea461a73aeb6a331', '8a5d3fa53165827b7afbadc2cdeaf97b', NULL, NULL, '2025-09-02T08:14:13.769Z', '2025-09-03T20:52:08.739Z', 'discharged', '', '', '', 1600, 0, 0, '2025-09-02 08:14:13', '2025-09-03T20:52:08.739Z', 0, NULL, 'ICU', 'ICU-2', NULL, 0, NULL, 0, NULL, 0, NULL, NULL, 0, NULL, 0);
INSERT INTO admissions (id, admission_id, patient_id, doctor_id, room_number, ward_type, admission_date, discharge_date, status, reason, diagnosis, notes, daily_cost, total_cost, initial_deposit, created_at, updated_at, additional_payments, current_room_id, current_ward_type, current_room_number, lastPaymentDate, total_discount, lastDiscountDate, lastDiscountAmount, lastDiscountReason, lastPaymentAmount, last_payment_date, last_discount_date, last_discount_amount, last_discount_reason, last_payment_amount) VALUES ('d0b78def2c96cb79615aa4e8c5e39d33', 'ADM-2025-109', '6433a23edac0278ff42daf73c3f66a67', NULL, NULL, NULL, '2025-09-03T10:06:58.317Z', '2025-09-03T20:48:14.239Z', 'discharged', '', '', '', 1400, 0, 1000, '2025-09-03 10:06:58', '2025-09-03T20:48:14.239Z', 0, NULL, 'Private Room', 'PR-3', NULL, 0, NULL, 0, NULL, 0, NULL, NULL, 0, NULL, 0);
INSERT INTO admissions (id, admission_id, patient_id, doctor_id, room_number, ward_type, admission_date, discharge_date, status, reason, diagnosis, notes, daily_cost, total_cost, initial_deposit, created_at, updated_at, additional_payments, current_room_id, current_ward_type, current_room_number, lastPaymentDate, total_discount, lastDiscountDate, lastDiscountAmount, lastDiscountReason, lastPaymentAmount, last_payment_date, last_discount_date, last_discount_amount, last_discount_reason, last_payment_amount) VALUES ('523c3e78dbbf0b6edf896b474de09e3c', 'ADM-2025-110', 'dea92b974cc822aa4cdfbf958848f560', '8a5d3fa53165827b7afbadc2cdeaf97b', NULL, NULL, '2025-09-03T21:43:31.575Z', '2025-09-04', 'discharged', '', '', '', 600, 0, 0, '2025-09-03 21:43:31', '2025-09-04T06:04:20.885Z', 0, NULL, 'General Ward', 'GW-01', NULL, 0, NULL, 0, NULL, 0, NULL, NULL, 0, NULL, 0);
INSERT INTO admissions (id, admission_id, patient_id, doctor_id, room_number, ward_type, admission_date, discharge_date, status, reason, diagnosis, notes, daily_cost, total_cost, initial_deposit, created_at, updated_at, additional_payments, current_room_id, current_ward_type, current_room_number, lastPaymentDate, total_discount, lastDiscountDate, lastDiscountAmount, lastDiscountReason, lastPaymentAmount, last_payment_date, last_discount_date, last_discount_amount, last_discount_reason, last_payment_amount) VALUES ('3b42a308a34040f2d7293754db5569ba', 'ADM-2025-111', 'f043628eef58f7878f1429ee0c75ecfd', '8a5d3fa53165827b7afbadc2cdeaf97b', NULL, NULL, '2025-09-03T21:44:53.511Z', '2025-09-03T21:54:41.237Z', 'discharged', '', '', '', 600, 0, 0, '2025-09-03 21:44:53', '2025-09-03T21:54:41.237Z', 0, NULL, 'General Ward', 'GW-01', NULL, 0, NULL, 0, NULL, 0, NULL, NULL, 0, NULL, 0);
INSERT INTO admissions (id, admission_id, patient_id, doctor_id, room_number, ward_type, admission_date, discharge_date, status, reason, diagnosis, notes, daily_cost, total_cost, initial_deposit, created_at, updated_at, additional_payments, current_room_id, current_ward_type, current_room_number, lastPaymentDate, total_discount, lastDiscountDate, lastDiscountAmount, lastDiscountReason, lastPaymentAmount, last_payment_date, last_discount_date, last_discount_amount, last_discount_reason, last_payment_amount) VALUES ('dc143f537cf13df3548be6eccd764330', 'ADM-2025-112', 'f043628eef58f7878f1429ee0c75ecfd', '8a5d3fa53165827b7afbadc2cdeaf97b', NULL, NULL, '2025-09-04T00:58:17.825Z', '2025-09-04', 'discharged', '', '', '', 600, 0, 0, '2025-09-04 00:58:17', '2025-09-04T06:03:36.775Z', 0, NULL, 'General Ward', 'GW-02', NULL, 0, NULL, 0, NULL, 0, NULL, NULL, 0, NULL, 0);
INSERT INTO admissions (id, admission_id, patient_id, doctor_id, room_number, ward_type, admission_date, discharge_date, status, reason, diagnosis, notes, daily_cost, total_cost, initial_deposit, created_at, updated_at, additional_payments, current_room_id, current_ward_type, current_room_number, lastPaymentDate, total_discount, lastDiscountDate, lastDiscountAmount, lastDiscountReason, lastPaymentAmount, last_payment_date, last_discount_date, last_discount_amount, last_discount_reason, last_payment_amount) VALUES ('f62b29a447b8c91e7cd66034d748f984', 'ADM-2025-113', '8cc3c42c2363dfe90ada2309036ca820', '9b25e50ddf70456e460eec7c08cbc98a', NULL, NULL, '2025-09-04T05:41:48.986Z', '2025-09-04', 'discharged', '', '', '', 1600, 0, 0, '2025-09-04 05:41:48', '2025-09-04T06:00:37.781Z', 0, NULL, 'ICU', 'ICU-2', NULL, 0, NULL, 0, NULL, 0, NULL, NULL, 0, NULL, 0);
INSERT INTO admissions (id, admission_id, patient_id, doctor_id, room_number, ward_type, admission_date, discharge_date, status, reason, diagnosis, notes, daily_cost, total_cost, initial_deposit, created_at, updated_at, additional_payments, current_room_id, current_ward_type, current_room_number, lastPaymentDate, total_discount, lastDiscountDate, lastDiscountAmount, lastDiscountReason, lastPaymentAmount, last_payment_date, last_discount_date, last_discount_amount, last_discount_reason, last_payment_amount) VALUES ('df7df43fea303f435271b9124bb30507', 'ADM-2025-114', '8cc3c42c2363dfe90ada2309036ca820', '9b25e50ddf70456e460eec7c08cbc98a', NULL, NULL, '2025-09-04', '2025-09-04', 'discharged', '', '', '', 1200, 0, 0, '2025-09-04 06:00:45', '2025-09-04T06:03:24.856Z', 0, NULL, 'Casualty', 'C-2', NULL, 0, NULL, 0, NULL, 0, NULL, NULL, 0, NULL, 0);
INSERT INTO admissions (id, admission_id, patient_id, doctor_id, room_number, ward_type, admission_date, discharge_date, status, reason, diagnosis, notes, daily_cost, total_cost, initial_deposit, created_at, updated_at, additional_payments, current_room_id, current_ward_type, current_room_number, lastPaymentDate, total_discount, lastDiscountDate, lastDiscountAmount, lastDiscountReason, lastPaymentAmount, last_payment_date, last_discount_date, last_discount_amount, last_discount_reason, last_payment_amount) VALUES ('05726ee82655ee186ba2200629b0082b', 'ADM-2025-115', '8cc3c42c2363dfe90ada2309036ca820', '9b25e50ddf70456e460eec7c08cbc98a', NULL, NULL, '2025-09-04', '2025-09-04', 'discharged', '', '', '', 1200, 0, 0, '2025-09-04 06:04:42', '2025-09-04T06:13:37.483Z', 0, NULL, 'Casualty', 'C-1', NULL, 0, NULL, 0, NULL, 0, NULL, NULL, 0, NULL, 0);
INSERT INTO admissions (id, admission_id, patient_id, doctor_id, room_number, ward_type, admission_date, discharge_date, status, reason, diagnosis, notes, daily_cost, total_cost, initial_deposit, created_at, updated_at, additional_payments, current_room_id, current_ward_type, current_room_number, lastPaymentDate, total_discount, lastDiscountDate, lastDiscountAmount, lastDiscountReason, lastPaymentAmount, last_payment_date, last_discount_date, last_discount_amount, last_discount_reason, last_payment_amount) VALUES ('c0e293df7cc2bdfcaeeb81bebdbbba29', 'ADM-2025-116', '8cc3c42c2363dfe90ada2309036ca820', NULL, NULL, NULL, '2025-09-04', '2025-09-04', 'discharged', '', '', '', 1200, 0, 0, '2025-09-04 06:14:42', '2025-09-04T06:35:20.222Z', 0, NULL, 'Casualty', 'C-2', NULL, 0, NULL, 0, NULL, 0, NULL, NULL, 0, NULL, 0);
INSERT INTO admissions (id, admission_id, patient_id, doctor_id, room_number, ward_type, admission_date, discharge_date, status, reason, diagnosis, notes, daily_cost, total_cost, initial_deposit, created_at, updated_at, additional_payments, current_room_id, current_ward_type, current_room_number, lastPaymentDate, total_discount, lastDiscountDate, lastDiscountAmount, lastDiscountReason, lastPaymentAmount, last_payment_date, last_discount_date, last_discount_amount, last_discount_reason, last_payment_amount) VALUES ('4546f46dcd94a9b471b3afc18700a47e', 'ADM-2025-117', '8cc3c42c2363dfe90ada2309036ca820', '9b25e50ddf70456e460eec7c08cbc98a', NULL, NULL, '2025-09-04', '2025-09-04', 'discharged', '', '', '', 1600, 0, 2000, '2025-09-04 06:36:11', '2025-09-04T06:48:51.498Z', 0, NULL, 'ICU', 'ICU-2', NULL, 0, NULL, 0, NULL, 0, NULL, NULL, 0, NULL, 0);
INSERT INTO admissions (id, admission_id, patient_id, doctor_id, room_number, ward_type, admission_date, discharge_date, status, reason, diagnosis, notes, daily_cost, total_cost, initial_deposit, created_at, updated_at, additional_payments, current_room_id, current_ward_type, current_room_number, lastPaymentDate, total_discount, lastDiscountDate, lastDiscountAmount, lastDiscountReason, lastPaymentAmount, last_payment_date, last_discount_date, last_discount_amount, last_discount_reason, last_payment_amount) VALUES ('5616433ceff14278a31488bb7381c517', 'ADM-2025-118', '8cc3c42c2363dfe90ada2309036ca820', '9b25e50ddf70456e460eec7c08cbc98a', NULL, NULL, '2025-09-04', '2025-09-04', 'discharged', '', '', '', 1600, 0, 0, '2025-09-04 06:49:14', '2025-09-04T06:49:28.609Z', 0, NULL, 'ICU', 'ICU-2', NULL, 0, NULL, 0, NULL, 0, NULL, NULL, 0, NULL, 0);
INSERT INTO admissions (id, admission_id, patient_id, doctor_id, room_number, ward_type, admission_date, discharge_date, status, reason, diagnosis, notes, daily_cost, total_cost, initial_deposit, created_at, updated_at, additional_payments, current_room_id, current_ward_type, current_room_number, lastPaymentDate, total_discount, lastDiscountDate, lastDiscountAmount, lastDiscountReason, lastPaymentAmount, last_payment_date, last_discount_date, last_discount_amount, last_discount_reason, last_payment_amount) VALUES ('665750cfe436b7dfebc417dd11ab6c6e', 'ADM-2025-119', '8cc3c42c2363dfe90ada2309036ca820', NULL, NULL, NULL, '2025-09-04', '2025-09-04', 'discharged', '', '', '', 1200, 0, 0, '2025-09-04 07:09:38', '2025-09-04T07:31:38.587Z', 0, NULL, 'Casualty', 'C-2', NULL, 0, NULL, 0, NULL, 0, NULL, NULL, 0, NULL, 0);
INSERT INTO admissions (id, admission_id, patient_id, doctor_id, room_number, ward_type, admission_date, discharge_date, status, reason, diagnosis, notes, daily_cost, total_cost, initial_deposit, created_at, updated_at, additional_payments, current_room_id, current_ward_type, current_room_number, lastPaymentDate, total_discount, lastDiscountDate, lastDiscountAmount, lastDiscountReason, lastPaymentAmount, last_payment_date, last_discount_date, last_discount_amount, last_discount_reason, last_payment_amount) VALUES ('81a9d094f8a2fe51286a0dae0b03fbd3', 'ADM-2025-120', '8cc3c42c2363dfe90ada2309036ca820', '8a5d3fa53165827b7afbadc2cdeaf97b', NULL, NULL, '2025-09-04', '2025-09-04', 'discharged', '', '', '', 1200, 0, 0, '2025-09-04 07:31:57', '2025-09-04T07:38:38.776Z', 0, NULL, 'Casualty', 'C-2', NULL, 0, NULL, 0, NULL, 0, NULL, NULL, 0, NULL, 0);
INSERT INTO admissions (id, admission_id, patient_id, doctor_id, room_number, ward_type, admission_date, discharge_date, status, reason, diagnosis, notes, daily_cost, total_cost, initial_deposit, created_at, updated_at, additional_payments, current_room_id, current_ward_type, current_room_number, lastPaymentDate, total_discount, lastDiscountDate, lastDiscountAmount, lastDiscountReason, lastPaymentAmount, last_payment_date, last_discount_date, last_discount_amount, last_discount_reason, last_payment_amount) VALUES ('3721510b6d6d655870b76ea2182d656d', 'ADM-2025-121', '8cc3c42c2363dfe90ada2309036ca820', NULL, NULL, NULL, '2025-09-04', NULL, 'admitted', '', '', '', 600, 0, 0, '2025-09-04 07:38:50', '2025-09-04 07:38:50', 0, NULL, 'General Ward', 'GW-03', NULL, 0, NULL, 0, NULL, 0, NULL, NULL, 0, NULL, 0);
INSERT INTO admissions (id, admission_id, patient_id, doctor_id, room_number, ward_type, admission_date, discharge_date, status, reason, diagnosis, notes, daily_cost, total_cost, initial_deposit, created_at, updated_at, additional_payments, current_room_id, current_ward_type, current_room_number, lastPaymentDate, total_discount, lastDiscountDate, lastDiscountAmount, lastDiscountReason, lastPaymentAmount, last_payment_date, last_discount_date, last_discount_amount, last_discount_reason, last_payment_amount) VALUES ('abb1756b0691896225f5577e8723bbf9', 'ADM-2025-122', '6ca2988d9bbc6d50cd9797f4ada416c6', NULL, NULL, NULL, '2025-09-04', '2025-09-04', 'discharged', '', '', '', 600, 0, 0, '2025-09-04 07:45:51', '2025-09-04T12:39:49.022Z', 0, NULL, 'General Ward', 'GW-05', NULL, 0, NULL, 0, NULL, 0, NULL, NULL, 0, NULL, 0);
INSERT INTO admissions (id, admission_id, patient_id, doctor_id, room_number, ward_type, admission_date, discharge_date, status, reason, diagnosis, notes, daily_cost, total_cost, initial_deposit, created_at, updated_at, additional_payments, current_room_id, current_ward_type, current_room_number, lastPaymentDate, total_discount, lastDiscountDate, lastDiscountAmount, lastDiscountReason, lastPaymentAmount, last_payment_date, last_discount_date, last_discount_amount, last_discount_reason, last_payment_amount) VALUES ('667762e352c9075c70ffd36792fa9770', 'ADM-2025-123', '6ca2988d9bbc6d50cd9797f4ada416c6', '9b25e50ddf70456e460eec7c08cbc98a', NULL, NULL, '2025-09-04', '2025-09-05', 'discharged', '', '', '', 1200, 0, 3000, '2025-09-04 12:40:01', '2025-09-05T08:14:28.584Z', 0, NULL, 'Casualty', 'C-2', NULL, 0, NULL, 0, NULL, 0, NULL, NULL, 0, NULL, 0);
INSERT INTO admissions (id, admission_id, patient_id, doctor_id, room_number, ward_type, admission_date, discharge_date, status, reason, diagnosis, notes, daily_cost, total_cost, initial_deposit, created_at, updated_at, additional_payments, current_room_id, current_ward_type, current_room_number, lastPaymentDate, total_discount, lastDiscountDate, lastDiscountAmount, lastDiscountReason, lastPaymentAmount, last_payment_date, last_discount_date, last_discount_amount, last_discount_reason, last_payment_amount) VALUES ('95ae2dab46dd15bc101fbe7efd6d89c3', 'ADM-2025-124', '6ca2988d9bbc6d50cd9797f4ada416c6', '9b25e50ddf70456e460eec7c08cbc98a', NULL, NULL, '2025-09-05', NULL, 'admitted', '', '', '', 600, 0, 1000, '2025-09-05 08:14:45', '2025-09-05 08:14:45', 0, NULL, 'General Ward', 'GW-09', NULL, 0, NULL, 0, NULL, 0, NULL, NULL, 0, NULL, 0);
INSERT INTO admissions (id, admission_id, patient_id, doctor_id, room_number, ward_type, admission_date, discharge_date, status, reason, diagnosis, notes, daily_cost, total_cost, initial_deposit, created_at, updated_at, additional_payments, current_room_id, current_ward_type, current_room_number, lastPaymentDate, total_discount, lastDiscountDate, lastDiscountAmount, lastDiscountReason, lastPaymentAmount, last_payment_date, last_discount_date, last_discount_amount, last_discount_reason, last_payment_amount) VALUES ('a07d2f1269bdc7a57124134b66ea0d9b', 'ADM-2025-125', 'b4659b4a53fc8e7810a67d3b2c6bd371', '9b25e50ddf70456e460eec7c08cbc98a', NULL, NULL, '2025-09-05', NULL, 'admitted', '', '', '', 1600, 0, 3500, '2025-09-05 08:16:58', '2025-09-05 08:16:58', 0, NULL, 'ICU', 'ICU-2', NULL, 0, NULL, 0, NULL, 0, NULL, NULL, 0, NULL, 0);

-- Table: admission_events
DELETE FROM admission_events;
INSERT INTO admission_events (id, admission_id, event_type, event_time, room_id, room_number, ward_type, notes, created_by, created_at, receipt_number) VALUES ('fd80b45172747d43a69e97764e7b1d7b', '0a2cfe6c00f7465c530cb1b317b720c7', 'admit', '2025-08-28T06:56:20.022Z', NULL, 'GW-05', 'General Ward', 'Patient admitted to General Ward - Room GW-05', NULL, '2025-08-28 06:56:20', NULL);
INSERT INTO admission_events (id, admission_id, event_type, event_time, room_id, room_number, ward_type, notes, created_by, created_at, receipt_number) VALUES ('38106f86291cbce04153ae22c2fec8e6', '0a2cfe6c00f7465c530cb1b317b720c7', 'room_change', '2025-08-28T06:56:49.786Z', NULL, 'ICU-2', 'ICU', 'Room transferred to ICU - Room ICU-2', 'admin-user-id', '2025-08-28 06:56:49', NULL);
INSERT INTO admission_events (id, admission_id, event_type, event_time, room_id, room_number, ward_type, notes, created_by, created_at, receipt_number) VALUES ('9f7ee70f5c80975e082a04ef45390b70', '0a2cfe6c00f7465c530cb1b317b720c7', 'discharge', '2025-08-28T06:57:00.139Z', NULL, NULL, NULL, 'Patient discharged', 'admin-user-id', '2025-08-28 06:57:00', NULL);
INSERT INTO admission_events (id, admission_id, event_type, event_time, room_id, room_number, ward_type, notes, created_by, created_at, receipt_number) VALUES ('485726b0dec94f6298739c6da414740a', '692e0d15f0223fa184f9d49929406bae', 'admit', '2025-08-28T06:58:43.284Z', NULL, 'NR-F-1', 'Nursing Room', 'Patient admitted to Nursing Room - Room NR-F-1', NULL, '2025-08-28 06:58:43', NULL);
INSERT INTO admission_events (id, admission_id, event_type, event_time, room_id, room_number, ward_type, notes, created_by, created_at, receipt_number) VALUES ('d39afc3dedc8188137d2669692a34a99', '692e0d15f0223fa184f9d49929406bae', 'room_change', '2025-08-28T07:00:34.729Z', NULL, 'PR-3', 'Private Room', 'Room transferred to Private Room - Room PR-3', 'admin-user-id', '2025-08-28 07:00:34', NULL);
INSERT INTO admission_events (id, admission_id, event_type, event_time, room_id, room_number, ward_type, notes, created_by, created_at, receipt_number) VALUES ('5795bf2e2e250bb36402f4a811921efd', '692e0d15f0223fa184f9d49929406bae', 'discharge', '2025-08-28T07:01:10.555Z', NULL, NULL, NULL, 'Patient discharged', 'admin-user-id', '2025-08-28 07:01:10', NULL);
INSERT INTO admission_events (id, admission_id, event_type, event_time, room_id, room_number, ward_type, notes, created_by, created_at, receipt_number) VALUES ('dd118a10fef1de2b1cd8837df3ecf4ab', '69b27cd3161cda3e7e59fd7b72156f64', 'admit', '2025-08-28T07:03:07.599Z', NULL, 'GW-09', 'General Ward', 'Patient admitted to General Ward - Room GW-09', NULL, '2025-08-28 07:03:07', NULL);
INSERT INTO admission_events (id, admission_id, event_type, event_time, room_id, room_number, ward_type, notes, created_by, created_at, receipt_number) VALUES ('e5f5d7d4f6d05f1563be7a47b9617005', '69b27cd3161cda3e7e59fd7b72156f64', 'room_change', '2025-08-28T07:04:02.954Z', NULL, 'C-2', 'Casualty', 'Room transferred to Casualty - Room C-2', 'admin-user-id', '2025-08-28 07:04:02', NULL);
INSERT INTO admission_events (id, admission_id, event_type, event_time, room_id, room_number, ward_type, notes, created_by, created_at, receipt_number) VALUES ('8c492154b0679344c99e62e19cf8dfb5', 'a9585e6bd4d913730f3db5c47b258864', 'admit', '2025-08-28T19:18:49.144Z', NULL, 'ICU-2', 'ICU', 'Patient admitted to ICU - Room ICU-2', NULL, '2025-08-28 19:18:49', NULL);
INSERT INTO admission_events (id, admission_id, event_type, event_time, room_id, room_number, ward_type, notes, created_by, created_at, receipt_number) VALUES ('869f56123928e290eec853c4ce76ea59', 'a9585e6bd4d913730f3db5c47b258864', 'discharge', '2025-08-28T19:22:28.204Z', NULL, NULL, NULL, 'Patient discharged', 'admin-user-id', '2025-08-28 19:22:28', NULL);
INSERT INTO admission_events (id, admission_id, event_type, event_time, room_id, room_number, ward_type, notes, created_by, created_at, receipt_number) VALUES ('eaca9b0c6e3cb9db7abae3f322ca49b6', '1e038c7a9986306e21ba4b061f0a379e', 'admit', '2025-08-28T19:27:42.396Z', NULL, 'GW-05', 'General Ward', 'Patient admitted to General Ward - Room GW-05', NULL, '2025-08-28 19:27:42', NULL);
INSERT INTO admission_events (id, admission_id, event_type, event_time, room_id, room_number, ward_type, notes, created_by, created_at, receipt_number) VALUES ('e14ebcc68afd885553ca9f5481897db5', '1e038c7a9986306e21ba4b061f0a379e', 'discharge', '2025-08-28T19:33:43.209Z', NULL, NULL, NULL, 'Patient discharged', 'admin-user-id', '2025-08-28 19:33:43', NULL);
INSERT INTO admission_events (id, admission_id, event_type, event_time, room_id, room_number, ward_type, notes, created_by, created_at, receipt_number) VALUES ('7694d45033d0ea2de6a26901d38159a7', '7820c07070e30dad48f562072c024cd3', 'admit', '2025-08-28T19:45:27.972Z', NULL, 'GW-05', 'General Ward', 'Patient admitted to General Ward - Room GW-05', NULL, '2025-08-28 19:45:27', NULL);
INSERT INTO admission_events (id, admission_id, event_type, event_time, room_id, room_number, ward_type, notes, created_by, created_at, receipt_number) VALUES ('f4c5b3b03c28cbed1076b2dd8a06129a', '7820c07070e30dad48f562072c024cd3', 'room_change', '2025-08-28T19:45:35.693Z', NULL, 'ICU-2', 'ICU', 'Room transferred to ICU - Room ICU-2', 'admin-user-id', '2025-08-28 19:45:35', NULL);
INSERT INTO admission_events (id, admission_id, event_type, event_time, room_id, room_number, ward_type, notes, created_by, created_at, receipt_number) VALUES ('54e79a13d86fcebf26e0f660f8dd6017', '7820c07070e30dad48f562072c024cd3', 'discharge', '2025-08-30T18:34:19.432Z', NULL, NULL, NULL, 'Patient discharged', 'admin-user-id', '2025-08-30 18:34:19', NULL);
INSERT INTO admission_events (id, admission_id, event_type, event_time, room_id, room_number, ward_type, notes, created_by, created_at, receipt_number) VALUES ('5b0c0d377f19375111f0e19bfb8ae47e', 'e95a3af6f5143c5b5ee9426a5f61ca26', 'admit', '2025-08-31T12:26:57.851Z', NULL, 'ICU-2', 'ICU', 'Patient admitted to ICU - Room ICU-2', NULL, '2025-08-31 12:26:57', NULL);
INSERT INTO admission_events (id, admission_id, event_type, event_time, room_id, room_number, ward_type, notes, created_by, created_at, receipt_number) VALUES ('2636ef02f13a1ddfc1729354607fc5f5', 'e95a3af6f5143c5b5ee9426a5f61ca26', 'discharge', '2025-08-31T12:28:10.723Z', NULL, NULL, NULL, 'Patient discharged', 'admin-user-id', '2025-08-31 12:28:10', NULL);
INSERT INTO admission_events (id, admission_id, event_type, event_time, room_id, room_number, ward_type, notes, created_by, created_at, receipt_number) VALUES ('57972a1fa81ffc7e91500400dc8ab871', '7490dceafa2bde9188e06b3ca59a53f6', 'admit', '2025-08-31T12:28:26.257Z', NULL, 'GW-05', 'General Ward', 'Patient admitted to General Ward - Room GW-05', NULL, '2025-08-31 12:28:26', NULL);
INSERT INTO admission_events (id, admission_id, event_type, event_time, room_id, room_number, ward_type, notes, created_by, created_at, receipt_number) VALUES ('5547e52ea50d3661b1107dc66cf4681d', '77eeae12cfe2bb1d1088e0b5b1434c07', 'admit', '2025-08-31T13:34:26.373Z', NULL, 'GW-10', 'General Ward', 'Patient admitted to General Ward - Room GW-10', NULL, '2025-08-31 13:34:26', NULL);
INSERT INTO admission_events (id, admission_id, event_type, event_time, room_id, room_number, ward_type, notes, created_by, created_at, receipt_number) VALUES ('be8e3a02d2ad57652322156edf6a4425', 'a918bff6cff244998a1445401b267abb', 'admit', '2025-08-31T14:21:03.954Z', NULL, 'ICU-2', 'ICU', 'Patient admitted to ICU - Room ICU-2', NULL, '2025-08-31 14:21:03', '250831-ADM-0004');
INSERT INTO admission_events (id, admission_id, event_type, event_time, room_id, room_number, ward_type, notes, created_by, created_at, receipt_number) VALUES ('c5fcf58e880303fb1fbfd7132dc2332b', '8a63b09829c47621f7fdb6a20fefb9a7', 'admit', '2025-08-31T14:22:02.667Z', NULL, 'GW-03', 'General Ward', 'Patient admitted to General Ward - Room GW-03', NULL, '2025-08-31 14:22:02', '250831-ADM-0005');
INSERT INTO admission_events (id, admission_id, event_type, event_time, room_id, room_number, ward_type, notes, created_by, created_at, receipt_number) VALUES ('0424fb181f3833eafa165a081c4153fc', '8a63b09829c47621f7fdb6a20fefb9a7', 'discharge', '2025-08-31T14:22:20.972Z', NULL, NULL, NULL, 'Patient discharged', 'admin-user-id', '2025-08-31 14:22:20', '250831-DIS-0002');
INSERT INTO admission_events (id, admission_id, event_type, event_time, room_id, room_number, ward_type, notes, created_by, created_at, receipt_number) VALUES ('91b8c4663fd1cab833544bd3d053c1e7', 'a918bff6cff244998a1445401b267abb', 'room_change', '2025-08-31T14:22:47.242Z', NULL, 'GW-07', 'General Ward', 'Room transferred to General Ward - Room GW-07', 'admin-user-id', '2025-08-31 14:22:47', '250831-RMC-0001');
INSERT INTO admission_events (id, admission_id, event_type, event_time, room_id, room_number, ward_type, notes, created_by, created_at, receipt_number) VALUES ('ffd6f5cfe0d2bc5b53e13d9c51853ff1', 'a918bff6cff244998a1445401b267abb', 'room_change', '2025-08-31T14:23:03.682Z', NULL, 'PR-5', 'Private Room', 'Room transferred to Private Room - Room PR-5', 'admin-user-id', '2025-08-31 14:23:03', '250831-RMC-0002');
INSERT INTO admission_events (id, admission_id, event_type, event_time, room_id, room_number, ward_type, notes, created_by, created_at, receipt_number) VALUES ('a3a4bcd27381484ce7b774f663cfd7e7', 'a918bff6cff244998a1445401b267abb', 'discharge', '2025-08-31T14:23:44.498Z', NULL, NULL, NULL, 'Patient discharged', 'admin-user-id', '2025-08-31 14:23:44', '250831-DIS-0003');
INSERT INTO admission_events (id, admission_id, event_type, event_time, room_id, room_number, ward_type, notes, created_by, created_at, receipt_number) VALUES ('373200e9e580c826f50cfcedba3b27ff', 'cb093f867f1fc782a9bb00483d94fe25', 'admit', '2025-08-31T17:16:07.107Z', NULL, 'GW-07', 'General Ward', 'Patient admitted to General Ward - Room GW-07', NULL, '2025-08-31 17:16:07', '250831-ADM-0006');
INSERT INTO admission_events (id, admission_id, event_type, event_time, room_id, room_number, ward_type, notes, created_by, created_at, receipt_number) VALUES ('02740670e4796183c7d1ff7729bf2048', 'cb093f867f1fc782a9bb00483d94fe25', 'discharge', '2025-08-31T17:16:10.032Z', NULL, NULL, NULL, 'Patient discharged', 'admin-user-id', '2025-08-31 17:16:10', '250831-DIS-0004');
INSERT INTO admission_events (id, admission_id, event_type, event_time, room_id, room_number, ward_type, notes, created_by, created_at, receipt_number) VALUES ('abfa28ee698091cdaf715c7dcf39dd5d', '38807e80819403f91f5d798268beb594', 'admit', '2025-09-02T08:14:13.769Z', NULL, 'ICU-2', 'ICU', 'Patient admitted to ICU - Room ICU-2', NULL, '2025-09-02 08:14:13', '250902-ADM-0001');
INSERT INTO admission_events (id, admission_id, event_type, event_time, room_id, room_number, ward_type, notes, created_by, created_at, receipt_number) VALUES ('1ff0d10cdf9e2b02a1ad83b4358f6dd1', 'd0b78def2c96cb79615aa4e8c5e39d33', 'admit', '2025-09-03T10:06:58.317Z', NULL, 'PR-3', 'Private Room', 'Patient admitted to Private Room - Room PR-3', NULL, '2025-09-03 10:06:58', '250903-ADM-0001');
INSERT INTO admission_events (id, admission_id, event_type, event_time, room_id, room_number, ward_type, notes, created_by, created_at, receipt_number) VALUES ('a2ca5cbd13dc69a22cc9e6368165874f', 'd0b78def2c96cb79615aa4e8c5e39d33', 'discharge', '2025-09-03T20:48:14.239Z', NULL, NULL, NULL, 'Patient discharged', 'admin-user-id', '2025-09-03 20:48:14', '250903-DIS-0001');
INSERT INTO admission_events (id, admission_id, event_type, event_time, room_id, room_number, ward_type, notes, created_by, created_at, receipt_number) VALUES ('788c38aefd589f62b0c23d6e887577a8', '38807e80819403f91f5d798268beb594', 'discharge', '2025-09-03T20:52:08.739Z', NULL, NULL, NULL, 'Patient discharged', 'admin-user-id', '2025-09-03 20:52:08', '250903-DIS-0002');
INSERT INTO admission_events (id, admission_id, event_type, event_time, room_id, room_number, ward_type, notes, created_by, created_at, receipt_number) VALUES ('01246302668945c27f281270b26f37e6', '77eeae12cfe2bb1d1088e0b5b1434c07', 'discharge', '2025-09-03T21:20:38.884Z', NULL, NULL, NULL, 'Patient discharged', 'admin-user-id', '2025-09-03 21:20:38', '250903-DIS-0003');
INSERT INTO admission_events (id, admission_id, event_type, event_time, room_id, room_number, ward_type, notes, created_by, created_at, receipt_number) VALUES ('af8637bdfd1a5397013351645c8ce0b6', '7490dceafa2bde9188e06b3ca59a53f6', 'discharge', '2025-09-03T21:23:19.214Z', NULL, NULL, NULL, 'Patient discharged', 'admin-user-id', '2025-09-03 21:23:19', '250903-DIS-0004');
INSERT INTO admission_events (id, admission_id, event_type, event_time, room_id, room_number, ward_type, notes, created_by, created_at, receipt_number) VALUES ('d3fa722a9077af003ba9e05bfd034f0a', '69b27cd3161cda3e7e59fd7b72156f64', 'discharge', '2025-09-03T21:29:54.201Z', NULL, NULL, NULL, 'Patient discharged', 'admin-user-id', '2025-09-03 21:29:54', '250903-DIS-0005');
INSERT INTO admission_events (id, admission_id, event_type, event_time, room_id, room_number, ward_type, notes, created_by, created_at, receipt_number) VALUES ('05761c136bd14c03849a69f22952a764', 'f4b2022e8cdd4f28129ee438a1efa14c', 'discharge', '2025-09-03T21:30:34.109Z', NULL, NULL, NULL, 'Patient discharged', 'admin-user-id', '2025-09-03 21:30:34', '250903-DIS-0006');
INSERT INTO admission_events (id, admission_id, event_type, event_time, room_id, room_number, ward_type, notes, created_by, created_at, receipt_number) VALUES ('701cb2ade36d1acd65f9a0cb9c2ae424', '37b4b2f2793723fbde0e01f67fb8dabc', 'discharge', '2025-09-03T21:31:06.048Z', NULL, NULL, NULL, 'Patient discharged', 'admin-user-id', '2025-09-03 21:31:06', '250903-DIS-0007');
INSERT INTO admission_events (id, admission_id, event_type, event_time, room_id, room_number, ward_type, notes, created_by, created_at, receipt_number) VALUES ('085fa7773fc9eb6d62da0a649a6a181d', '6a6d38d0dad4245dea5df21a1dd5e08c', 'discharge', '2025-09-03T21:31:29.996Z', NULL, NULL, NULL, 'Patient discharged', 'admin-user-id', '2025-09-03 21:31:30', '250903-DIS-0008');
INSERT INTO admission_events (id, admission_id, event_type, event_time, room_id, room_number, ward_type, notes, created_by, created_at, receipt_number) VALUES ('de00b415423d6900f718f89b9bfcab6f', '523c3e78dbbf0b6edf896b474de09e3c', 'admit', '2025-09-03T21:43:31.575Z', NULL, 'GW-01', 'General Ward', 'Patient admitted to General Ward - Room GW-01', NULL, '2025-09-03 21:43:31', '250903-ADM-0002');
INSERT INTO admission_events (id, admission_id, event_type, event_time, room_id, room_number, ward_type, notes, created_by, created_at, receipt_number) VALUES ('4c4a9ffe8ba7ba2eb0cc6ac194f06af7', '3b42a308a34040f2d7293754db5569ba', 'admit', '2025-09-03T21:44:53.511Z', NULL, 'GW-01', 'General Ward', 'Patient admitted to General Ward - Room GW-01', NULL, '2025-09-03 21:44:53', '250903-ADM-0003');
INSERT INTO admission_events (id, admission_id, event_type, event_time, room_id, room_number, ward_type, notes, created_by, created_at, receipt_number) VALUES ('d4776c44d7b149d400b1a9e2684f4d3c', '3b42a308a34040f2d7293754db5569ba', 'discharge', '2025-09-03T21:54:41.237Z', NULL, NULL, NULL, 'Patient discharged', 'admin-user-id', '2025-09-03 21:54:41', '250903-DIS-0009');
INSERT INTO admission_events (id, admission_id, event_type, event_time, room_id, room_number, ward_type, notes, created_by, created_at, receipt_number) VALUES ('2fe4c35349196c2359eb305de40c076c', 'dc143f537cf13df3548be6eccd764330', 'admit', '2025-09-04T00:58:17.825Z', NULL, 'GW-02', 'General Ward', 'Patient admitted to General Ward - Room GW-02', NULL, '2025-09-04 00:58:17', '250904-ADM-0001');
INSERT INTO admission_events (id, admission_id, event_type, event_time, room_id, room_number, ward_type, notes, created_by, created_at, receipt_number) VALUES ('01db2a0753fcfa44de54510433a294f2', 'f62b29a447b8c91e7cd66034d748f984', 'admit', '2025-09-04T05:41:48.986Z', NULL, 'ICU-2', 'ICU', 'Patient admitted to ICU - Room ICU-2', NULL, '2025-09-04 05:41:48', '250904-ADM-0002');
INSERT INTO admission_events (id, admission_id, event_type, event_time, room_id, room_number, ward_type, notes, created_by, created_at, receipt_number) VALUES ('3b3b90d32461d7ca1ad0f5624d22cd95', 'f62b29a447b8c91e7cd66034d748f984', 'discharge', '2025-09-04T06:00:37.782Z', NULL, NULL, NULL, 'Patient discharged', 'admin-user-id', '2025-09-04 06:00:37', '250904-DIS-0001');
INSERT INTO admission_events (id, admission_id, event_type, event_time, room_id, room_number, ward_type, notes, created_by, created_at, receipt_number) VALUES ('9d3602e2782f0acbe8b64a8c37d6dbd9', 'df7df43fea303f435271b9124bb30507', 'admit', '2025-09-04', NULL, 'C-2', 'Casualty', 'Patient admitted to Casualty - Room C-2', NULL, '2025-09-04 06:00:45', '250904-ADM-0003');
INSERT INTO admission_events (id, admission_id, event_type, event_time, room_id, room_number, ward_type, notes, created_by, created_at, receipt_number) VALUES ('7052cdeac744b60998bb696a37898c59', 'df7df43fea303f435271b9124bb30507', 'discharge', '2025-09-04T06:03:24.864Z', NULL, NULL, NULL, 'Patient discharged', 'admin-user-id', '2025-09-04 06:03:24', '250904-DIS-0002');
INSERT INTO admission_events (id, admission_id, event_type, event_time, room_id, room_number, ward_type, notes, created_by, created_at, receipt_number) VALUES ('2df9ac71ccd8a8ef67dbf925149aac0f', 'dc143f537cf13df3548be6eccd764330', 'discharge', '2025-09-04T06:03:36.776Z', NULL, NULL, NULL, 'Patient discharged', 'admin-user-id', '2025-09-04 06:03:36', '250904-DIS-0003');
INSERT INTO admission_events (id, admission_id, event_type, event_time, room_id, room_number, ward_type, notes, created_by, created_at, receipt_number) VALUES ('aeaf9f6a59fe5d430a64b8ce416850c3', '523c3e78dbbf0b6edf896b474de09e3c', 'discharge', '2025-09-04T06:04:20.885Z', NULL, NULL, NULL, 'Patient discharged', 'admin-user-id', '2025-09-04 06:04:20', '250904-DIS-0004');
INSERT INTO admission_events (id, admission_id, event_type, event_time, room_id, room_number, ward_type, notes, created_by, created_at, receipt_number) VALUES ('24b177152100a6e80f0408b6a78ea1e7', '05726ee82655ee186ba2200629b0082b', 'admit', '2025-09-04', NULL, 'C-1', 'Casualty', 'Patient admitted to Casualty - Room C-1', NULL, '2025-09-04 06:04:42', '250904-ADM-0004');
INSERT INTO admission_events (id, admission_id, event_type, event_time, room_id, room_number, ward_type, notes, created_by, created_at, receipt_number) VALUES ('1b2665f7643938a2b8ff4ea1506ccabe', '05726ee82655ee186ba2200629b0082b', 'discharge', '2025-09-04T06:13:37.484Z', NULL, NULL, NULL, 'Patient discharged', 'admin-user-id', '2025-09-04 06:13:37', '250904-DIS-0005');
INSERT INTO admission_events (id, admission_id, event_type, event_time, room_id, room_number, ward_type, notes, created_by, created_at, receipt_number) VALUES ('93886afbde04831df8fd1d41544cb2fd', 'c0e293df7cc2bdfcaeeb81bebdbbba29', 'admit', '2025-09-04', NULL, 'C-2', 'Casualty', 'Patient admitted to Casualty - Room C-2', NULL, '2025-09-04 06:14:42', '250904-ADM-0005');
INSERT INTO admission_events (id, admission_id, event_type, event_time, room_id, room_number, ward_type, notes, created_by, created_at, receipt_number) VALUES ('7d1ff22d44613ccd12955a8d386ed868', 'c0e293df7cc2bdfcaeeb81bebdbbba29', 'discharge', '2025-09-04T06:35:20.225Z', NULL, NULL, NULL, 'Patient discharged', 'admin-user-id', '2025-09-04 06:35:20', '250904-DIS-0006');
INSERT INTO admission_events (id, admission_id, event_type, event_time, room_id, room_number, ward_type, notes, created_by, created_at, receipt_number) VALUES ('70943f5d11acc5894d24bbb209016bfb', '4546f46dcd94a9b471b3afc18700a47e', 'admit', '2025-09-04', NULL, 'ICU-2', 'ICU', 'Patient admitted to ICU - Room ICU-2', NULL, '2025-09-04 06:36:11', '250904-ADM-0006');
INSERT INTO admission_events (id, admission_id, event_type, event_time, room_id, room_number, ward_type, notes, created_by, created_at, receipt_number) VALUES ('90dd10d90308e4ab9ea97511c0f0b7fc', '4546f46dcd94a9b471b3afc18700a47e', 'discharge', '2025-09-04T06:48:51.500Z', NULL, NULL, NULL, 'Patient discharged', 'admin-user-id', '2025-09-04 06:48:51', '250904-DIS-0007');
INSERT INTO admission_events (id, admission_id, event_type, event_time, room_id, room_number, ward_type, notes, created_by, created_at, receipt_number) VALUES ('c9ef0a0950d3642f6b4253bcd3c60074', '5616433ceff14278a31488bb7381c517', 'admit', '2025-09-04', NULL, 'ICU-2', 'ICU', 'Patient admitted to ICU - Room ICU-2', NULL, '2025-09-04 06:49:14', '250904-ADM-0007');
INSERT INTO admission_events (id, admission_id, event_type, event_time, room_id, room_number, ward_type, notes, created_by, created_at, receipt_number) VALUES ('3642a2972cbe7a7d6ffc6f0ff2e30222', '5616433ceff14278a31488bb7381c517', 'discharge', '2025-09-04T06:49:28.610Z', NULL, NULL, NULL, 'Patient discharged', 'admin-user-id', '2025-09-04 06:49:28', '250904-DIS-0008');
INSERT INTO admission_events (id, admission_id, event_type, event_time, room_id, room_number, ward_type, notes, created_by, created_at, receipt_number) VALUES ('64b837e1800335df2a35dcc9b81705bd', '665750cfe436b7dfebc417dd11ab6c6e', 'admit', '2025-09-04', NULL, 'C-2', 'Casualty', 'Patient admitted to Casualty - Room C-2', NULL, '2025-09-04 07:09:38', '250904-ADM-0008');
INSERT INTO admission_events (id, admission_id, event_type, event_time, room_id, room_number, ward_type, notes, created_by, created_at, receipt_number) VALUES ('400dbfce1bfa5e817d6aee344c584387', '665750cfe436b7dfebc417dd11ab6c6e', 'discharge', '2025-09-04T07:31:38.588Z', NULL, NULL, NULL, 'Patient discharged', 'admin-user-id', '2025-09-04 07:31:38', '250904-DIS-0009');
INSERT INTO admission_events (id, admission_id, event_type, event_time, room_id, room_number, ward_type, notes, created_by, created_at, receipt_number) VALUES ('d724505d4b0c4be87b044b0eab5f72f7', '81a9d094f8a2fe51286a0dae0b03fbd3', 'admit', '2025-09-04', NULL, 'C-2', 'Casualty', 'Patient admitted to Casualty - Room C-2', NULL, '2025-09-04 07:31:57', '250904-ADM-0009');
INSERT INTO admission_events (id, admission_id, event_type, event_time, room_id, room_number, ward_type, notes, created_by, created_at, receipt_number) VALUES ('6409080f26ad31cc6685a4eba0308992', '81a9d094f8a2fe51286a0dae0b03fbd3', 'discharge', '2025-09-04T07:38:38.777Z', NULL, NULL, NULL, 'Patient discharged', 'admin-user-id', '2025-09-04 07:38:38', '250904-DIS-0010');
INSERT INTO admission_events (id, admission_id, event_type, event_time, room_id, room_number, ward_type, notes, created_by, created_at, receipt_number) VALUES ('98a602d4da5d898128f87a6a8d53131e', '3721510b6d6d655870b76ea2182d656d', 'admit', '2025-09-04', NULL, 'GW-03', 'General Ward', 'Patient admitted to General Ward - Room GW-03', NULL, '2025-09-04 07:38:50', '250904-ADM-0010');
INSERT INTO admission_events (id, admission_id, event_type, event_time, room_id, room_number, ward_type, notes, created_by, created_at, receipt_number) VALUES ('a84a0841b1559ef5868ea55593ca2b02', 'abb1756b0691896225f5577e8723bbf9', 'admit', '2025-09-04', NULL, 'GW-05', 'General Ward', 'Patient admitted to General Ward - Room GW-05', NULL, '2025-09-04 07:45:51', '250904-ADM-0011');
INSERT INTO admission_events (id, admission_id, event_type, event_time, room_id, room_number, ward_type, notes, created_by, created_at, receipt_number) VALUES ('4e27ec8f12aa593ffdb5c53b0ff7dd60', 'abb1756b0691896225f5577e8723bbf9', 'discharge', '2025-09-04T12:39:49.024Z', NULL, NULL, NULL, 'Patient discharged', 'admin-user-id', '2025-09-04 12:39:49', '250904-DIS-0011');
INSERT INTO admission_events (id, admission_id, event_type, event_time, room_id, room_number, ward_type, notes, created_by, created_at, receipt_number) VALUES ('108e757722c63f3863a2e1de23e1ba9f', '667762e352c9075c70ffd36792fa9770', 'admit', '2025-09-04', NULL, 'C-2', 'Casualty', 'Patient admitted to Casualty - Room C-2', NULL, '2025-09-04 12:40:01', '250904-ADM-0012');
INSERT INTO admission_events (id, admission_id, event_type, event_time, room_id, room_number, ward_type, notes, created_by, created_at, receipt_number) VALUES ('6ee43016a5a290279a46ed5d96ed60fa', '667762e352c9075c70ffd36792fa9770', 'discharge', '2025-09-05T08:14:28.587Z', NULL, NULL, NULL, 'Patient discharged', NULL, '2025-09-05 08:14:28', '250905-DIS-0001');
INSERT INTO admission_events (id, admission_id, event_type, event_time, room_id, room_number, ward_type, notes, created_by, created_at, receipt_number) VALUES ('f4f7556f0c7642eab5dda97f40bf5676', '95ae2dab46dd15bc101fbe7efd6d89c3', 'admit', '2025-09-05', NULL, 'GW-09', 'General Ward', 'Patient admitted to General Ward - Room GW-09', NULL, '2025-09-05 08:14:45', '250905-ADM-0001');
INSERT INTO admission_events (id, admission_id, event_type, event_time, room_id, room_number, ward_type, notes, created_by, created_at, receipt_number) VALUES ('19423b1884a35fd2014031410fe54250', 'a07d2f1269bdc7a57124134b66ea0d9b', 'admit', '2025-09-05', NULL, 'ICU-2', 'ICU', 'Patient admitted to ICU - Room ICU-2', NULL, '2025-09-05 08:16:58', '250905-ADM-0002');

-- Table: hospital_settings
DELETE FROM hospital_settings;
INSERT INTO hospital_settings (id, name, address, phone, email, logo_path, created_at, updated_at, registration_number) VALUES ('default', 'MedCare Pro Hospital', '123 Healthcare Street, Medical District, City - 123456', '+91 98765 43210', 'info@medcarepro.com', NULL, '2025-09-06T10:33:56.309Z', '2025-09-06T10:33:56.309Z', NULL);

-- Table: system_settings
DELETE FROM system_settings;
INSERT INTO system_settings (id, email_notifications, sms_notifications, auto_backup, audit_logging, backup_frequency, backup_time, last_backup_date, backup_retention_days, created_at, updated_at) VALUES ('orgjewtiyzpmf7dtqbb', 0, 0, 1, 1, 'daily', '02:00', NULL, 30, '2025-09-05T22:03:50.519Z', '2025-09-05T22:19:25.201Z');

-- Table: room_types
DELETE FROM room_types;
INSERT INTO room_types (id, name, category, daily_cost, description, is_active, created_at, updated_at, total_beds, occupied_beds) VALUES ('f5eb5a2a579f8ee70ec537b59401d6c9', 'General Ward', 'ward', 600, '', 1, '2025-08-23 11:07:47', '2025-09-05T08:14:45.667Z', 14, 14);
INSERT INTO room_types (id, name, category, daily_cost, description, is_active, created_at, updated_at, total_beds, occupied_beds) VALUES ('1919a5570331e8e341cd5561dad8bc8a', 'ICU', 'icu', 1600, NULL, 1, '2025-08-24 19:20:48', '2025-09-05T08:16:58.878Z', 3, 5);
INSERT INTO room_types (id, name, category, daily_cost, description, is_active, created_at, updated_at, total_beds, occupied_beds) VALUES ('4c38f225877bd827d6942184e950c2cf', 'Casualty', 'emergency', 1200, NULL, 1, '2025-08-24 19:21:57', '2025-09-05T08:14:28.588Z', 2, 2);
INSERT INTO room_types (id, name, category, daily_cost, description, is_active, created_at, updated_at, total_beds, occupied_beds) VALUES ('1032c0814cce9ebe4e3f92a54db6578f', 'AC Room', 'room', 2000, NULL, 1, '2025-08-24 19:23:31', '2025-08-24 19:23:31', 4, 0);
INSERT INTO room_types (id, name, category, daily_cost, description, is_active, created_at, updated_at, total_beds, occupied_beds) VALUES ('5ea3aebed6198d18fcb354a4f680fd57', 'Nursing Room', 'ward', 800, NULL, 1, '2025-08-24 19:24:33', '2025-08-28T06:58:43.287Z', 4, 4);
INSERT INTO room_types (id, name, category, daily_cost, description, is_active, created_at, updated_at, total_beds, occupied_beds) VALUES ('267a5eb438659fb34a0a6c2b45c86714', 'Private Room', 'room', 1400, NULL, 1, '2025-08-24 19:24:58', '2025-09-03T20:48:14.249Z', 5, 0);

-- Table: rooms
DELETE FROM rooms;
INSERT INTO rooms (id, room_number, room_type_id, floor, building, capacity, is_occupied, is_active, notes, created_at, updated_at) VALUES ('ac6c6c1f0810bdd625318e66c9f89ac0', 'PR-1', '267a5eb438659fb34a0a6c2b45c86714', '', '', 1, 0, 1, '', '2025-08-24 19:38:12', '2025-08-24 19:38:12');
INSERT INTO rooms (id, room_number, room_type_id, floor, building, capacity, is_occupied, is_active, notes, created_at, updated_at) VALUES ('4c4aa66e56f8a582b05fbdb3de0cff4a', 'ICU-1', '1919a5570331e8e341cd5561dad8bc8a', '', '', 1, 0, 1, '', '2025-08-24 19:56:35', '2025-08-24 19:56:35');
INSERT INTO rooms (id, room_number, room_type_id, floor, building, capacity, is_occupied, is_active, notes, created_at, updated_at) VALUES ('654cd8c075cbe3688849d8e0e076453e', 'AC-PR-1', '1032c0814cce9ebe4e3f92a54db6578f', '', '', 1, 0, 1, '', '2025-08-24 20:39:14', '2025-08-24 20:39:14');
INSERT INTO rooms (id, room_number, room_type_id, floor, building, capacity, is_occupied, is_active, notes, created_at, updated_at) VALUES ('f9b02d7b006ace1c271874a784199f79', 'AC-PR-2', '1032c0814cce9ebe4e3f92a54db6578f', '', '', 1, 0, 1, '', '2025-08-24 20:39:19', '2025-08-24 20:39:19');
INSERT INTO rooms (id, room_number, room_type_id, floor, building, capacity, is_occupied, is_active, notes, created_at, updated_at) VALUES ('93aad9ef9784a581ad4c6a5f734672ef', 'AC-PR-3', '1032c0814cce9ebe4e3f92a54db6578f', '', '', 1, 0, 1, '', '2025-08-24 20:39:25', '2025-08-24 20:39:25');
INSERT INTO rooms (id, room_number, room_type_id, floor, building, capacity, is_occupied, is_active, notes, created_at, updated_at) VALUES ('8149c4b2d578474b07c52b2aa5c9751b', 'AC-PR-4', '1032c0814cce9ebe4e3f92a54db6578f', '', '', 1, 0, 1, '', '2025-08-24 20:39:31', '2025-08-24 20:39:31');
INSERT INTO rooms (id, room_number, room_type_id, floor, building, capacity, is_occupied, is_active, notes, created_at, updated_at) VALUES ('864a513986193554da6f64f9422e0324', 'PR-2', '267a5eb438659fb34a0a6c2b45c86714', '', '', 1, 0, 1, '', '2025-08-24 20:39:38', '2025-08-24 20:39:38');
INSERT INTO rooms (id, room_number, room_type_id, floor, building, capacity, is_occupied, is_active, notes, created_at, updated_at) VALUES ('bcb34cc99c4c3ba6415bc7c4cab2a516', 'PR-3', '267a5eb438659fb34a0a6c2b45c86714', '', '', 1, 0, 1, '', '2025-08-24 20:39:48', '2025-08-24 20:39:48');
INSERT INTO rooms (id, room_number, room_type_id, floor, building, capacity, is_occupied, is_active, notes, created_at, updated_at) VALUES ('a7f3bce32344ac87ab1f79feefada487', 'PR-4', '267a5eb438659fb34a0a6c2b45c86714', '', '', 1, 0, 1, '', '2025-08-24 20:39:54', '2025-08-24 20:39:54');
INSERT INTO rooms (id, room_number, room_type_id, floor, building, capacity, is_occupied, is_active, notes, created_at, updated_at) VALUES ('dc3516b4306cd1c430843450a2e7a4d9', 'PR-5', '267a5eb438659fb34a0a6c2b45c86714', '', '', 1, 0, 1, '', '2025-08-24 20:39:59', '2025-08-24 20:39:59');
INSERT INTO rooms (id, room_number, room_type_id, floor, building, capacity, is_occupied, is_active, notes, created_at, updated_at) VALUES ('210ad46019bf1d8a1e27ce487c130aa3', 'NR-B-1', '5ea3aebed6198d18fcb354a4f680fd57', '', '', 1, 0, 1, '', '2025-08-24 20:40:23', '2025-08-24 20:40:23');
INSERT INTO rooms (id, room_number, room_type_id, floor, building, capacity, is_occupied, is_active, notes, created_at, updated_at) VALUES ('20feb7b78feb678587be219e4e9820df', 'NR-B-2', '5ea3aebed6198d18fcb354a4f680fd57', '', '', 1, 0, 1, '', '2025-08-24 20:40:31', '2025-08-24 20:40:31');
INSERT INTO rooms (id, room_number, room_type_id, floor, building, capacity, is_occupied, is_active, notes, created_at, updated_at) VALUES ('1d8871cbfbd397aabf95916756c8f48d', 'NR-F-1', '5ea3aebed6198d18fcb354a4f680fd57', '', '', 1, 0, 1, '', '2025-08-24 20:40:38', '2025-08-24 20:40:38');
INSERT INTO rooms (id, room_number, room_type_id, floor, building, capacity, is_occupied, is_active, notes, created_at, updated_at) VALUES ('8951dc972f20c5b4c9c1b179b9d525bc', 'NR-F-2', '5ea3aebed6198d18fcb354a4f680fd57', '', '', 1, 0, 1, '', '2025-08-24 20:40:45', '2025-08-24 20:40:45');
INSERT INTO rooms (id, room_number, room_type_id, floor, building, capacity, is_occupied, is_active, notes, created_at, updated_at) VALUES ('54efc6270dcc86e7ea464e2a0f93aa2a', 'ICU-2', '1919a5570331e8e341cd5561dad8bc8a', '', '', 1, 0, 1, '', '2025-08-24 20:40:51', '2025-08-24 20:40:51');
INSERT INTO rooms (id, room_number, room_type_id, floor, building, capacity, is_occupied, is_active, notes, created_at, updated_at) VALUES ('444d269d36b4e9b4437d23b39615f3f5', 'ICU-3', '1919a5570331e8e341cd5561dad8bc8a', '', '', 1, 0, 1, '', '2025-08-24 20:40:56', '2025-08-24 20:40:56');
INSERT INTO rooms (id, room_number, room_type_id, floor, building, capacity, is_occupied, is_active, notes, created_at, updated_at) VALUES ('9d4f5e90d9ae425749865c55d5063e42', 'GW-10', 'f5eb5a2a579f8ee70ec537b59401d6c9', '', '', 1, 0, 1, '', '2025-08-24 20:41:56', '2025-08-24 20:41:56');
INSERT INTO rooms (id, room_number, room_type_id, floor, building, capacity, is_occupied, is_active, notes, created_at, updated_at) VALUES ('b0650b6816528bb40e9dcc2154734c23', 'GW-11', 'f5eb5a2a579f8ee70ec537b59401d6c9', '', '', 1, 0, 1, '', '2025-08-24 20:42:04', '2025-08-24 20:42:04');
INSERT INTO rooms (id, room_number, room_type_id, floor, building, capacity, is_occupied, is_active, notes, created_at, updated_at) VALUES ('4d71d6459aefe324947df257e9efad66', 'GW-12', 'f5eb5a2a579f8ee70ec537b59401d6c9', '', '', 1, 0, 1, '', '2025-08-24 20:42:15', '2025-08-24 20:42:15');
INSERT INTO rooms (id, room_number, room_type_id, floor, building, capacity, is_occupied, is_active, notes, created_at, updated_at) VALUES ('e61d4cb31cadad5875703bd34b2d8c13', 'GW-13', 'f5eb5a2a579f8ee70ec537b59401d6c9', '', '', 1, 0, 1, '', '2025-08-24 20:42:28', '2025-08-24 20:42:28');
INSERT INTO rooms (id, room_number, room_type_id, floor, building, capacity, is_occupied, is_active, notes, created_at, updated_at) VALUES ('3524e33c17218f8e1426532c74eca384', 'GW-14', 'f5eb5a2a579f8ee70ec537b59401d6c9', '', '', 1, 0, 1, '', '2025-08-24 20:42:32', '2025-08-24 20:42:32');
INSERT INTO rooms (id, room_number, room_type_id, floor, building, capacity, is_occupied, is_active, notes, created_at, updated_at) VALUES ('7f93747e1457995a5c7f26b6ad35e761', 'GW-15', 'f5eb5a2a579f8ee70ec537b59401d6c9', '', '', 1, 0, 1, '', '2025-08-24 20:42:36', '2025-08-24 20:42:36');
INSERT INTO rooms (id, room_number, room_type_id, floor, building, capacity, is_occupied, is_active, notes, created_at, updated_at) VALUES ('112e1d94504e71a4d673d946e0441a39', 'GW-16', 'f5eb5a2a579f8ee70ec537b59401d6c9', '', '', 1, 0, 1, '', '2025-08-24 20:42:40', '2025-08-24 20:42:40');
INSERT INTO rooms (id, room_number, room_type_id, floor, building, capacity, is_occupied, is_active, notes, created_at, updated_at) VALUES ('947e6d0bf439ac5aa67573f231ca8da6', 'GW-01', 'f5eb5a2a579f8ee70ec537b59401d6c9', '', '', 1, 0, 1, '', '2025-08-24 20:43:10', '2025-08-24 20:43:10');
INSERT INTO rooms (id, room_number, room_type_id, floor, building, capacity, is_occupied, is_active, notes, created_at, updated_at) VALUES ('2df7930116eb23e17a60109228e03765', 'GW-02', 'f5eb5a2a579f8ee70ec537b59401d6c9', '', '', 1, 0, 1, '', '2025-08-24 20:43:15', '2025-08-24 20:43:15');
INSERT INTO rooms (id, room_number, room_type_id, floor, building, capacity, is_occupied, is_active, notes, created_at, updated_at) VALUES ('2432deda8c9659d70cdf76149c6ce164', 'GW-03', 'f5eb5a2a579f8ee70ec537b59401d6c9', '', '', 1, 0, 1, '', '2025-08-24 20:43:20', '2025-08-24 20:43:20');
INSERT INTO rooms (id, room_number, room_type_id, floor, building, capacity, is_occupied, is_active, notes, created_at, updated_at) VALUES ('ace2985fcc6101ed4e26ab937d7fe976', 'GW-04', 'f5eb5a2a579f8ee70ec537b59401d6c9', '', '', 1, 0, 1, '', '2025-08-24 20:43:24', '2025-08-24 20:43:24');
INSERT INTO rooms (id, room_number, room_type_id, floor, building, capacity, is_occupied, is_active, notes, created_at, updated_at) VALUES ('ede600da1cf68385a0ce7c36e0549b9f', 'GW-05', 'f5eb5a2a579f8ee70ec537b59401d6c9', '', '', 1, 0, 1, '', '2025-08-24 20:43:30', '2025-08-24 20:43:30');
INSERT INTO rooms (id, room_number, room_type_id, floor, building, capacity, is_occupied, is_active, notes, created_at, updated_at) VALUES ('377bb2490a395acc30433a923e8a0782', 'GW-06', 'f5eb5a2a579f8ee70ec537b59401d6c9', '', '', 1, 0, 1, '', '2025-08-24 20:43:35', '2025-08-24 20:43:35');
INSERT INTO rooms (id, room_number, room_type_id, floor, building, capacity, is_occupied, is_active, notes, created_at, updated_at) VALUES ('b29292f7e97b1f494fba045644b972fb', 'GW-07', 'f5eb5a2a579f8ee70ec537b59401d6c9', '', '', 1, 0, 1, '', '2025-08-24 20:43:41', '2025-08-24 20:43:41');
INSERT INTO rooms (id, room_number, room_type_id, floor, building, capacity, is_occupied, is_active, notes, created_at, updated_at) VALUES ('70d2e2cdb94d7312dcd8cf14a8be815f', 'GW-08', 'f5eb5a2a579f8ee70ec537b59401d6c9', '', '', 1, 0, 1, '', '2025-08-24 20:43:47', '2025-08-24 20:43:47');
INSERT INTO rooms (id, room_number, room_type_id, floor, building, capacity, is_occupied, is_active, notes, created_at, updated_at) VALUES ('c4f82674c51e1eea6c3a525b3f8afc21', 'GW-09', 'f5eb5a2a579f8ee70ec537b59401d6c9', '', '', 1, 0, 1, '', '2025-08-24 20:43:54', '2025-08-24 20:43:54');
INSERT INTO rooms (id, room_number, room_type_id, floor, building, capacity, is_occupied, is_active, notes, created_at, updated_at) VALUES ('f4386cb0dc2a1e5217e3551ca0c98cfe', 'C-1', '4c38f225877bd827d6942184e950c2cf', '', '', 1, 0, 1, '', '2025-08-24 20:44:09', '2025-08-24 20:44:09');
INSERT INTO rooms (id, room_number, room_type_id, floor, building, capacity, is_occupied, is_active, notes, created_at, updated_at) VALUES ('429b68d4a253bd710f23488b14899596', 'C-2', '4c38f225877bd827d6942184e950c2cf', '', '', 1, 0, 1, '', '2025-08-24 20:44:14', '2025-08-24 20:44:14');

